desa_id,kec_id,nama_kelurahan_desa,jenis,created_at,updated_at
1101012001,110101,Keude Bakongan,,,
1101012002,110101,Ujong Mangki,,,
1101012003,110101,Ujong Padang,,,
1101012004,110101,Gampong Drien,,,
1101012015,110101,Darul Ikhsan,,,
1101012016,110101,Padang Beurahan,,,
1101012017,110101,Gampong Baro,,,
1101022001,110102,Fajar Harapan,,,
1101022002,110102,Krueng Batee,,,
1101022003,110102,Pasi Kuala Asahan,,,
1101022004,110102,Gunung Pulo,,,
1101022005,110102,Pulo Ie I,,,
1101022006,110102,Jambo Manyang,,,
1101022007,110102,Simpang Empat,,,
1101022008,110102,Limau Purut,,,
1101022009,110102,Pulo Kambing,,,
1101022010,110102,Kampung Paya,,,
1101022011,110102,Krueng Batu,,,
1101022012,110102,Krueng Kluet,,,
1101022013,110102,Alur Mas,,,
1101022014,110102,Kampung Tinggi,,,
1101022015,110102,Ruak,,,
1101022016,110102,Simpang Lhee,,,
1101022017,110102,Suaq Geuringgeng,,,
1101022018,110102,Pasi Kuala Ba'u,,,
1101022019,110102,Kedai Padang,,,
1101022020,110102,Kotafajar,,,
1101022021,110102,Gunung Pudung,,,
1101032001,110103,Suaq Bakung,,,
1101032002,110103,Rantau Binuang,,,
1101032003,110103,Barat Daya,,,
1101032004,110103,Sialang,,,
1101032005,110103,Kapeh,,,
1101032006,110103,Pulo Ie,,,
1101032007,110103,Kedai Runding,,,
1101032008,110103,Kedai Kandang,,,
1101032009,110103,Gampong Luar,,,
1101032010,110103,Ujung,,,
1101032011,110103,Jua,,,
1101032012,110103,Pasi Meurapat,,,
1101032013,110103,Ujung Pasir,,,
1101032014,110103,Geulumbuk,,,
1101032015,110103,Pasie Lembang,,,
1101032016,110103,Ujung Padang,,,
1101032017,110103,Indra Damai,,,
1101042001,110104,Bakau Hulu,,,
1101042002,110104,Padang Bakau,,,
1101042003,110104,Manggis Harapan,,,
1101042004,110104,Pasar Lama,,,
1101042005,110104,Apha,,,
1101042006,110104,Ujung Batu,,,
1101042007,110104,Pawoh,,,
1101042008,110104,Dalam,,,
1101042009,110104,Kota Palak,,,
1101042010,110104,Cacang,,,
1101042011,110104,Tengah Pisang,,,
1101042012,110104,Pisang,,,
1101042013,110104,Hulu Pisang,,,
1101042014,110104,Tengah Baru,,,
1101042015,110104,Lembah Baru,,,
1101042016,110104,Padang Baru,,,
1101052001,110105,Kuta Buloh II,,,
1101052002,110105,Kuta Buloh I,,,
1101052003,110105,Ie Dingen,,,
1101052004,110105,Drien Jalo,,,
1101052005,110105,Jambo Papeun,,,
1101052006,110105,Buket Meuh,,,
1101052007,110105,Blang Kuala,,,
1101052008,110105,Rot Teungoh,,,
1101052009,110105,Alue Baro,,,
1101052010,110105,Ladang Tuha,,,
1101052011,110105,Lhok Mamplam,,,
1101052012,110105,Arun Tunggai,,,
1101052013,110105,Blang Teungoh,,,
1101052014,110105,Blang Bladeh,,,
1101052015,110105,Ie Buboh,,,
1101052016,110105,Keude Meukek,,,
1101052017,110105,Kuta Baro,,,
1101052018,110105,Tanjung Harapan,,,
1101052019,110105,Labuhan Tarok,,,
1101052020,110105,Lhok Aman,,,
1101052021,110105,Alue Meutuah,,,
1101052022,110105,Ladang Baro,,,
1101052023,110105,Labuhan Tarok II,,,
1101062001,110106,Dalam,,,
1101062002,110106,Subarang,,,
1101062003,110106,Kuta Baru,,,
1101062004,110106,Gunung Ketek,,,
1101062005,110106,Ladang Panton Luas,,,
1101062006,110106,Madat,,,
1101062007,110106,Alur Seumerah,,,
1101062008,110106,Tengah,,,
1101062009,110106,Gunung Cut,,,
1101062010,110106,Alur Pinang,,,
1101062011,110106,Kuta Blang,,,
1101062012,110106,Batee Tunggai,,,
1101062013,110106,Ujung Tanah,,,
1101062014,110106,Ujung Kampung,,,
1101062015,110106,Jilatang,,,
1101062016,110106,Luar,,,
1101062017,110106,Lubuk Layu,,,
1101062018,110106,Suaq Hulu,,,
1101062019,110106,Tampang,,,
1101062020,110106,Payonan Gadang,,,
1101062021,110106,Gadang,,,
1101062022,110106,Baru,,,
1101062023,110106,Ladang Kasik Putih,,,
1101062024,110106,Air Sialang Hilir.,,,
1101062025,110106,Air Sialang Hulu,,,
1101062026,110106,Air Sialang Tengah,,,
1101062027,110106,Balai,,,
1101062028,110106,Arafah,,,
1101072001,110107,Sikulat,,,
1101072002,110107,Sawang I,,,
1101072003,110107,Meuligo,,,
1101072004,110107,Lhok Pawoh,,,
1101072005,110107,Sawang II,,,
1101072006,110107,Ujung Karang,,,
1101072007,110107,Trieng Meuduro Baroh,,,
1101072008,110107,Trieng Meuduro Tunong,,,
1101072009,110107,Panton Luas,,,
1101072010,110107,Simpang Tiga,,,
1101072011,110107,Kuta Baro,,,
1101072012,110107,Blang Geulinggang,,,
1101072013,110107,Mutiara,,,
1101072014,110107,Ujung Padang,,,
1101072015,110107,Sawang Ba'u,,,
1101082001,110108,Lhok Keutapang,,,
1101082002,110108,Hilir,,,
1101082003,110108,Padang,,,
1101082004,110108,Hulu,,,
1101082005,110108,Jambo Apha,,,
1101082006,110108,Tepi Air,,,
1101082007,110108,Pasar,,,
1101082008,110108,Lhok Bengkuang,,,
1101082009,110108,Panton Luas,,,
1101082010,110108,Gunung Kerambil,,,
1101082011,110108,Air Berudang,,,
1101082012,110108,Batu Itam,,,
1101082013,110108,Panjupian,,,
1101082014,110108,Lhok Rukam,,,
1101082015,110108,Air Pinang,,,
1101082016,110108,Lhok Bengkuang Timur,,,
1101092001,110109,Keude Trumon,,,
1101092002,110109,Ujong Tanoh,,,
1101092003,110109,Sigleng,,,
1101092004,110109,Ie Meudama,,,
1101092005,110109,Teupin Tinggi,,,
1101092006,110109,Kuta Baro,,,
1101092007,110109,Panton Bilie,,,
1101092012,110109,Kuta Padang,,,
1101092013,110109,Raket,,,
1101092014,110109,Gampong Teungoh,,,
1101092015,110109,Seuneubok Jaya,,,
1101092016,110109,Padang Harapan,,,
1101102001,110110,Ladang Teungoh,,,
1101102002,110110,Pucok Krueng,,,
1101102003,110110,Silolo,,,
1101102004,110110,Kampung Baru,,,
1101102005,110110,Panton Bili,,,
1101102006,110110,Paya Ateuk,,,
1101102007,110110,Ladang Tuha,,,
1101102008,110110,Mata Ie,,,
1101102009,110110,Ujong Batee,,,
1101102010,110110,Lhok Sialang Cut,,,
1101102011,110110,Seuneubok,,,
1101102012,110110,Ie Mirah,,,
1101102013,110110,Pasie Rasian,,,
1101102014,110110,Ujung Padang Rasian,,,
1101102015,110110,Krueng Kalee,,,
1101102016,110110,Lhok Sialang Rayeuk,,,
1101102017,110110,Gampong Baro,,,
1101102018,110110,Teupin Gajah,,,
1101102019,110110,Ujung Padang Asahan,,,
1101102020,110110,Pulo Ie II,,,
1101102021,110110,Pante Raja,,,
1101112001,110111,Tengah Peulumat,,,
1101112002,110111,Paya Peulumat,,,
1101112003,110111,Padang Peulumat,,,
1101112004,110111,Aur Peulumat,,,
1101112005,110111,Limau Saring,,,
1101112006,110111,Beutong,,,
1101112007,110111,Peuneulop,,,
1101112008,110111,Gunung Rotan,,,
1101112009,110111,Keumumu Hilir,,,
1101112010,110111,Keumumu Hulu,,,
1101112011,110111,Keumumu Seberang,,,
1101112012,110111,Sawang Indah,,,
1101122001,110112,Tutong,,,
1101122002,110112,Teungoh Iboh,,,
1101122003,110112,Peulokan,,,
1101122004,110112,Kuta Iboh,,,
1101122005,110112,Ujung Padang,,,
1101122006,110112,Blang Baru,,,
1101122007,110112,Blang Poroh,,,
1101122008,110112,Pulo Ie,,,
1101122009,110112,Suak Lokan,,,
1101122010,110112,Iku Lhueng,,,
1101122011,110112,Kuta Trieng,,,
1101122012,110112,Pante Geulima,,,
1101122013,110112,Panton Pawoh,,,
1101122014,110112,Batee Meucanang,,,
1101122015,110112,Panton Rubek,,,
1101132001,110113,Koto,,,
1101132002,110113,Alur Keujrun,,,
1101132003,110113,Jambo Papan,,,
1101132004,110113,Malaka,,,
1101132005,110113,Koto Indarung,,,
1101132006,110113,Siurai-Urai,,,
1101132007,110113,Kampung Sawah,,,
1101132008,110113,Kampung Padang,,,
1101132009,110113,Pulo Air,,,
1101132010,110113,Lawe Melang,,,
1101132011,110113,Mersak,,,
1101132012,110113,Simpang Dua,,,
1101132013,110113,Simpang Tiga,,,
1101142001,110114,Paya Dapur,,,
1101142002,110114,Sapik,,,
1101142003,110114,Alai,,,
1101142004,110114,Durian Kawan,,,
1101142005,110114,Lawe Sawah,,,
1101142006,110114,Lawe Buluh Didi,,,
1101142007,110114,Pucuk Lembang,,,
1101142008,110114,Paya Laba,,,
1101142009,110114,Lawe Cimanok,,,
1101152001,110115,Pasie Seubadeh,,,
1101152002,110115,Ladang Rimba,,,
1101152003,110115,Ujong Pulo Rayeuk,,,
1101152004,110115,Sawah Tingkeum,,,
1101152005,110115,Simpang,,,
1101152006,110115,Ujong Pulo Cut,,,
1101152008,110115,Seuleukat,,,
1101162005,110116,Pinto Rimba,,,
1101162006,110116,Krueng Luas,,,
1101162007,110116,Jambo Dalem,,,
1101162008,110116,Kapa Sesak,,,
1101162009,110116,Seuneubok Punto,,,
1101162010,110116,Seuneubok Pusaka,,,
1101162011,110116,Alur Bujok,,,
1101162012,110116,Titi Poben,,,
1101172001,110117,Buket Gadeng,,,
1101172002,110117,Rambong,,,
1101172003,110117,Seuneubok Keuranji,,,
1101172004,110117,Seuneubok Alur Buloh,,,
1101172005,110117,Ujong Tanoh,,,
1101172006,110117,Ujong Gunong Cut,,,
1101172007,110117,Ujong Gunung Rayeuk,,,
1101172008,110117,Beutong,,,
1101172009,110117,Jambo Keupok,,,
1101172010,110117,Alurduamas,,,
1101182001,110118,Ladang Rimba,,,
1101182002,110118,Gunong Kapho,,,
1101182003,110118,Kampong Teungoh,,,
1101182004,110118,Krueng Batee,,,
1101182005,110118,Pulo Paya,,,
1101182006,110118,Jambo Papeun,,,
1101182007,110118,Cot Bayu,,,
1101182008,110118,Naca,,,
1101182009,110118,Ie Jeureuneh,,,
1101182010,110118,Lhok Raya,,,
1102012001,110201,Engkeran,,,
1102012002,110201,Rumah Kampung,,,
1102012004,110201,Pasir Bangun,,,
1102012006,110201,Kubu,,,
1102012007,110201,Lawe Kongker,,,
1102012008,110201,Kuta Cingkam II,,,
1102012009,110201,Muara Baru,,,
1102012011,110201,Kuta Batu I,,,
1102012012,110201,Kuta Cingkam I,,,
1102012013,110201,Kuta Batu II,,,
1102012014,110201,Lawe Sempilang,,,
1102012015,110201,Prapat Batu Nunggul,,,
1102012016,110201,Pulo Sepang,,,
1102012017,110201,Rih Mbelang,,,
1102012018,110201,Kute Batu Baru,,,
1102012019,110201,Darul Amin,,,
1102012020,110201,Lawe Lubang Indah,,,
1102012021,110201,Batu Hamparan,,,
1102012022,110201,Paye Munje,,,
1102012023,110201,Pulo Ndapdap,,,
1102012024,110201,Pasir Nunggul,,,
1102012025,110201,Cingkham Mekhanggun,,,
1102012026,110201,Pintu Khimbe,,,
1102012027,110201,Lawe Kongker Hilir,,,
1102012028,110201,Pulo Gadung,,,
1102012029,110201,Pasikh Pehkmate,,,
1102012030,110201,Pasikh Nunang,,,
1102012031,110201,Deleng Kukusen,,,
1102022001,110202,Bukit Merdeka,,,
1102022002,110202,Darul Aman,,,
1102022003,110202,Lawe Kesumpat,,,
1102022004,110202,Lawe Tua Gabungan,,,
1102022005,110202,Lawe Sigala II,,,
1102022006,110202,Lawe Sigala Timur,,,
1102022007,110202,Lawe Sigala Barat,,,
1102022008,110202,Suka Damai,,,
1102022009,110202,Kute Tengah,,,
1102022010,110202,Tanah Baru,,,
1102022011,110202,Kedataran Gabungan,,,
1102022012,110202,Gabungan Parsaroan,,,
1102022013,110202,Lawe Loning Gabungan,,,
1102022014,110202,Lawe Loning Aman,,,
1102022015,110202,Suka Maju,,,
1102022016,110202,Lawe Tua Makmur,,,
1102022017,110202,Lawe Tua Persatuan,,,
1102022018,110202,Lawe Serke,,,
1102022019,110202,Lawe Rakat,,,
1102022020,110202,Suka Jaya,,,
1102022021,110202,Enmiya Batu Dua Ratus,,,
1102022022,110202,Sebungke,,,
1102022023,110202,Bukit Sepakat,,,
1102022024,110202,Lawe Loning Sepakat,,,
1102022025,110202,Lawe Loning I,,,
1102022026,110202,Gaya Jaya,,,
1102022027,110202,Gelah Musara,,,
1102022028,110202,Mulie Dame,,,
1102022029,110202,Lawe Loning Hakhapen,,,
1102022030,110202,Karya Indah,,,
1102022031,110202,Kayu Mbelin,,,
1102022032,110202,Lawe Sigala Barat Jaya,,,
1102022033,110202,Lawe Pekhidinen,,,
1102022034,110202,Kertimbang,,,
1102022035,110202,Ndauh Nitenggo,,,
1102032001,110203,Bambel Gabungan,,,
1102032002,110203,Kisam,,,
1102032005,110203,Lawe Hijo,,,
1102032006,110203,Pinding,,,
1102032009,110203,Terutung Megara Asli,,,
1102032011,110203,Biak Muli,,,
1102032012,110203,Kute Lang-Lang,,,
1102032013,110203,Pedesi,,,
1102032014,110203,Terutung Payung Hulu,,,
1102032015,110203,Terutung Payung Hilir,,,
1102032016,110203,Tualang Sembilar,,,
1102032017,110203,Kuning I,,,
1102032018,110203,Kuning II,,,
1102032019,110203,Cinta Damai,,,
1102032020,110203,Likat,,,
1102032021,110203,Rikit,,,
1102032023,110203,Bambel,,,
1102032025,110203,Lawe Kihing,,,
1102032026,110203,Terutung Seperai,,,
1102032027,110203,Kute Seri,,,
1102032028,110203,Kuta Antara,,,
1102032029,110203,Pulo Perengge,,,
1102032031,110203,Pulo Kendondong,,,
1102032033,110203,Pancakh Iman,,,
1102032034,110203,Biak Muli Baru,,,
1102032035,110203,Biak Muli Pantai Raja,,,
1102032036,110203,Biak Muli Sejahtera,,,
1102032037,110203,Lembah Haji,,,
1102032038,110203,Terutung Payung Gabungan,,,
1102032039,110203,Lawe Hijo Metuah,,,
1102032040,110203,Ampera,,,
1102032041,110203,Tembilakh Mbakhu,,,
1102032042,110203,Kute Lang-Lang Bakhu,,,
1102042001,110204,Kota Kutacane,,,
1102042002,110204,Perapat Hilir,,,
1102042003,110204,Perapat Hulu,,,
1102042004,110204,Muara Lawe Bulan,,,
1102042005,110204,Mbarung,,,
1102042006,110204,Batu Mbulan Asli,,,
1102042007,110204,Batu Mbulan I,,,
1102042008,110204,Batu Mbulan II,,,
1102042009,110204,Kampung Raja,,,
1102042010,110204,Pulonas,,,
1102042011,110204,Kampung Melayu Gabungan,,,
1102042012,110204,Terutung Pedi,,,
1102042013,110204,Kute Rih,,,
1102042014,110204,Gumpang Jaya,,,
1102042015,110204,Pulo Latong,,,
1102042016,110204,Kutacane Lama,,,
1102042017,110204,Batu Mbulan Mbaru,,,
1102042018,110204,Pulo Peding,,,
1102042019,110204,Mendabe,,,
1102042020,110204,Ujung Barat,,,
1102042021,110204,Pekhapat Titi Panjang,,,
1102042022,110204,Pekhapat Sepakat,,,
1102042023,110204,Alas Marantcar,,,
1102042024,110204,Batu Mbulan Sepakat,,,
1102042025,110204,Pulo Sanggakh,,,
1102042026,110204,Melayu I,,,
1102042027,110204,Mbarung Datuk Saudane,,,
1102052005,110205,Salang Alas,,,
1102052009,110205,Kuta Pasir,,,
1102052011,110205,Purwodadi,,,
1102052012,110205,Kuta Tinggi,,,
1102052013,110205,Kampung Baru,,,
1102052014,110205,Peranginan,,,
1102052015,110205,Natam,,,
1102052025,110205,Kumbang Jaya,,,
1102052026,110205,Kumbang Indah,,,
1102052027,110205,Natam Baru,,,
1102052029,110205,Deleng Megakhe,,,
1102052030,110205,Lawe Bekung,,,
1102052031,110205,Lawe Bekung Tampahan,,,
1102052032,110205,Badar Indah,,,
1102052033,110205,Batu Mbekhong,,,
1102052034,110205,Tanah Merah,,,
1102052035,110205,Tanoh Megakhe,,,
1102052036,110205,Lawe Sekerah,,,
1102062001,110206,Pardomuan II,,,
1102062002,110206,Lawe Desky I,,,
1102062003,110206,Lawe Desky Sabas,,,
1102062004,110206,Pardomuan I,,,
1102062005,110206,Cinta Damai,,,
1102062006,110206,Pardamean,,,
1102062007,110206,Lawe Desky Tongah,,,
1102062008,110206,Kute Bakti,,,
1102062010,110206,Muara Situlen,,,
1102062011,110206,Sejahtera,,,
1102062012,110206,Kute Makmur,,,
1102062013,110206,Pardamean,,,
1102062014,110206,Lawe Mantik,,,
1102062015,110206,Cinta Makmur,,,
1102062016,110206,Muara Setia,,,
1102062017,110206,Tanoh Alas,,,
1102062018,110206,Sejahtera Baru,,,
1102062024,110206,Lawe Tawakh,,,
1102062025,110206,Sabilussalam,,,
1102062026,110206,Lawe Desky Jaya,,,
1102062027,110206,Pintu Alas,,,
1102072001,110207,Gulo,,,
1102072002,110207,Pulo Piku,,,
1102072003,110207,Terutung Kute,,,
1102072004,110207,Kute Ujung,,,
1102072005,110207,Lawe Stul,,,
1102072006,110207,Kite Merangun,,,
1102072007,110207,Mamas,,,
1102072008,110207,Tanjung Lama,,,
1102072009,110207,Tanjung Muda,,,
1102072010,110207,Rambung Teldak,,,
1102072011,110207,Tanjung Aman,,,
1102072012,110207,Sri Muda,,,
1102072013,110207,Ujung Baru,,,
1102072014,110207,Kute Rambe,,,
1102072015,110207,Mamas Baru,,,
1102072016,110207,Rambung Jaya,,,
1102072017,110207,Makmur Jaya,,,
1102072018,110207,Darul Makmur,,,
1102072019,110207,Tanjung Bakhu,,,
1102072020,110207,Pulo Gabung,,,
1102072021,110207,Kokhtan Jaya,,,
1102072022,110207,Istiqamah,,,
1102072023,110207,Lawe Mamas Indah,,,
1102072024,110207,Tanjung Leuser,,,
1102072025,110207,Simpang IV Tanjung,,,
1102072026,110207,Lawe Pinis,,,
1102072027,110207,Buntul Kendawi,,,
1102072028,110207,Kuning Abadi,,,
1102082001,110208,Pasir Gala,,,
1102082002,110208,Pasir Penjengakan,,,
1102082003,110208,Kutambaru,,,
1102082004,110208,Lawe Sagu Hulu,,,
1102082005,110208,Lawe Sagu Hilir,,,
1102082006,110208,Kute Bantil,,,
1102082011,110208,Lawe Kolok,,,
1102082012,110208,Lawe Rutung,,,
1102082013,110208,Kampung Nangka,,,
1102082014,110208,Tenembak Juhar,,,
1102082015,110208,Simpang Empat,,,
1102082016,110208,Kuta Buluh Botong,,,
1102082017,110208,Katambaru Becawan,,,
1102082018,110208,Lawe Kinge,,,
1102082019,110208,Kandang Mbelang Mandiri,,,
1102082020,110208,Mbacang Racun,,,
1102082021,110208,Telaga Mekar,,,
1102082023,110208,Pulonas Baru,,,
1102082025,110208,Kuta Genting,,,
1102082026,110208,Lawe Sagu Baru,,,
1102082027,110208,Lawe Sagu,,,
1102082028,110208,Pekhapet Timur,,,
1102082029,110208,Bahagia,,,
1102082030,110208,Kute Galuh Asli,,,
1102092001,110209,Kute Lengat Pangan,,,
1102092002,110209,Kute Lengat Selian,,,
1102092003,110209,Tualang Baru,,,
1102092004,110209,Alur Buluh,,,
1102092005,110209,Maha Singkil,,,
1102092006,110209,Tenembak Bintang,,,
1102092007,110209,Kute Lingga,,,
1102092008,110209,Rikit Bur,,,
1102092010,110209,Kerukunan,,,
1102092011,110209,Lawe Dua,,,
1102092012,110209,Rema,,,
1102092013,110209,Bambel Baru,,,
1102092014,110209,Pejuang,,,
1102092015,110209,Darussalam,,,
1102092016,110209,Amaliah,,,
1102092017,110209,Sebudi Jaya,,,
1102092018,110209,Gumpang,,,
1102092019,110209,Kute Gekhat,,,
1102092020,110209,Paye Khambung,,,
1102092021,110209,Mbak Sako,,,
1102092022,110209,Darul Imami,,,
1102092023,110209,Rikit Bur II,,,
1102092024,110209,Kute Empat Lima,,,
1102102001,110210,Simpang Semadam,,,
1102102002,110210,Semadam Awal,,,
1102102003,110210,Semadam Asal,,,
1102102004,110210,Lawe Kinga Gabungan,,,
1102102005,110210,Lawe Kinga Tebing Tinggi,,,
1102102006,110210,Kebun Sere,,,
1102102007,110210,Lawe Beringin Horas,,,
1102102008,110210,Lawe. Berigin Gayo,,,
1102102009,110210,Suka Makmur,,,
1102102010,110210,Pasar Puntung,,,
1102102011,110210,Titi Pasir,,,
1102102012,110210,Lawe Petanduk I,,,
1102102013,110210,Ngkeran Alur Buluh,,,
1102102014,110210,Kampung Baru,,,
1102102015,110210,Sepakat Segenap,,,
1102102016,110210,Selamat Indah,,,
1102102017,110210,Lawe Kinge Lapter,,,
1102102018,110210,Lawe Mejile,,,
1102102019,110210,Lawe Petanduk-II,,,
1102112004,110211,Titi Mas,,,
1102112005,110211,Meranti,,,
1102112006,110211,Kute Lang-Lang,,,
1102112007,110211,Lawe Sumur,,,
1102112008,110211,Pardamaian,,,
1102112009,110211,Salim Pipit,,,
1102112010,110211,Penguhapan,,,
1102112011,110211,Lumban Tua,,,
1102112012,110211,Mutiara Damai,,,
1102112013,110211,Dolok Nauli,,,
1102112014,110211,Tuhi Jongkat,,,
1102112015,110211,Uning Sigugur,,,
1102112016,110211,Lumban Sitio-tio,,,
1102112017,110211,Lawe Malum,,,
1102112018,110211,Alur Baning,,,
1102112019,110211,Lingga Alas,,,
1102112020,110211,Khambung Tumbung,,,
1102112021,110211,Tuah Mesade,,,
1102112022,110211,Sumukh Alas,,,
1102112023,110211,Alukh Bakhu,,,
1102112024,110211,Sepekhinding,,,
1102112025,110211,Tanoh Subukh,,,
1102112026,110211,Pinggan Mbelang,,,
1102112027,110211,Sigai Indah,,,
1102112028,110211,Ukekh Deleng,,,
1102112029,110211,Alas Mesikhat,,,
1102112030,110211,Titi Hakhapen,,,
1102122001,110212,Aunan Sepakat,,,
1102122002,110212,Lawe Penanggalan,,,
1102122003,110212,Lawe Mengkudu,,,
1102122004,110212,Jambur Lak-lak,,,
1102122005,110212,Simpang Tiga Jongar,,,
1102122006,110212,Jongar Asli,,,
1102122007,110212,Ketambe,,,
1102122008,110212,Rumah Bundar,,,
1102122009,110212,Penyeberangan Cingkam,,,
1102122010,110212,Deleng Damar,,,
1102122011,110212,Bintang Bener,,,
1102122012,110212,Suka Rimbun,,,
1102122013,110212,Lawe Aunan,,,
1102122014,110212,Bener Bepapah,,,
1102122015,110212,Penungkunen,,,
1102122016,110212,Datok Pining,,,
1102122017,110212,Kati Maju,,,
1102122018,110212,Leuser,,,
1102122019,110212,Jati Sara,,,
1102122020,110212,Bukit Mbakhu,,,
1102122021,110212,Kayu Metangur,,,
1102122022,110212,Lawe Sembekan,,,
1102122023,110212,Lawe Beringin,,,
1102122024,110212,Lawe Ger-Ger,,,
1102122025,110212,Simpur Jaya,,,
1102132001,110213,Salang Baru,,,
1102132002,110213,Ranto Dior,,,
1102132003,110213,Lembah Alas,,,
1102132004,110213,Tenembak Lang-Lang,,,
1102132005,110213,Salang Sigotom,,,
1102132006,110213,Tualang Lama,,,
1102132007,110213,Gusung Batu,,,
1102132008,110213,Kaya Pangur,,,
1102132009,110213,Sepakat,,,
1102132010,110213,Lawe Pangkat,,,
1102132011,110213,Bunga Melur,,,
1102132012,110213,Penampaan,,,
1102132013,110213,Terutung Mbelang,,,
1102132014,110213,Salang Muara,,,
1102132015,110213,Lawe Hakhum,,,
1102132016,110213,Tanoh Khukahen,,,
1102132017,110213,Tading Ni Ulihi,,,
1102132018,110213,Peseluk Pesimbe,,,
1102132019,110213,Kane Lot,,,
1102132020,110213,Muhajirin,,,
1102132021,110213,Beriring Naru,,,
1102132022,110213,Kati Jeroh,,,
1102142001,110214,Terutung Megara Lawe Pasaran,,,
1102142002,110214,Kisam Gabungan,,,
1102142003,110214,Kisam Kute Pasir,,,
1102142004,110214,Lawe Sumur,,,
1102142005,110214,Lawe Sumur Baru,,,
1102142006,110214,Kute Lesung,,,
1102142007,110214,Berandang,,,
1102142008,110214,Kute Bunin,,,
1102142009,110214,Buah Pala,,,
1102142010,110214,Panosan,,,
1102142011,110214,Lawe Pasaran Tengku Mbelin,,,
1102142012,110214,Terutung Megahke MBakhu,,,
1102142013,110214,Kisam Lestari,,,
1102142014,110214,Kisam Kute Rambe,,,
1102142015,110214,Lawe Polak,,,
1102142016,110214,Lawes Sumur Sepakat,,,
1102142017,110214,Setia Baru,,,
1102142018,110214,Teger Miko,,,
1102152001,110215,Salim Pinim I,,,
1102152002,110215,Jambur Damar,,,
1102152003,110215,Alur Langsat,,,
1102152004,110215,Rambah Sayang,,,
1102152006,110215,Rumah Luar,,,
1102152007,110215,Tenembak Alas,,,
1102152008,110215,Lawe Tungkal,,,
1102152009,110215,Salim Pinim II,,,
1102152010,110215,Jambukh Pekhmate,,,
1102152011,110215,Khutung Mbelang,,,
1102152012,110215,Timang Rasa,,,
1102152013,110215,Stambul Jaya,,,
1102152014,110215,Alur Nangke,,,
1102152015,110215,Kute Mejile,,,
1102162001,110216,Bintang Alga Musara,,,
1102162002,110216,Bintang Bukit Indah,,,
1102162003,110216,Tanjung Sari,,,
1102162004,110216,Bun-bun Alas,,,
1102162005,110216,Naga Timbul,,,
1102162006,110216,Gunung Pak-Pak,,,
1102162007,110216,Bukit Meriah,,,
1102162008,110216,Permata Musara,,,
1102162009,110216,Laut Tawar,,,
1102162010,110216,Kane Mende,,,
1102162011,110216,Lawe Sekhakut,,,
1102162012,110216,Bunbun Indah,,,
1102162013,110216,Suka Damai,,,
1102162014,110216,Tuah Kekhine,,,
1102162015,110216,Punce Nali,,,
1102162016,110216,Sade Ate,,,
1102162017,110216,Akhih Majile,,,
1102162018,110216,Ukhat Peseluk,,,
1102162019,110216,Tunas Mude,,,
1102162020,110216,Gaye Sendah,,,
1102162021,110216,Kute Hakhapen,,,
1102162022,110216,Kompas,,,
1102162023,110216,Sepakat,,,
1103012001,110301,Alue Luddin Sa,,,
1103012002,110301,Alue Luddin Dua,,,
1103012003,110301,Alue Dalam,,,
1103012004,110301,Dama Pulo Sa,,,
1103012005,110301,Dama Pulo Dua,,,
1103012006,110301,Buket Kulam,,,
1103012007,110301,Seuneubok Teungoh,,,
1103012008,110301,Jungka Gajah,,,
1103012009,110301,Seuneubok Simpang,,,
1103012010,110301,Matang Pineung,,,
1103012011,110301,Lhok Geulumpang,,,
1103012012,110301,Blang Buket,,,
1103012013,110301,Meunasah Keutapang,,,
1103012014,110301,Buket Rumia,,,
1103012015,110301,Alue Gadeng,,,
1103012016,110301,Kapai Baro,,,
1103012017,110301,Seuneubok Tuha Sa,,,
1103012018,110301,Seuneubok Tuha Dua,,,
1103012019,110301,Seuneubok Buloh,,,
1103012020,110301,Gaseh Sayang,,,
1103012021,110301,Alue Lhok,,,
1103012022,110301,Trieng Gadeng,,,
1103012023,110301,Grong-Grong,,,
1103012024,110301,Matang Geuto,,,
1103012025,110301,Alue Merbo,,,
1103012026,110301,Buket Raya,,,
1103012027,110301,Gampong Keude,,,
1103012028,110301,Peukan Idi Cut,,,
1103012029,110301,Gampong Beunot,,,
1103012030,110301,Seuneubok Baroh,,,
1103012031,110301,Teupin Drum,,,
1103012032,110301,Kuala Idi Cut,,,
1103012034,110301,Seuneubok Aceh,,,
1103012035,110301,Gampong Baro,,,
1103012036,110301,Bagok Panah Sa,,,
1103012037,110301,Bagok Panah Dua,,,
1103012038,110301,Bagok Panah Lhee,,,
1103012039,110301,Bagok Panah Peut,,,
1103012040,110301,Buket Tualang,,,
1103012041,110301,Keumuneng Sa,,,
1103012042,110301,Keumuneng Dua,,,
1103012043,110301,Keumuneng Lhee,,,
1103012044,110301,Keumuneng Peut,,,
1103012045,110301,Keumuneng Limong,,,
1103012046,110301,Meunasah Blang,,,
1103022001,110302,Blang Keumahang,,,
1103022002,110302,Blang Jambee,,,
1103022003,110302,Keumuneng,,,
1103022004,110302,Ladang Baro,,,
1103022005,110302,Buket Panyang,,,
1103022006,110302,Seuneubok Rambong,,,
1103022007,110302,Seuneubok Baro,,,
1103022008,110302,Blang Mideun,,,
1103022009,110302,Paya Bakong,,,
1103022010,110302,Teupin Raya,,,
1103022011,110302,Lhok Rambong,,,
1103022012,110302,Julok Tunong,,,
1103022013,110302,Ulee Ateung,,,
1103022014,110302,Ulee Blang,,,
1103022015,110302,Labuhan,,,
1103022016,110302,Naleung,,,
1103022017,110302,Mane Rampak,,,
1103022018,110302,Matang,,,
1103022019,110302,Blang Uyok,,,
1103022020,110302,Blang Pauh Sa,,,
1103022021,110302,Blang Pauh Dua,,,
1103022022,110302,Ulee Tanoh,,,
1103022023,110302,Keude Kuta Binjei,,,
1103022024,110302,Bukit Seroja,,,
1103022025,110302,Kuala Geulumpang,,,
1103022026,110302,Gampong Baro,,,
1103022027,110302,Tumpok Teungoh,,,
1103022028,110302,Seumatang,,,
1103022029,110302,Ujong Tunong,,,
1103022030,110302,Bukit Dindeng,,,
1103022031,110302,Paya Pasi,,,
1103022032,110302,Alue Cek Doi,,,
1103022033,110302,Blang Gleum,,,
1103022034,110302,Tanjong Tok Blang,,,
1103022035,110302,Buket Makmu,,,
1103022036,110302,Lhok Seuntang,,,
1103022037,110302,Simpang Lhee,,,
1103032001,110303,Gampong Jawa,,,
1103032002,110303,Keude Blang,,,
1103032003,110303,Tanoh Anoe,,,
1103032004,110303,Kuala Peudawa Puntong,,,
1103032005,110303,Gampong Aceh,,,
1103032006,110303,Kuta Blang,,,
1103032007,110303,Gampong Tanjong,,,
1103032008,110303,Blang Geulumpang,,,
1103032009,110303,Meunasah Pu'uk,,,
1103032010,110303,Bantayan Timu,,,
1103032011,110303,Keutapang Mameh,,,
1103032012,110303,Seuneubok Rambong,,,
1103032013,110303,Kuala Idi,,,
1103032014,110303,Keude Aceh,,,
1103032023,110303,Seuneubok Bacee,,,
1103032029,110303,Titi Baro,,,
1103032047,110303,Tanjong Kapai,,,
1103032048,110303,Alue Dua Muka O,,,
1103032049,110303,Alue Dua Muka S,,,
1103032050,110303,Ulee Blang,,,
1103032051,110303,Buket Jok,,,
1103032052,110303,Buket Meulinteung,,,
1103032053,110303,Gampong Jalan,,,
1103032054,110303,Teupin Batee,,,
1103032055,110303,Buket Langa,,,
1103032056,110303,Buket Pala,,,
1103032057,110303,Buket Juara,,,
1103032058,110303,Seuneubok Tutong,,,
1103032059,110303,Seuneubok Tuha,,,
1103032060,110303,Sampoimah,,,
1103032061,110303,Dama pulo,,,
1103032062,110303,Gureb Blang,,,
1103032064,110303,Gampong Baro,,,
1103032065,110303,SeuneubokTeungoh P.Puntong,,,
1103032067,110303,Kuta Lawah,,,
1103042001,110304,Jambo Labu,,,
1103042002,110304,Alue Canang,,,
1103042003,110304,Alue Drien,,,
1103042004,110304,Buket Tiga,,,
1103042005,110304,Benteng,,,
1103042006,110304,Afeling II Bukit,,,
1103042007,110304,Keumuneng Hulu,,,
1103042008,110304,Peutow,,,
1103042009,110304,Alue Buloh,,,
1103042010,110304,Alue Teh,,,
1103042011,110304,Paya Rambong,,,
1103042012,110304,Alue Gadeng SA,,,
1103042013,110304,Paya Tampah,,,
1103042014,110304,Paya Bili Dua,,,
1103042015,110304,Paya Bili Sa,,,
1103042016,110304,Paya Peulawi,,,
1103042017,110304,Keude Birem,,,
1103042018,110304,Bayeun,,,
1103042019,110304,Aramiyah,,,
1103042020,110304,Blang Tualang,,,
1103042021,110304,Buket Seuleumak,,,
1103042022,110304,Birem Rayeuk,,,
1103042023,110304,Alue Gadeng,,,
1103042024,110304,Alue Gadeng Dua,,,
1103042025,110304,Alue Sentang,,,
1103042026,110304,Merbou Dua,,,
1103042027,110304,Alue Nyamoek,,,
1103052001,110305,Lokop,,,
1103052002,110305,Terujak,,,
1103052003,110305,Tualang,,,
1103052004,110305,Leles,,,
1103052005,110305,Ujung Karang,,,
1103052006,110305,Nalon,,,
1103052007,110305,Jering,,,
1103052008,110305,Loot,,,
1103052009,110305,Seku Alan,,,
1103052010,110305,Sunti,,,
1103052011,110305,Umah Taring,,,
1103052012,110305,Bunin,,,
1103052013,110305,Sembuang,,,
1103052014,110305,Seuleumak,,,
1103052015,110305,Mesir,,,
1103052016,110305,Rampah,,,
1103052022,110305,Arul Durin,,,
1103062001,110306,Keude Bagok Sa,,,
1103062002,110306,Keude Bagok Dua,,,
1103062003,110306,Asan Tanjong,,,
1103062004,110306,Bantayan,,,
1103062005,110306,Matang Seuleumak,,,
1103062006,110306,Teupin Pukat,,,
1103062007,110306,Matang Neuheun,,,
1103062008,110306,Kuala Bagok,,,
1103062009,110306,Meunasah Teungoh,,,
1103062010,110306,Medang Ara,,,
1103062011,110306,Peulawi,,,
1103062012,110306,Baroh Bugeng,,,
1103062013,110306,Seumatang Aron,,,
1103062014,110306,Blang Panjou,,,
1103062025,110306,Pulo U,,,
1103062026,110306,Cot Asan,,,
1103062027,110306,Paya Enjee,,,
1103062028,110306,Seuleumak Muda,,,
1103062029,110306,Matang Panyang,,,
1103062030,110306,Meunasah Hagu,,,
1103062031,110306,Matang Kunyet,,,
1103062032,110306,Buket Panjou,,,
1103062033,110306,Buket Meurak,,,
1103062034,110306,Buket Panyang,,,
1103062035,110306,Seuneubok Dalam,,,
1103062036,110306,Gampong Mesjid,,,
1103062037,110306,Alue Siwah Serdang,,,
1103062038,110306,Gampong Lhee,,,
1103062039,110306,Beurandang,,,
1103062040,110306,Gampong Jalan,,,
1103062041,110306,Seuneubok Rambong,,,
1103072001,110307,Pasir Putih,,,
1103072002,110307,Tualang,,,
1103072003,110307,Keude Peureulak,,,
1103072004,110307,Leuge,,,
1103072005,110307,Uteun Dama,,,
1103072006,110307,Punti,,,
1103072007,110307,Alue Dua Paya Gajah,,,
1103072008,110307,Blang Bitra,,,
1103072009,110307,Kuala Bugak,,,
1103072010,110307,Paya Lipah,,,
1103072011,110307,Seumatang Muda Itam,,,
1103072012,110307,Lhok Dalam,,,
1103072013,110307,Beusa Meuranoe,,,
1103072014,110307,Bangka Rimung,,,
1103072015,110307,Tanoh Rata,,,
1103072016,110307,Bandrong,,,
1103072017,110307,Blang Balok,,,
1103072018,110307,Cot Muda Itam,,,
1103072019,110307,Keumuneng,,,
1103072020,110307,Kuala Leuge,,,
1103072021,110307,Balee Buya,,,
1103072022,110307,Alue Nibong,,,
1103072023,110307,Seuneubok Peusangan,,,
1103072024,110307,Seuneubok Aceh,,,
1103072025,110307,Seuneubok Pidie,,,
1103072026,110307,Dama Tutong,,,
1103072027,110307,Matang Gleum,,,
1103072028,110307,Lubok Pempeng,,,
1103072029,110307,Buket Pala,,,
1103072030,110307,Paya Kalui,,,
1103072031,110307,Cek Mbon,,,
1103072032,110307,Paya Meuligou,,,
1103072033,110307,Blang Simpo,,,
1103072034,110307,Blang Batee,,,
1103072035,110307,Matang Peulawi,,,
1103072036,110307,Cot Geulumpang,,,
1103072037,110307,Alue Rambong,,,
1103072038,110307,Cot Keh,,,
1103082001,110308,Bayeun,,,
1103082002,110308,Rantau Panjang,,,
1103082003,110308,Alue Raya,,,
1103082004,110308,Alue Kumba,,,
1103082005,110308,Seuneubok Dalam,,,
1103082006,110308,Alue Seuleumak,,,
1103082007,110308,Sarah Kayee,,,
1103082008,110308,Damar Siput,,,
1103082009,110308,Simpang Peut,,,
1103082010,110308,Simpang Aneuh,,,
1103082011,110308,Alue Punti,,,
1103082012,110308,Alue Kaul,,,
1103082013,110308,Sarah Teube,,,
1103082014,110308,Alue Tuwi,,,
1103092001,110309,Peulalu,,,
1103092002,110309,Nicah Awe,,,
1103092003,110309,Alue Buloh Sa,,,
1103092004,110309,Alue Buloh Dua,,,
1103092005,110309,Teupin Breuh,,,
1103092006,110309,Matang Rayeuk,,,
1103092007,110309,Matang Kumbang,,,
1103092008,110309,Blang Nie,,,
1103092010,110309,Bantayan,,,
1103092011,110309,Matang Weng,,,
1103092012,110309,Alue Mulieng,,,
1103092013,110309,Pucok Alue Dua,,,
1103092014,110309,Gampong Blang,,,
1103092015,110309,Keude Tuha,,,
1103092016,110309,Kuala Simpang Ulim,,,
1103092017,110309,Lampoh Rayeuk,,,
1103092018,110309,Teupin Mamplam,,,
1103092019,110309,Titi Baroh,,,
1103092020,110309,Pucok Alue Sa,,,
1103092021,110309,Pucok Alue Barat,,,
1103092022,110309,Arakundo,,,
1103092023,110309,Gampong Baro,,,
1103092024,110309,Matang Seupeng,,,
1103102001,110310,Paya Unou,,,
1103102002,110310,Seuneubok Johan,,,
1103102003,110310,Seuneubok Baro,,,
1103102004,110310,Pulo Blang,,,
1103102005,110310,Blang Barom,,,
1103102006,110310,Seuneubok Dalam,,,
1103102007,110310,Seuleumak Muda,,,
1103102008,110310,Bhom Lama,,,
1103102009,110310,Pasi Puteh,,,
1103102010,110310,Alue Dua,,,
1103102011,110310,Buket Pala,,,
1103102012,110310,Mata Ie,,,
1103102013,110310,Alue Udep,,,
1103102014,110310,Seumali,,,
1103102015,110310,Punti Payong,,,
1103102016,110310,Paya Palas,,,
1103102017,110310,Tampak,,,
1103102018,110310,Kliet,,,
1103102019,110310,Alue Geunteng,,,
1103102020,110310,Pertamina,,,
1103102021,110310,Alue Batee,,,
1103102022,110310,Beurandang,,,
1103102024,110310,Seumanah Jaya,,,
1103112001,110311,Blang Seunong,,,
1103112002,110311,Suka Damai,,,
1103112003,110311,Pante Labu,,,
1103112004,110311,Pante Rambong,,,
1103112005,110311,Alue Ie Mirah,,,
1103112006,110311,Seuneubok Tuha,,,
1103112007,110311,Seuneubok Saboh,,,
1103112008,110311,Buket Kareung,,,
1103112009,110311,Buket Bata,,,
1103112010,110311,Meunasah Tunong,,,
1103112011,110311,Meunasah Teungoh,,,
1103112012,110311,Keude Baro,,,
1103112013,110311,Matang Perlak,,,
1103112014,110311,Grong-grong,,,
1103112015,110311,Matang Kruet,,,
1103112016,110311,Meunasah Leubok,,,
1103112017,110311,Pante Panah,,,
1103112018,110311,Paya Demam Sa,,,
1103112019,110311,Paya Demam Dua,,,
1103112020,110311,Paya Demam Lhee,,,
1103112021,110311,Matang Pudeng,,,
1103112022,110311,Putoh Sa,,,
1103112023,110311,Putoh Dua,,,
1103112024,110311,Sah Raja,,,
1103112025,110311,Sijudo,,,
1103122001,110312,Madat,,,
1103122002,110312,Matang Keupula Sa,,,
1103122003,110312,Matang Keupula Dua,,,
1103122004,110312,Matang Keupula Lhee,,,
1103122005,110312,Ulee Ateung,,,
1103122006,110312,Blang Ubit,,,
1103122007,110312,Matang Guru,,,
1103122008,110312,Pantee Bayam,,,
1103122009,110312,Meunasah Asan,,,
1103122010,110312,Meunasah Tingkeum,,,
1103122011,110312,Lueng Dua,,,
1103122012,110312,Lueng Peut,,,
1103122013,110312,Paya Demam Peut,,,
1103122014,110312,Abeuk Geulanteu,,,
1103122015,110312,Rambong Lop,,,
1103122016,110312,Tanjong Ara,,,
1103122017,110312,Matang Jrok,,,
1103122018,110312,Paya Naden,,,
1103122019,110312,Tanjong Minjei,,,
1103122020,110312,Pante Merbo,,,
1103122021,110312,Blang Awe,,,
1103122022,110312,Bintah,,,
1103122023,110312,Seuneubok Pidie,,,
1103122024,110312,Blang Andam,,,
1103122025,110312,Matang Nibong,,,
1103122026,110312,Lueng Sa,,,
1103132001,110313,Seuneubok Bayu,,,
1103132002,110313,Alue Ie Itam,,,
1103132003,110313,Blang Nisan,,,
1103132004,110313,Bandar Baro,,,
1103132005,110313,Alue Patong,,,
1103132006,110313,Alue Ie Mirah,,,
1103132007,110313,Suka Makmur,,,
1103132008,110313,Jambo Balee,,,
1103132009,110313,Jambo Lubok,,,
1103132010,110313,Seuneubok Cina,,,
1103132011,110313,Pelita Sagop Jaya,,,
1103132012,110313,Perkebunan Julok Rayeuk Selatan,,,
1103132013,110313,Perkebunan Julok Rayeuk Utara,,,
1103142001,110314,Seuneubok Buloh,,,
1103142002,110314,Seuneubok Baro,,,
1103142003,110314,Seuneubok Meureudu,,,
1103142004,110314,Seuneubok Teupin Panah,,,
1103142005,110314,Teupin Panah,,,
1103142006,110314,Gampong Keumuneng,,,
1103142007,110314,Keude Keumuneng,,,
1103142008,110314,Keumuneng Lhok,,,
1103142009,110314,Paya Awee,,,
1103142010,110314,Paya Gaboh,,,
1103142011,110314,Padang Kasah,,,
1103142012,110314,Buket Teukuh,,,
1103142013,110314,Buket Pu'uk,,,
1103142014,110314,Blang Minjei,,,
1103142015,110314,Alue Kumbang A,,,
1103142016,110314,Alue Kumbang M,,,
1103142017,110314,Alue Lhok,,,
1103142018,110314,Seuneubok Buya,,,
1103142019,110314,Seuneubok Drien,,,
1103142020,110314,Bantayan Barat,,,
1103142021,110314,Blang Guci,,,
1103142022,110314,Buket Rumiya,,,
1103142023,110314,Seuneubok Punti,,,
1103142024,110314,Seuneubok Jalan,,,
1103142025,110314,Seuneubok Dalam,,,
1103152001,110315,Jalan Dua,,,
1103152002,110315,Jambo Reuhat,,,
1103152003,110315,Seuneubok Benteng,,,
1103152004,110315,Seuneubok Pango,,,
1103152005,110315,Seuneubok Simpang,,,
1103152006,110315,Seuneubok Kandang,,,
1103152007,110315,Ulee Jalan,,,
1103152008,110315,Uram Jalan,,,
1103152009,110315,Seuneubok Bayu,,,
1103152010,110315,Blang Rambong,,,
1103152011,110315,Buket Drien,,,
1103152012,110315,Panton Rayeuk A,,,
1103152013,110315,Panton Rayeuk B,,,
1103152014,110315,Panton Rayeuk M,,,
1103152015,110315,Panton Rayeuk T,,,
1103152016,110315,Paya Laman,,,
1103162001,110316,Gampong Keude,,,
1103162002,110316,Meunasah Krueng,,,
1103162003,110316,Kuta Baro,,,
1103162004,110316,Alue Batee,,,
1103162005,110316,Matang Rayeuk,,,
1103162006,110316,Paya Bili Dua,,,
1103162007,110316,Alue Ie Itam,,,
1103162008,110316,Asan Rampak,,,
1103162009,110316,Gampong Kuala,,,
1103162010,110316,Paya Dua,,,
1103162011,110316,Seuneubok Teungoh,,,
1103162012,110316,Buket Kuta,,,
1103162013,110316,Sama Dua,,,
1103162014,110316,Blang Kuta,,,
1103162015,110316,Blang Buket,,,
1103162016,110316,Seuneubok Peunteut,,,
1103162017,110316,Paya Bili Sa,,,
1103172001,110317,Babah Krueng,,,
1103172002,110317,Kruet Lintang,,,
1103172003,110317,Jengki,,,
1103172004,110317,Buket Meriam,,,
1103172005,110317,Alue Gureb,,,
1103172006,110317,Seuneubok Teupin,,,
1103172007,110317,Seuneubok Teungoh,,,
1103172008,110317,Alue Bugeng,,,
1103172009,110317,Seuneubok Punti,,,
1103172010,110317,Seumatang Keude,,,
1103172011,110317,Seuneubok Jalan,,,
1103172012,110317,Seuneubok Paya,,,
1103172013,110317,Alue Tho,,,
1103172014,110317,Seuneubok Rawang,,,
1103172015,110317,Alue Bu Alue Nireh,,,
1103172016,110317,Seuneubok Dalam,,,
1103172017,110317,Seuneubok Lapang,,,
1103172018,110317,Gelanggang Meurak,,,
1103172019,110317,Alue Bu Alue Lhok,,,
1103172020,110317,Tualang Pateng,,,
1103182001,110318,Beusa Seberang,,,
1103182002,110318,Mon Geudong,,,
1103182003,110318,Paya Seungat,,,
1103182004,110318,Teumpeun,,,
1103182005,110318,Alue Bu Tuha,,,
1103182006,110318,Alue Bu Jalan,,,
1103182007,110318,Tanjong Tualang,,,
1103182008,110318,Beringen,,,
1103182009,110318,Kebon Tempeun,,,
1103182010,110318,Paya Gajah,,,
1103182011,110318,Kabu,,,
1103182012,110318,Paya Biek,,,
1103182013,110318,Beusa Baroh,,,
1103182014,110318,Alue Bu Jalan Baroh,,,
1103182015,110318,Alue Bu Tunong,,,
1103192001,110319,Alue Rangan,,,
1103192002,110319,Geulumpang Payong,,,
1103192003,110319,Labuhan Keudee,,,
1103192004,110319,Buket Seulamat,,,
1103192005,110319,Buket Drien,,,
1103192006,110319,Alue Itam,,,
1103192007,110319,Paya Keutapang,,,
1103192008,110319,Gajah Mentah,,,
1103192009,110319,Seuneubok Pase,,,
1103192010,110319,Seuneubok Aceh,,,
1103192011,110319,Krueng Lingka,,,
1103192012,110319,Sungai Simpang,,,
1103192013,110319,Kuala Parek,,,
1103202001,110320,Simpang Jernih,,,
1103202002,110320,Batu Sumbang,,,
1103202003,110320,Pante Kera,,,
1103202004,110320,Rantau Panjang,,,
1103202005,110320,Melidi,,,
1103202006,110320,Tampur Paloh,,,
1103202007,110320,Tampur Boor,,,
1103202008,110320,HTI Rantau Naro,,,
1103212001,110321,Meudang Ara,,,
1103212002,110321,Gunong Putoh,,,
1103212003,110321,Meunasah Aroen,,,
1103212004,110321,Keude Dua,,,
1103212005,110321,Seuneubok Lapang,,,
1103212006,110321,Alue Jangat,,,
1103212007,110321,Buket Peulawi,,,
1103212008,110321,Lhok Panjoe,,,
1103212009,110321,Seuneubok Aceh Baro,,,
1103212010,110321,Pulo Blang,,,
1103212011,110321,Lhok Dalam,,,
1103212012,110321,Lhok Leumak,,,
1103212013,110321,Seuneubok Kulam,,,
1103212014,110321,Panton Meurebo,,,
1103212015,110321,Seuneubok Teungoh,,,
1103212016,110321,Lhok Meureu,,,
1103222001,110322,Tunong Bugeng,,,
1103222002,110322,Cempeudak,,,
1103222003,110322,Buket Tufah,,,
1103222004,110322,Tunong Ulee Gajah,,,
1103222005,110322,Keudondong,,,
1103222006,110322,Seuneubok Panton,,,
1103222007,110322,Buket Teumpeun,,,
1103222008,110322,Keude Blang,,,
1103222009,110322,Paya Kruep,,,
1103222010,110322,Tunong Paya Kruep,,,
1103222011,110322,Alue Siwah,,,
1103232001,110323,Keutapang Dua,,,
1103232002,110323,Matang Rayeuk PP,,,
1103232003,110323,Meunasah Jeumpa,,,
1103232004,110323,Lhok Asahan,,,
1103232005,110323,Tualang Dalam,,,
1103232006,110323,Seuneubok Kuyun,,,
1103232007,110323,Ulee Glee,,,
1103232008,110323,Seuneubok Barat,,,
1103232009,110323,Seuneubok Teungoh,,,
1103232010,110323,Seuneubok Timu,,,
1103232011,110323,Matang Bungong,,,
1103232012,110323,Matang Rayeuk SMK,,,
1103232013,110323,Seuneubok Dalam,,,
1103242001,110324,Arul Pinang,,,
1103242002,110324,Peunaron Baru,,,
1103242003,110324,Peunaron Lama,,,
1103242004,110324,Bukit Tiga,,,
1103242006,110324,Sri Mulya,,,
1104012003,110401,Delung Sekinel,,,
1104012005,110401,Gelampang Gading,,,
1104012006,110401,Gewat,,,
1104012008,110401,Jamat,,,
1104012009,110401,Kemerleng,,,
1104012010,110401,Kute Baru,,,
1104012011,110401,Kute Keramil,,,
1104012012,110401,Kute Rayang,,,
1104012013,110401,Kute Riyem,,,
1104012014,110401,Kute Robel,,,
1104012015,110401,Linge,,,
1104012016,110401,Lumut,,,
1104012018,110401,Mungkur,,,
1104012019,110401,Owaq,,,
1104012020,110401,Pantan Nangka,,,
1104012021,110401,Penarun,,,
1104012022,110401,Simpang Tige Uning,,,
1104012023,110401,Umang,,,
1104012024,110401,Despot Linge,,,
1104012025,110401,Gemboyah,,,
1104012031,110401,Arul Item,,,
1104012032,110401,Ise-Ise,,,
1104012033,110401,Kute Reje,,,
1104012034,110401,Reje Payung,,,
1104012035,110401,Pantan Reduk,,,
1104012036,110401,Antara,,,
1104022001,110402,Arul Gele,,,
1104022002,110402,Arul Kumer,,,
1104022003,110402,Burni Bius,,,
1104022004,110402,Genting Gerbang,,,
1104022005,110402,Gunung Singit,,,
1104022007,110402,Pepayungan Angkup,,,
1104022008,110402,Remesen,,,
1104022009,110402,Rutih,,,
1104022010,110402,Semelit Mutiara,,,
1104022012,110402,Wih Porak,,,
1104022013,110402,Wih Bakong,,,
1104022014,110402,Wihni Durin,,,
1104022016,110402,Arul Putih,,,
1104022017,110402,Arul Relem,,,
1104022018,110402,Burni Bius Baru,,,
1104022019,110402,Jerata,,,
1104022022,110402,Paya Beke,,,
1104022023,110402,Paya Pelu,,,
1104022026,110402,Rebe Gedung,,,
1104022027,110402,Reremal,,,
1104022029,110402,Senehen,,,
1104022030,110402,Simpang Kemili,,,
1104022031,110402,Tenebuk Kampung Baru,,,
1104022032,110402,Terang Engon,,,
1104022033,110402,Wih Pesam,,,
1104022034,110402,Bius Utama,,,
1104022035,110402,Meker Indah,,,
1104022036,110402,Mulie Jadi,,,
1104022037,110402,Wih Bersih,,,
1104022038,110402,Wih Sagi Indah,,,
1104022039,110402,Arul Kumer Barat,,,
1104022040,110402,Arul Kumer Timur,,,
1104022041,110402,Arul Kumer Selatan,,,
1104032001,110403,Blang Kolak I,,,
1104032002,110403,Bebesan,,,
1104032003,110403,Mongal,,,
1104032004,110403,Daling,,,
1104032005,110403,Tensaran,,,
1104032006,110403,Lelabu,,,
1104032007,110403,Blang Gele,,,
1104032008,110403,Kemili,,,
1104032009,110403,Tan Saril,,,
1104032010,110403,Blang Kolak II,,,
1104032011,110403,Umang,,,
1104032012,110403,Simpang IV,,,
1104032013,110403,Bahgie,,,
1104032014,110403,Keramat Mupakat,,,
1104032015,110403,Atu Gajah Reje Guru,,,
1104032016,110403,Atu Tulu,,,
1104032017,110403,Burbiah,,,
1104032018,110403,Empus Talu,,,
1104032019,110403,Gele Lah,,,
1104032020,110403,Kebet,,,
1104032021,110403,Lemah Burbana,,,
1104032022,110403,Mah Bengi,,,
1104032023,110403,Nunang Antara,,,
1104032024,110403,Pendere Saril,,,
1104032025,110403,Sadong Juru Mudi,,,
1104032026,110403,Ulu Nuwih,,,
1104032027,110403,Colo Blang Gele,,,
1104032028,110403,Kala Kemili,,,
1104072001,110407,Arul Badak,,,
1104072004,110407,Berawang Baro,,,
1104072008,110407,Gelelungi,,,
1104072009,110407,Ie Reulop,,,
1104072010,110407,Kayu Kul,,,
1104072011,110407,Kedelah,,,
1104072012,110407,Kung,,,
1104072013,110407,Kute Lintang,,,
1104072014,110407,Lelumu,,,
1104072016,110407,Paya Jeget,,,
1104072017,110407,Pedekok,,,
1104072018,110407,Pegasing,,,
1104072019,110407,Pepalang,,,
1104072021,110407,Simpang Kelaping,,,
1104072024,110407,Tebuk,,,
1104072025,110407,Terang Ulen,,,
1104072026,110407,Ujung Gele,,,
1104072029,110407,Wih Ilang,,,
1104072030,110407,Wih Nareh,,,
1104072031,110407,Wih Lah,,,
1104072032,110407,Jejem,,,
1104072033,110407,Jurusen,,,
1104072034,110407,Kala Pegasing,,,
1104072035,110407,Linung Ayu,,,
1104072036,110407,Panangan Mata,,,
1104072037,110407,Pantan Musara,,,
1104072038,110407,Wih Terjun,,,
1104072039,110407,Belang Bebangka,,,
1104072040,110407,Uning,,,
1104072041,110407,Uring,,,
1104072042,110407,Suka Damai,,,
1104082001,110408,Atu Payung,,,
1104082002,110408,Bale Nosar,,,
1104082003,110408,Bamil Nosar,,,
1104082004,110408,Bewang,,,
1104082005,110408,Dedamar,,,
1104082006,110408,Genuren,,,
1104082007,110408,Kala Bintang,,,
1104082008,110408,Kala Segi,,,
1104082009,110408,Kejurun Syiah Utama,,,
1104082010,110408,Kelitu Sintep,,,
1104082011,110408,Kuala I,,,
1104082012,110408,Kuala II,,,
1104082013,110408,Linung Bulen I,,,
1104082014,110408,Linung Bulen II,,,
1104082015,110408,Mengaya,,,
1104082016,110408,Mude Nosar,,,
1104082017,110408,Serule,,,
1104082018,110408,Wakil Jalil,,,
1104082019,110408,Wihlah Setie,,,
1104082020,110408,Gegarang,,,
1104082021,110408,Jamur Konyel,,,
1104082022,110408,Merodot,,,
1104082023,110408,Sintep,,,
1104082024,110408,Gele Pulo,,,
1104102001,110410,Bah,,,
1104102002,110410,Blang Mancung,,,
1104102003,110410,Bintang Pepara,,,
1104102004,110410,Burlah,,,
1104102005,110410,Buter,,,
1104102006,110410,Cang Duri,,,
1104102007,110410,Geulumpang Payung,,,
1104102008,110410,Jaluk,,,
1104102009,110410,Kala Ketol,,,
1104102010,110410,Karang Ampar,,,
1104102011,110410,Kekuyang,,,
1104102012,110410,Kute Gelime,,,
1104102013,110410,Pantan Penyo,,,
1104102014,110410,Pantan Reduk,,,
1104102015,110410,Pondok Balik,,,
1104102016,110410,Rejewali,,,
1104102017,110410,Serempah,,,
1104102018,110410,Bergang,,,
1104102019,110410,Blang Mancung Bawah,,,
1104102020,110410,Buge Ara,,,
1104102021,110410,Genting Bulen,,,
1104102022,110410,Jalan Tengah,,,
1104102023,110410,Jerata,,,
1104102024,110410,Simpang Juli,,,
1104102025,110410,Selon,,,
1104112001,110411,Bukit Sama,,,
1104112002,110411,Gunung Bukit,,,
1104112003,110411,Jongok Meluem,,,
1104112004,110411,Kelupak Mata,,,
1104112005,110411,Lot Kala,,,
1104112006,110411,Mendale,,,
1104112007,110411,Paya Reje Tami Dalem,,,
1104112008,110411,Paya Tumpi,,,
1104112009,110411,Pinangan,,,
1104112010,110411,Bukit,,,
1104112011,110411,Bukit Ewih Tami Delem,,,
1104112012,110411,Gunung Bahgie,,,
1104112013,110411,Gunung Balohen,,,
1104112014,110411,Jongkok Bathin,,,
1104112015,110411,Kala Lengkio,,,
1104112016,110411,Kute Lot,,,
1104112017,110411,Paya Tumpi Baru,,,
1104112018,110411,Paya Tumpi I,,,
1104112019,110411,Timangan Gading,,,
1104112020,110411,Telege Atu,,,
1104122001,110412,Atu Gogop,,,
1104122002,110412,Balik,,,
1104122003,110412,Buter Balik,,,
1104122004,110412,Dedingin,,,
1104122005,110412,Kute Panang,,,
1104122006,110412,Lukub Sabun,,,
1104122007,110412,Pantan Sile,,,
1104122008,110412,Ratawali,,,
1104122009,110412,Segene Balik,,,
1104122010,110412,Tapak Moge,,,
1104122011,110412,Tawar Miko,,,
1104122012,110412,Tawardi,,,
1104122013,110412,Timang Rasa,,,
1104122014,110412,Wih Nongkal,,,
1104122015,110412,Bukit Rata,,,
1104122016,110412,Lukub Sabun Barat,,,
1104122017,110412,Lukub Sabun Tengah,,,
1104122018,110412,Lukub Sabun Timur,,,
1104122019,110412,Wih Nongkal Toa,,,
1104122020,110412,Tapak Moge Timur,,,
1104122021,110412,Empu Balik,,,
1104122022,110412,Blang Balik,,,
1104122023,110412,Kala Nongkal,,,
1104122024,110412,Pantan Jerik,,,
1104132001,110413,Arul Gading,,,
1104132002,110413,Belang Kekumur,,,
1104132003,110413,Berawang Gading,,,
1104132004,110413,Celala,,,
1104132005,110413,Cibro,,,
1104132006,110413,Kuyun,,,
1104132007,110413,Kuyun Toa,,,
1104132008,110413,Kuyun Uken,,,
1104132009,110413,Makmur,,,
1104132010,110413,Melala,,,
1104132011,110413,Paya Kolak,,,
1104132012,110413,Ramung Ara,,,
1104132013,110413,Sepakat,,,
1104132014,110413,Tanoh Depet,,,
1104132015,110413,Uning Berawang Ramung,,,
1104132016,110413,Blang Delem,,,
1104132017,110413,Depet Indah,,,
1104172001,110417,Takengon Timur,,,
1104172002,110417,Asir Asir,,,
1104172003,110417,Asir Asir Asia,,,
1104172004,110417,Bale Atu,,,
1104172005,110417,Bujang,,,
1104172006,110417,Gunung Suku,,,
1104172007,110417,Hakim Bale Bujang,,,
1104172008,110417,Kenawat,,,
1104172009,110417,Kuteni Reje,,,
1104172010,110417,Pedemun One One,,,
1104172011,110417,Rawe,,,
1104172012,110417,Takengon Barat,,,
1104172013,110417,Toweren Antara,,,
1104172014,110417,Toweran Toa,,,
1104172015,110417,Toweren Uken,,,
1104172016,110417,Teluk One-One,,,
1104172017,110417,Merah Mersa,,,
1104172018,110417,Waq Toweren,,,
1104182001,110418,Atu Lintang,,,
1104182002,110418,Merah Mege,,,
1104182003,110418,Merah Pupuk,,,
1104182004,110418,Merah Muyang,,,
1104182005,110418,Gayo Murni,,,
1104182006,110418,Kepala Akal,,,
1104182007,110418,Tanoh Abu,,,
1104182008,110418,Bintang Kekelip,,,
1104182009,110418,Merah Jernang,,,
1104182010,110418,Damar Mulyo,,,
1104182011,110418,Pantan Damar,,,
1104192001,110419,Merah Said,,,
1104192002,110419,Berawang Dewal,,,
1104192003,110419,Gegarang,,,
1104192004,110419,Telege Sari,,,
1104192005,110419,Jeget Ayu,,,
1104192006,110419,Paya Tungel,,,
1104192007,110419,Jagong Jeget,,,
1104192008,110419,Bukit Sari,,,
1104192009,110419,Bukit Kemuning,,,
1104192010,110419,Paya Dedep,,,
1104202001,110420,Bies Penentanan,,,
1104202002,110420,Bies Baru,,,
1104202003,110420,Bies Mulie,,,
1104202004,110420,Aru Latong,,,
1104202005,110420,Simpang Lukup Badak,,,
1104202006,110420,Atang Jungket,,,
1104202007,110420,Tebes Lues,,,
1104202008,110420,Pucuk Deku,,,
1104202009,110420,Lenga,,,
1104202010,110420,Uning Pegantungen,,,
1104202011,110420,Simpang Uning Niken,,,
1104202012,110420,Karang Bayur,,,
1104212001,110421,Pantan Tengah,,,
1104212002,110421,Rusip,,,
1104212003,110421,Pilar,,,
1104212004,110421,Arul Pertik,,,
1104212005,110421,Pilar Jaya,,,
1104212006,110421,Tirmi Ara,,,
1104212007,110421,Atu Singkih,,,
1104212008,110421,Pantan Bener,,,
1104212009,110421,Kerawang,,,
1104212010,110421,Mekar Maju,,,
1104212011,110421,Paya Tampu,,,
1104212012,110421,Tanjung,,,
1104212013,110421,Merandeh Paya,,,
1104212014,110421,Kuala Rawa,,,
1104212015,110421,Pilar Wih Kiri,,,
1104212016,110421,Lut Jaya,,,
1105012001,110501,Suak Indrapuri,,,
1105012002,110501,Kampung Belakang,,,
1105012003,110501,Ujung Kalak,,,
1105012004,110501,Kuta Padang,,,
1105012005,110501,Ujong Baroh,,,
1105012006,110501,Rundeng,,,
1105012007,110501,Drien Rampak,,,
1105012008,110501,Pasir,,,
1105012009,110501,Pasar Aceh,,,
1105012010,110501,Padang Seurahet,,,
1105012011,110501,Panggong,,,
1105012012,110501,Seuneugok,,,
1105012013,110501,Gampong Darat,,,
1105012014,110501,Gampa,,,
1105012015,110501,Lapang,,,
1105012016,110501,Blang Beurandang,,,
1105012017,110501,Suak Ribee,,,
1105012018,110501,Suak Raya,,,
1105012019,110501,Suak Nie,,,
1105012020,110501,Leuhan,,,
1105012021,110501,Suak Sigadeng,,,
1105022001,110502,Keude Aron,,,
1105022002,110502,Kampung Masjid,,,
1105022003,110502,Padang Mancang,,,
1105022004,110502,Meunasah Buloh,,,
1105022005,110502,Alue Tampak,,,
1105022006,110502,Beureugang,,,
1105022007,110502,Marek,,,
1105022008,110502,Pasi Jambu,,,
1105022009,110502,Meunasah Ara,,,
1105022010,110502,Meunasah Rayeuk,,,
1105022011,110502,Simpang,,,
1105022012,110502,Peunia,,,
1105022013,110502,Tumpok Ladang,,,
1105022014,110502,Pasi Teungoh,,,
1105022015,110502,Putim,,,
1105022016,110502,Meunasah Rambot,,,
1105022017,110502,Pasi Jeumpa,,,
1105022018,110502,Palimbungan,,,
1105022019,110502,Muko,,,
1105022020,110502,Meuna. Gantung,,,
1105022021,110502,Blang Geunang,,,
1105022022,110502,Puuk,,,
1105022023,110502,Tanjong Bungong,,,
1105022024,110502,Alue On,,,
1105022036,110502,Tanjong Meulaboh,,,
1105022037,110502,Keude Tanjong,,,
1105022038,110502,Pungkie,,,
1105022039,110502,Pucok Pungkie,,,
1105022040,110502,Teladan,,,
1105022041,110502,Pasi Ara,,,
1105022042,110502,Meunuang Tanjong,,,
1105022043,110502,Alue Lhee,,,
1105022044,110502,Blang Dalam,,,
1105022045,110502,Teupin Panah,,,
1105022046,110502,Drien Caleue,,,
1105022047,110502,Alue Peudeung,,,
1105022048,110502,Pasi Meugat,,,
1105022049,110502,Babah Meulaboh,,,
1105022050,110502,Pasi Kumbang,,,
1105022051,110502,Padang Sikabu,,,
1105022052,110502,Sawang Teubei,,,
1105022053,110502,Alue Lhok,,,
1105022062,110502,Butu Jaya,,,
1105022063,110502,Keuramat,,,
1105032001,110503,Tungkop,,,
1105032002,110503,Sakuy,,,
1105032003,110503,Kajeung,,,
1105032004,110503,Geudong,,,
1105032005,110503,Sarah Perlak,,,
1105032006,110503,Tutut,,,
1105032007,110503,Drien Sibak,,,
1105032008,110503,Tuwi Saya,,,
1105032009,110503,Lancong,,,
1105032010,110503,Sipot,,,
1105032011,110503,Pungki,,,
1105032012,110503,Gunong Buloh,,,
1105032013,110503,Ramitie,,,
1105032014,110503,Lubok Beutong,,,
1105032015,110503,Gleng,,,
1105032016,110503,Tanoh Mirah,,,
1105032017,110503,Gaseu,,,
1105032018,110503,Lueng Baro,,,
1105042001,110504,Kuala Bhee,,,
1105042002,110504,Pasi Lunak,,,
1105042003,110504,Pasi Aceh,,,
1105042004,110504,Aron Tunong,,,
1105042005,110504,Aron Baroh,,,
1105042006,110504,Pasi Pandan,,,
1105042007,110504,Ranto Panyang,,,
1105042008,110504,Gempa Raya,,,
1105042009,110504,Padang Jawa,,,
1105042010,110504,Ie Itam Tunong,,,
1105042011,110504,Ie Itam Baroh,,,
1105042012,110504,Tingkeum Panyang,,,
1105042013,110504,Lueng Teungku Yah,,,
1105042014,110504,Lueng Tanoh Tho,,,
1105042015,110504,Gunong Rambong,,,
1105042016,110504,Drien Mangko,,,
1105042017,110504,Gunung Hampa,,,
1105042018,110504,Lung Jawa,,,
1105042019,110504,Blang Mee,,,
1105042020,110504,Alue Blang,,,
1105042021,110504,Paya Dua,,,
1105042022,110504,Paya Luah,,,
1105042023,110504,Pasi Ara Kuala Batee,,,
1105042024,110504,Alue Sikaya,,,
1105042025,110504,Darul Huda,,,
1105042026,110504,Keuleumbah,,,
1105042027,110504,Jawa,,,
1105042028,110504,Pulo Ie,,,
1105042029,110504,Alue Panyang,,,
1105042030,110504,Cot Keumudai,,,
1105042031,110504,Seumantok,,,
1105042032,110504,Cot Situah,,,
1105042033,110504,Jawi,,,
1105042034,110504,Panton,,,
1105042035,110504,Pasi Birah,,,
1105042036,110504,Alue Sundak,,,
1105042037,110504,Teumarom,,,
1105042038,110504,Cot Murong,,,
1105042039,110504,Glee Siblah,,,
1105042040,110504,Suak Trieng,,,
1105042041,110504,Cot Lagan Bubon,,,
1105042042,110504,Bakat,,,
1105042043,110504,Lueng Buloh,,,
1105052001,110505,Alue Raya,,,
1105052002,110505,Cot Darat,,,
1105052003,110505,Cot Pluh,,,
1105052004,110505,Cot Seumeurung,,,
1105052005,110505,Cot Masjid,,,
1105052006,110505,Cot Lampise,,,
1105052007,110505,Cot Seulamat,,,
1105052008,110505,Cot Amun,,,
1105052009,110505,Deuah,,,
1105052010,110505,Gampong Teungoh,,,
1105052011,110505,Gampong Ladang,,,
1105052012,110505,Gampong Cot,,,
1105052013,110505,Keureuseng,,,
1105052014,110505,Krueng Tinggai,,,
1105052015,110505,Kuala Bubon,,,
1105052016,110505,Leubok,,,
1105052017,110505,Lhok Bubon,,,
1105052018,110505,Leuken,,,
1105052019,110505,Mesjid baro,,,
1105052020,110505,Paya Lumpat,,,
1105052021,110505,Pinem,,,
1105052022,110505,Pange,,,
1105052023,110505,Pucok Lueng,,,
1105052024,110505,Rangkileh,,,
1105052025,110505,Reusak,,,
1105052026,110505,Suak Pandan,,,
1105052027,110505,Suak Seuke,,,
1105052028,110505,Suak Pante Breh,,,
1105052029,110505,Suak Geudeubang,,,
1105052030,110505,Suak Seumaseh,,,
1105052031,110505,Suak Timah,,,
1105052032,110505,Ujong Nga,,,
1105062001,110506,Alue Lhok,,,
1105062002,110506,Alue Bakong,,,
1105062003,110506,Berawang,,,
1105062004,110506,Blang Sibeutong,,,
1105062005,110506,Cot Keumuneng,,,
1105062006,110506,Cot Lada,,,
1105062007,110506,Gunong Panah,,,
1105062008,110506,Kuta Padang,,,
1105062009,110506,Kuala Pling,,,
1105062010,110506,Layung,,,
1105062011,110506,Liceh,,,
1105062012,110506,Peulanteu SP,,,
1105062013,110506,Rambong,,,
1105062014,110506,Seumuleng,,,
1105062015,110506,Suak Pangkat,,,
1105062016,110506,Seuneubok Trap,,,
1105062017,110506,Ulee Blang,,,
1105072001,110507,Arongan,,,
1105072002,110507,Alue Bagok,,,
1105072003,110507,Alue Sundak,,,
1105072004,110507,Alue Batee,,,
1105072005,110507,Cot Buloh,,,
1105072006,110507,Cot Kumbang,,,
1105072007,110507,Cot Juru Mudi,,,
1105072008,110507,Drien Rampak,,,
1105072009,110507,Kubu,,,
1105072010,110507,Keub,,,
1105072011,110507,Pante Mutia,,,
1105072012,110507,Peribu,,,
1105072013,110507,Panton Makmu,,,
1105072014,110507,Panton Bahagia,,,
1105072015,110507,Peulanteu LB.,,,
1105072016,110507,Rimba Langgeh,,,
1105072017,110507,Suak Keumudee,,,
1105072018,110507,Seuneubok Lhong,,,
1105072019,110507,Suak Ie Beuso,,,
1105072020,110507,Suak Bidok,,,
1105072021,110507,Simpang peut,,,
1105072022,110507,Seuneubok Teungoh,,,
1105072023,110507,Teupin Peraho,,,
1105072024,110507,Ujong Beusa,,,
1105072025,110507,Ujong Simpang,,,
1105072026,110507,Gunong Pulo,,,
1105072027,110507,Karang Hampa,,,
1105082001,110508,Seumara,,,
1105082002,110508,Babah Leung,,,
1105082003,110508,Babah Iseung,,,
1105082004,110508,Seumantok,,,
1105082005,110508,Alue Keumang,,,
1105082006,110508,Meunuang Kinco,,,
1105082007,110508,Lango,,,
1105082008,110508,Sikundo,,,
1105082009,110508,Lawet,,,
1105082010,110508,Canggai,,,
1105082011,110508,Manjeng,,,
1105082012,110508,Keutambang,,,
1105082013,110508,Pante Ceuremen,,,
1105082014,110508,Pulo Teungoh Manjeng,,,
1105082015,110508,Jambak,,,
1105082016,110508,Tegal Sari,,,
1105082017,110508,Gunong Tarok,,,
1105082018,110508,Suak Awe,,,
1105082019,110508,Kreung Beukah,,,
1105082020,110508,Lhok Sari,,,
1105082021,110508,Babah Krueng Tep Lep,,,
1105082022,110508,Berdikari,,,
1105082023,110508,Lhok Guci,,,
1105082024,110508,Keude Suak Awe,,,
1105082025,110508,Sawang Rambot,,,
1105092001,110509,Ranto Panyang Barat,,,
1105092002,110509,Ranto Panyang Timur,,,
1105092003,110509,Mesjid Tuha,,,
1105092004,110509,Ujong Tanoh Darat,,,
1105092005,110509,Pasi Aceh. Tunong,,,
1105092006,110509,Pasi Aceh Baroh,,,
1105092007,110509,Buloh,,,
1105092008,110509,PuloTeungoh Ranto P.,,,
1105092009,110509,Paya Baro Ranto P,,,
1105092010,110509,Ranub Dong,,,
1105092011,110509,Pasi Pinang,,,
1105092012,110509,Pasi Mesjid,,,
1105092013,110509,Meureubo,,,
1105092014,110509,Langung,,,
1105092015,110509,Gunong Kleng,,,
1105092016,110509,Ujong Drien,,,
1105092017,110509,Peunaga Rayeuk,,,
1105092018,110509,Peunaga Pasi,,,
1105092019,110509,Peunaga Cut Ujong,,,
1105092020,110509,Reudeup,,,
1105092021,110509,Balee,,,
1105092022,110509,Paya Peunaga,,,
1105092023,110509,Ujong Tanjung,,,
1105092024,110509,Pucok Reudeup,,,
1105092025,110509,Sumber Batu,,,
1105092026,110509,Bakit Jaya,,,
1105102001,110510,Blang Luah LM,,,
1105102002,110510,Cot Rambong,,,
1105102003,110510,Lhok Malee,,,
1105102004,110510,Pasi Malee,,,
1105102005,110510,Napai,,,
1105102006,110510,Blang Cot Mameh,,,
1105102007,110510,Blang Cot Rubek,,,
1105102008,110510,Alue Leuhop,,,
1105102009,110510,Lubuk Pasi Ara,,,
1105102010,110510,Ulei Pasi Ara,,,
1105102011,110510,Cot Lagan LM,,,
1105102012,110510,Lueng Baro,,,
1105102013,110510,Kulam Kaju,,,
1105102014,110510,Alue Permen,,,
1105102015,110510,Peuleukueng,,,
1105102016,110510,Pasi Jeut,,,
1105102017,110510,Mon Pasong,,,
1105102018,110510,Pasi Mali,,,
1105102019,110510,Karak,,,
1105102020,110510,Ie Sayang,,,
1105102021,110510,Ule Pulo,,,
1105102022,110510,Pasi Panyang,,,
1105102023,110510,Alue Keumuning,,,
1105102024,110510,Simpang Keumaron,,,
1105112001,110511,Seuradek,,,
1105112002,110511,Lubuk Panyang,,,
1105112003,110511,Paya Baro,,,
1105112004,110511,Kubu Capang,,,
1105112005,110511,Pasi Ara WT,,,
1105112006,110511,Gampong Baro WT,,,
1105112007,110511,Rambong,,,
1105112008,110511,Cot Punti,,,
1105112009,110511,Alue Eumpeuk,,,
1105112010,110511,Alue Bilie,,,
1105112011,110511,Pasi Janeng,,,
1105112012,110511,Tangkeh,,,
1105112013,110511,Alue Kuyun,,,
1105112014,110511,Bukit Meugajah,,,
1105112015,110511,Blang Dalam,,,
1105112016,110511,Teumiket Ranom,,,
1105112017,110511,Blang Makmue,,,
1105112018,110511,Gampong Baro KB,,,
1105112019,110511,Alue Meuganda,,,
1105112020,110511,Alue Seuralen,,,
1105112021,110511,Rambong Pinto,,,
1105112022,110511,Tuwi Eumpeuk,,,
1105112023,110511,Blang Luah KB,,,
1105112024,110511,Seuneubok Dalam,,,
1105112025,110511,Paya Meugenderang,,,
1105112026,110511,Gunong Payang,,,
1105122001,110512,Mentulang,,,
1105122002,110512,Mugo Cut,,,
1105122003,110512,Mugo Rayeuk,,,
1105122004,110512,Baro Paya,,,
1105122005,110512,Sibintang,,,
1105122006,110512,Blang Teungoh,,,
1105122007,110512,Antong,,,
1105122008,110512,Ujong Raja,,,
1105122009,110512,Paya Baro Meuko,,,
1105122010,110512,Tuwi Buya,,,
1105122011,110512,Kuala Manyeue,,,
1105122012,110512,Manggie,,,
1105122013,110512,Gampong Baro,,,
1105122014,110512,Tamping,,,
1105122015,110512,Cot Manggie,,,
1105122016,110512,Blang Balee,,,
1105122017,110512,Babah Krueng Manggie,,,
1105122018,110512,Gunong Mata Ie,,,
1105122019,110512,Lek-Lek,,,
1106012001,110601,Meunasah Krueng Kala,,,
1106012002,110601,Jantang,,,
1106012003,110601,Baroh Krueng Kala,,,
1106012004,110601,Tunong Krueng Kala,,,
1106012005,110601,Sungko Mulat,,,
1106012006,110601,Birek,,,
1106012007,110601,Kareung,,,
1106012008,110601,Paroy,,,
1106012009,110601,Teungoh Blang Mee,,,
1106012010,110601,Lamkuta Blang Mee,,,
1106012011,110601,Baroh Blang Mee,,,
1106012012,110601,Umong Seuribee,,,
1106012013,110601,Teungoh Geunteut,,,
1106012014,110601,Baroh Geunteut,,,
1106012015,110601,Lam Juhang,,,
1106012016,110601,Utamong,,,
1106012017,110601,Gapuy,,,
1106012018,110601,Lamsujen,,,
1106012019,110601,Mon Mata,,,
1106012020,110601,Lamgeuriheu,,,
1106012021,110601,Keutapang,,,
1106012022,110601,Saney,,,
1106012023,110601,Cundien,,,
1106012024,110601,Glee Bruek,,,
1106012025,110601,Pasi,,,
1106012026,110601,Pudeng,,,
1106012027,110601,Meunasah Cot,,,
1106012028,110601,Meunasah Lhok,,,
1106022001,110602,Mon Ikeun,,,
1106022002,110602,Nusa,,,
1106022003,110602,Weu Raya,,,
1106022004,110602,Lamkrut,,,
1106022005,110602,Lamgaboh,,,
1106022006,110602,Lambaro Kueh,,,
1106022007,110602,Lam Ateuk,,,
1106022008,110602,Kueh,,,
1106022009,110602,Tanjong,,,
1106022010,110602,Aneuk Paya,,,
1106022011,110602,Seubun Keutapang,,,
1106022012,110602,Seubun Ayon,,,
1106022013,110602,Lambaro Seubun,,,
1106022014,110602,Naga Umbang,,,
1106022015,110602,Lampaya,,,
1106022016,110602,Meunasah Mesjid Lamlhom,,,
1106022017,110602,Meunasah Mon Cut,,,
1106022018,110602,Meunasah Manyang,,,
1106022019,110602,Meunasah Lam Girek,,,
1106022020,110602,Meunasah Lambaro,,,
1106022021,110602,Meunasah Baro Lamlhom,,,
1106022022,110602,Meunasah Beutong,,,
1106022023,110602,Mns. Mesjid Lampuuk,,,
1106022024,110602,Meunasah Balee,,,
1106022025,110602,Meunasah Karieng,,,
1106022026,110602,Lamcok,,,
1106022027,110602,Meunasah Cut,,,
1106022028,110602,Meunasah Blang,,,
1106032001,110603,Reukih Dayah,,,
1106032002,110603,Indrapuri,,,
1106032003,110603,Lam Leubok,,,
1106032004,110603,Empee Ara,,,
1106032005,110603,Limo Blang,,,
1106032006,110603,Limo Mesjid,,,
1106032007,110603,Limo Lamleuweung,,,
1106032008,110603,Lheue,,,
1106032009,110603,Meusale,,,
1106032010,110603,Cureh,,,
1106032011,110603,Cot Kareung,,,
1106032012,110603,Lamlung,,,
1106032013,110603,Meureu Ulee Titie,,,
1106032014,110603,Meureu Bueng-U,,,
1106032015,110603,Mureu Baro,,,
1106032016,110603,Meureu Lamglumpang,,,
1106032017,110603,Pasar Indrapuri,,,
1106032018,110603,Manggra,,,
1106032019,110603,Reukih Kupula,,,
1106032020,110603,Lam Ilie Mesjid,,,
1106032021,110603,Lam Ilie Tengoh,,,
1106032022,110603,Lam Ilie Ganto,,,
1106032023,110603,Meunara,,,
1106032024,110603,Aneuk Glee,,,
1106032025,110603,Krueng Lamkareung,,,
1106032026,110603,Sinyeu,,,
1106032027,110603,Seureumo,,,
1106032028,110603,Ulee Kareung,,,
1106032029,110603,Lambeutong,,,
1106032030,110603,Lampupok Baro,,,
1106032031,110603,Lampupok Raya,,,
1106032032,110603,Seulangai,,,
1106032033,110603,Riting,,,
1106032034,110603,Sihom Lhok,,,
1106032035,110603,Sihom Cot,,,
1106032036,110603,Seuot Baroh,,,
1106032037,110603,Seuot Tunong,,,
1106032038,110603,Lampanah Ranjo,,,
1106032039,110603,Lampanah Teungoh,,,
1106032040,110603,Lampanah Dayah,,,
1106032041,110603,Lampanah Baro,,,
1106032042,110603,Lampanah Tunong,,,
1106032043,110603,Groet Blang,,,
1106032044,110603,Groet Manyang,,,
1106032045,110603,Groet Baro,,,
1106032046,110603,Jruek Bak Kreh,,,
1106032047,110603,Jruek Balee,,,
1106032049,110603,Mon Alue,,,
1106032050,110603,Lambeunot,,,
1106032051,110603,Ulee Ue,,,
1106032052,110603,Lamsiot,,,
1106032053,110603,Lingom,,,
1106042001,110604,Peukan Seulimeum,,,
1106042002,110604,Keunaloi,,,
1106042003,110604,Lhieb,,,
1106042004,110604,Alue Gintong,,,
1106042005,110604,Gampong Seulimeum,,,
1106042006,110604,Data Gaseu,,,
1106042007,110604,Rabo,,,
1106042008,110604,Gampong Raya,,,
1106042009,110604,Lamjruen,,,
1106042010,110604,Buga,,,
1106042011,110604,Jawie,,,
1106042012,110604,Alue Rindang,,,
1106042013,110604,Iboh Tunong,,,
1106042014,110604,Iboh Tanjong,,,
1106042015,110604,Seuneubok,,,
1106042016,110604,Meunasah Baro,,,
1106042017,110604,Meunasah Tunong,,,
1106042018,110604,Batee Lhee,,,
1106042019,110604,Mangeu,,,
1106042020,110604,Bayu,,,
1106042021,110604,Ayon,,,
1106042022,110604,Lamteuba Droe,,,
1106042023,110604,Pulo,,,
1106042024,110604,Lampantee,,,
1106042025,110604,Lambada,,,
1106042026,110604,Blang Tingkeum,,,
1106042027,110604,Ateuk,,,
1106042028,110604,Lam Apeng,,,
1106042029,110604,Meurah,,,
1106042030,110604,Lampanah,,,
1106042031,110604,Ujong Mesjid Lampanah,,,
1106042032,110604,Ujong Keupula,,,
1106042033,110604,Leungah,,,
1106042034,110604,Beureunut,,,
1106042035,110604,Meunasah Jeumpa,,,
1106042036,110604,Pinto Khop,,,
1106042037,110604,Bak Seutui,,,
1106042038,110604,Bak Aghu,,,
1106042039,110604,Kayee Adang,,,
1106042040,110604,Lamkuk,,,
1106042041,110604,Ujong Mesjid Tanoh Abee,,,
1106042042,110604,Lamcarak,,,
1106042043,110604,Capeung Dayah,,,
1106042044,110604,Capeung Baroh,,,
1106042045,110604,Lampisang Dayah,,,
1106042046,110604,Lampisang Tunong,,,
1106042047,110604,Lampisang Teungoh,,,
1106052001,110605,Mata Ie,,,
1106052002,110605,Gampong Baroh,,,
1106052003,110605,Lampaseh Lhok,,,
1106052004,110605,Lampaseh Krueng,,,
1106052005,110605,Lamnga,,,
1106052006,110605,Dayah Daboh,,,
1106052007,110605,Weulhok,,,
1106052008,110605,Kp. Alue,,,
1106052009,110605,Weu Krueng,,,
1106052010,110605,Seuban Cot,,,
1106052011,110605,Bak Dilib,,,
1106052012,110605,Ulee Lhat,,,
1106052015,110605,Lamraya,,,
1106052016,110605,Lamme Garot,,,
1106052017,110605,Weu Bada,,,
1106052018,110605,Meunasah Tutong,,,
1106052019,110605,Empee Tanong,,,
1106052020,110605,Bak Cirih,,,
1106052021,110605,Warabo,,,
1106052022,110605,Teubang Phui Mesjid,,,
1106052023,110605,Teubang Phui Baro,,,
1106052024,110605,Bira Cot,,,
1106052025,110605,Bira Lhok,,,
1106052026,110605,Bung Tujoh,,,
1106052027,110605,Peurumping,,,
1106052028,110605,Atong,,,
1106052029,110605,Reudeup,,,
1106052042,110605,Seubam Lhok,,,
1106052043,110605,Seumet,,,
1106052044,110605,Cot Seunong,,,
1106052045,110605,Mon Ara,,,
1106052046,110605,Cot Lhok,,,
1106052047,110605,Cot Lampoh Soh,,,
1106052048,110605,Bueng Raya,,,
1106052049,110605,Piyeung Lhang,,,
1106052050,110605,Piyeung Manee,,,
1106052051,110605,Bueng Daroh,,,
1106052052,110605,Kuweu,,,
1106052053,110605,Piyeung Datu,,,
1106062001,110606,Reuhat Tuha,,,
1106062002,110606,Weusiteh,,,
1106062003,110606,Dilib Lamteungoh,,,
1106062004,110606,Baet Lampuot,,,
1106062005,110606,Dilib Bukit,,,
1106062006,110606,Seumeureung,,,
1106062007,110606,Sibreh Keumudee,,,
1106062008,110606,Baet Mesago,,,
1106062009,110606,Baet Mesjid,,,
1106062010,110606,Lambaro Sibreh,,,
1106062011,110606,Lamgeu Baro,,,
1106062012,110606,Lamgeu Tuha,,,
1106062013,110606,Lampanah Ineu,,,
1106062014,110606,Tampok Jeurat Raya,,,
1106062015,110606,Tampok Blang,,,
1106062016,110606,Lamteh Dayah,,,
1106062017,110606,Lam Lheu,,,
1106062018,110606,Lambarih Jurong Raya,,,
1106062019,110606,Bukloh,,,
1106062020,110606,Niron,,,
1106062021,110606,Aneuk Galong Baro,,,
1106062022,110606,Aneuk Galong Titi,,,
1106062023,110606,Blang Cut,,,
1106062024,110606,Klieng Mayang,,,
1106062025,110606,Aneuk Batee,,,
1106062026,110606,Meunasah Tuha,,,
1106062027,110606,Lampisang,,,
1106062028,110606,Meunasah Bakthu,,,
1106062029,110606,Lambarih Bak Mee,,,
1106062030,110606,Luthu Dayah Krueng,,,
1106062031,110606,Luthu Lamweu,,,
1106062032,110606,Panterawa,,,
1106062033,110606,Lambirah,,,
1106062034,110606,Kayee Adang,,,
1106062035,110606,Lam Tanjong,,,
1106072001,110607,Lampeuneurut Ujong Blang,,,
1106072002,110607,Lampeuneurut Gampong,,,
1106072003,110607,Lamreung,,,
1106072004,110607,Lamcot,,,
1106072005,110607,Lam Blang Trieng,,,
1106072006,110607,Lam Blang Mayang,,,
1106072007,110607,Bayu,,,
1106072008,110607,Lagang,,,
1106072009,110607,Lamsiteh,,,
1106072010,110607,Lamkawe,,,
1106072011,110607,Lheu Blang,,,
1106072012,110607,Payaroh,,,
1106072013,110607,Lamsidaya,,,
1106072014,110607,Kuta Karang,,,
1106072015,110607,Leu Geu,,,
1106072016,110607,Lampeuneun,,,
1106072017,110607,Lamtheun,,,
1106072018,110607,Deunong,,,
1106072019,110607,Tingkuem,,,
1106072020,110607,Kandang,,,
1106072021,110607,Lam Bheu,,,
1106072022,110607,Daroy Kameu,,,
1106072023,110607,Geundrieng,,,
1106072024,110607,Garot,,,
1106072025,110607,Pasheu Beutong,,,
1106072026,110607,Lampasi Engking,,,
1106072027,110607,Jeumpet Ajun,,,
1106072028,110607,Gue Gajah,,,
1106072029,110607,Leu Ue,,,
1106072030,110607,Ulee Lueng,,,
1106072031,110607,Punie,,,
1106072032,110607,Ulee Tuy,,,
1106082001,110608,Lambadeuk,,,
1106082002,110608,Lamguron,,,
1106082003,110608,Lambaro Nejid,,,
1106082004,110608,Lampageu,,,
1106082005,110608,Gampong Baro,,,
1106082006,110608,Lam Manyang,,,
1106082007,110608,Lamteh,,,
1106082008,110608,Lam Lumpu,,,
1106082009,110608,Lamteungoh,,,
1106082010,110608,Lamtutui,,,
1106082011,110608,Meunasah Tuha,,,
1106082012,110608,Lam Awe,,,
1106082013,110608,Pulo Bunta,,,
1106082014,110608,Beuradeun,,,
1106082015,110608,Lampisang,,,
1106082016,110608,Keuneu Eu,,,
1106082017,110608,Lam Isek,,,
1106082018,110608,Lamkeumok,,,
1106082019,110608,Lam Rukam,,,
1106082020,110608,Gurah,,,
1106082021,110608,Rima Jeuneu,,,
1106082022,110608,Lam Geu Eu,,,
1106082023,110608,Lam Hasan,,,
1106082024,110608,Paya Tieng,,,
1106082025,110608,Ajuen,,,
1106082026,110608,Rima Keuneurom,,,
1106092001,110609,Meunasah Kulam,,,
1106092002,110609,Beurandeh,,,
1106092003,110609,Ie Seum,,,
1106092004,110609,Meunasah Keudee,,,
1106092005,110609,Lamreh,,,
1106092006,110609,Meunasah Mon,,,
1106092007,110609,Paya Kameng,,,
1106092008,110609,Ruyung,,,
1106092009,110609,Ladong,,,
1106092010,110609,Gampong Baro,,,
1106092011,110609,Durung,,,
1106092012,110609,Neuheun,,,
1106092013,110609,Lamnga,,,
1106102001,110610,Lambaro,,,
1106102002,110610,Meunasah Manyang Lam Garot,,,
1106102003,110610,Bakoy,,,
1106102004,110610,Meunasah Baro,,,
1106102005,110610,Meunasah Deyah,,,
1106102006,110610,Meunasah Tutong,,,
1106102007,110610,Siron,,,
1106102008,110610,Pasie Lamgarot,,,
1106102009,110610,Dham Ceukok,,,
1106102010,110610,Dham Pulo,,,
1106102011,110610,Leubok Sukon,,,
1106102012,110610,Lubok Gapuy,,,
1106102013,110610,Pasie Lubuk,,,
1106102014,110610,Bueng Ceukok,,,
1106102015,110610,Teubang Phuy,,,
1106102016,110610,Ateuk Anggok,,,
1106102017,110610,Ajee Rayeuk,,,
1106102018,110610,Ajee Cut,,,
1106102019,110610,Gani,,,
1106102020,110610,Ateuk Lueng Ie,,,
1106102021,110610,Cot Alue,,,
1106102022,110610,Cot Suruy,,,
1106102023,110610,Cot Bada,,,
1106102024,110610,Ajee Pagar Air,,,
1106102025,110610,Meunasah Krueng,,,
1106102026,110610,Jurong Peujera,,,
1106102027,110610,Lubok Batee,,,
1106102028,110610,Bineh Blang,,,
1106102029,110610,Pantee,,,
1106102030,110610,Kalut,,,
1106102031,110610,Meunasah Manyang Pagar Air,,,
1106102032,110610,Meunasah Manyet,,,
1106102033,110610,Santan,,,
1106102034,110610,Tanjong,,,
1106102035,110610,Reuloh,,,
1106102041,110610,Paleuh Blang,,,
1106102042,110610,Cot Mentiwan,,,
1106102043,110610,Lampreh Lam Jampok,,,
1106102044,110610,Paleuh Pulo,,,
1106102045,110610,Lamcot,,,
1106102046,110610,Lamsinyeu,,,
1106102047,110610,Lam Ue,,,
1106102048,110610,Cot Gud,,,
1106102049,110610,Lamdaya,,,
1106102050,110610,Lambada,,,
1106102051,110610,Ujong XII,,,
1106102052,110610,Bada,,,
1106102053,110610,Lamteungoh,,,
1106102054,110610,Kayee Lee,,,
1106102056,110610,Lampreh Lamteungoh,,,
1106112001,110611,Krueng Anoi,,,
1106112002,110611,Lam Puuk,,,
1106112003,110611,Cot Beut,,,
1106112004,110611,Bueng Bakjok,,,
1106112005,110611,Lam Neuheun,,,
1106112006,110611,Seupeu,,,
1106112007,110611,Cot Mancang,,,
1106112008,110611,Lam Baed,,,
1106112009,110611,Cot Masam,,,
1106112016,110611,Gue,,,
1106112018,110611,Lam Sabang,,,
1106112019,110611,Lam Alue Raya,,,
1106112020,110611,Lam Alue Cut,,,
1106112021,110611,Leupung Mesjid,,,
1106112022,110611,Cot Lamee,,,
1106112023,110611,Leupung Ule Alue,,,
1106112024,110611,Lampoh Tarom,,,
1106112025,110611,Lamteube Geupula,,,
1106112026,110611,Lamteube Mon Ara,,,
1106112027,110611,Aron,,,
1106112028,110611,Bak Buloh,,,
1106112029,110611,Lam Seunong,,,
1106112030,110611,Lam Raya,,,
1106112031,110611,Lam Roh,,,
1106112032,110611,Lambunot Tanoh,,,
1106112033,110611,Tumpok Lampoh,,,
1106112034,110611,Puuk,,,
1106112035,110611,Lambunot Paya,,,
1106112036,110611,Lampoh Keude,,,
1106112037,110611,Lam Asan,,,
1106112038,110611,Lambro Deyah,,,
1106112039,110611,Lambro Bileu,,,
1106112040,110611,Cot Peutano,,,
1106112041,110611,Cot Cut,,,
1106112042,110611,Meunasah Baktrieng,,,
1106112043,110611,Babah Jurong,,,
1106112044,110611,Lam Glumpang,,,
1106112045,110611,Rabeu,,,
1106112046,110611,Cucum,,,
1106112047,110611,Deyah,,,
1106112048,110611,Lam Trieng,,,
1106112049,110611,Beurangong,,,
1106112050,110611,Cot Preh,,,
1106112051,110611,Cot Raya,,,
1106112052,110611,Cot Yang,,,
1106112053,110611,Ujong Blang,,,
1106112054,110611,Lamceu,,,
1106122001,110612,Angan,,,
1106122002,110612,Lam Peudaya,,,
1106122003,110612,Lambada Peukan,,,
1106122004,110612,Lambiheu La,,,
1106122005,110612,Lambaro Sukon,,,
1106122006,110612,Miruek Taman,,,
1106122007,110612,Suleue,,,
1106122008,110612,Gampong Cot,,,
1106122009,110612,Gampong Blang,,,
1106122010,110612,Lampuja,,,
1106122011,110612,Tanjung Deah,,,
1106122012,110612,Limpok,,,
1106122013,110612,Lampuuk,,,
1106122014,110612,Lam Ujong,,,
1106122015,110612,Lam Gawe,,,
1106122016,110612,Berabung,,,
1106122017,110612,Lamtimpeung,,,
1106122018,110612,Tungkop,,,
1106122019,110612,Tanjong Seulamat,,,
1106122020,110612,Lamkeunung,,,
1106122021,110612,Lam Duroy,,,
1106122022,110612,Lam Klat,,,
1106122023,110612,Lambiheu Siem,,,
1106122024,110612,Lambitra,,,
1106122025,110612,Lie Eue,,,
1106122026,110612,Krueng Kalee,,,
1106122027,110612,Lam Asan,,,
1106122028,110612,Lam Reh,,,
1106122029,110612,Siem,,,
1106132001,110613,Rinon,,,
1106132002,110613,Alue Raya,,,
1106132003,110613,Melingge,,,
1106132004,110613,Lapeng,,,
1106132005,110613,Ulee Paya,,,
1106132006,110613,Gugop,,,
1106132007,110613,Seurapong,,,
1106132008,110613,Blang Situngkoh,,,
1106132009,110613,Paloh,,,
1106132010,110613,Lampuyang,,,
1106132011,110613,Lhok,,,
1106132012,110613,Teunom,,,
1106132013,110613,Lamteng,,,
1106132014,110613,Pasi Janeng,,,
1106132015,110613,Rabo,,,
1106132016,110613,Alue Reuyeueng,,,
1106132017,110613,Deudap,,,
1106142001,110614,Lamtamot,,,
1106142002,110614,Lambaro Tunong,,,
1106142003,110614,Lonbaroh,,,
1106142004,110614,Lon Asan,,,
1106142005,110614,Paya Keureuleh,,,
1106142006,110614,Panca,,,
1106142007,110614,Lam Kubu,,,
1106142008,110614,Panca Kubu,,,
1106142009,110614,Suka Damai,,,
1106142010,110614,Suka Mulya,,,
1106142011,110614,Saree Aceh,,,
1106142012,110614,Teuladan,,,
1106152001,110615,Teureubeh,,,
1106152002,110615,Barueh,,,
1106152003,110615,Jantho,,,
1106152004,110615,Awek,,,
1106152005,110615,Data Cut,,,
1106152006,110615,Bueng,,,
1106152007,110615,Weu,,,
1106152008,110615,Jalin,,,
1106152009,110615,Suka Tani,,,
1106152010,110615,Cucum,,,
1106152011,110615,Jantho Baru,,,
1106152012,110615,Jantho Makmur,,,
1106152013,110615,Bukit Meusara,,,
1106162001,110616,Lampakuk,,,
1106162002,110616,Lampoh Raja,,,
1106162003,110616,Lam Aling,,,
1106162004,110616,Lamleupung,,,
1106162005,110616,Lamkleng,,,
1106162006,110616,Ie Alang Lamkreumeuh,,,
1106162007,110616,Ie Alang Lamghui,,,
1106162008,110616,Ie Alang Mesjid,,,
1106162009,110616,Ie Alang Dayah,,,
1106162010,110616,Lamtui,,,
1106162011,110616,Barih Lhok,,,
1106162012,110616,Bueng Simek,,,
1106162013,110616,Banda Safa,,,
1106162014,110616,Bithak,,,
1106162015,110616,Lambeugak,,,
1106162016,110616,Pakuk,,,
1106162017,110616,Lamsie,,,
1106162018,110616,Sigapang,,,
1106162019,110616,Tutui,,,
1106162020,110616,Pasar Lampaku,,,
1106162021,110616,Maheng,,,
1106162022,110616,Leupung Bruek,,,
1106162023,110616,Keumireu,,,
1106162024,110616,Lamleuot,,,
1106162025,110616,Leupung Balue,,,
1106162026,110616,Bak Sukon,,,
1106162027,110616,Cot Bayu,,,
1106162028,110616,Glee Jai,,,
1106162029,110616,Keuruweung Blang,,,
1106162030,110616,Keuruweung Krueng,,,
1106162031,110616,Siron Blang,,,
1106162032,110616,Siron Krueng,,,
1106172001,110617,Lambaro Samahani,,,
1106172002,110617,Lam Ara Cut,,,
1106172003,110617,Lam Ara Engkit,,,
1106172004,110617,Lam Ara Tunong,,,
1106172005,110617,Leupung Riwat,,,
1106172006,110617,Tumbo Baro,,,
1106172007,110617,Leupung Cut,,,
1106172008,110617,Lamsiteh Cot,,,
1106172009,110617,Reuleung Karieng,,,
1106172010,110617,Leubok Buni,,,
1106172011,110617,Leubok Batee,,,
1106172012,110617,Bunghu,,,
1106172013,110617,Teu Dayah,,,
1106172014,110617,Leupung Rayeuk,,,
1106172015,110617,Reuleung Glumpang,,,
1106182001,110618,Ateuk Lam Phang,,,
1106182002,110618,Ateuk Lampuot,,,
1106182003,110618,Ateuk Mon Panah,,,
1106182004,110618,Ateuk Lam Ura,,,
1106182005,110618,Ateuk Cut,,,
1106182006,110618,Ateuk Blang Asan,,,
1106182007,110618,Lamjamee Dayah,,,
1106182008,110618,Lam Batee,,,
1106182009,110618,Nya,,,
1106182010,110618,Batee Linteung,,,
1106182011,110618,Krueng Mak,,,
1106182012,110618,Lambunot,,,
1106182013,110618,Lamjamee Lamkrak,,,
1106182014,110618,Blang Miro,,,
1106182015,110618,Blang Preh,,,
1106182016,110618,Bha Ulee Tutu,,,
1106182017,110618,Lam Urit,,,
1106182018,110618,Tantuha,,,
1106192001,110619,Lhang,,,
1106192002,110619,Biluy,,,
1106192003,110619,Lambatee,,,
1106192004,110619,Lamkunyet,,,
1106192005,110619,Lamtadok,,,
1106192006,110619,Neusok,,,
1106192007,110619,Turam,,,
1106192008,110619,Tubaluy,,,
1106192009,110619,Blang Kiree,,,
1106192010,110619,Manee Dayah,,,
1106192011,110619,Lamsod,,,
1106192012,110619,Lambleut,,,
1106192013,110619,Empee Trieng,,,
1106192014,110619,Lambaro Biluy,,,
1106202001,110620,Cadek,,,
1106202002,110620,Kajhu,,,
1106202003,110620,Baet,,,
1106202004,110620,Blang Krueng,,,
1106202005,110620,Klieng Muria,,,
1106202006,110620,Lam Bada Lhok,,,
1106202007,110620,Lampineung,,,
1106202008,110620,Lam Asan,,,
1106202009,110620,Labuy,,,
1106202010,110620,Lam Ujong,,,
1106202011,110620,Klieng Cot Aron,,,
1106202012,110620,Cot Paya,,,
1106202013,110620,Miruk Lam Reudep,,,
1106212001,110621,Meunasah Papeun,,,
1106212002,110621,Meunasah Baktrieng,,,
1106212003,110621,Leung Ie,,,
1106212004,110621,Lampermai,,,
1106212005,110621,Gle Deyah,,,
1106212006,110621,Miruk,,,
1106212007,110621,Lam Gapang,,,
1106212008,110621,Meunasah Manyang,,,
1106212009,110621,Meunasah Baet,,,
1106212010,110621,Meunasah Intan,,,
1106212011,110621,Rumpet,,,
1106212012,110621,Gla Meunasah Baro,,,
1106222001,110622,Layeun,,,
1106222002,110622,Pulot,,,
1106222003,110622,Lamseunia,,,
1106222004,110622,Mns. Mesjid,,,
1106222005,110622,Meunasah Bak U,,,
1106222006,110622,Dayah Mamplam,,,
1106232001,110623,Cot Puklat,,,
1106232002,110623,Lamme,,,
1106232003,110623,Meulayo,,,
1106232004,110623,Lam Siem,,,
1106232005,110623,Cot Geundreut,,,
1106232006,110623,Paya Ue,,,
1106232007,110623,Cot Monraya,,,
1106232008,110623,Cot Meulangeun,,,
1106232009,110623,Cot Madhi,,,
1106232010,110623,Bueng Sidom,,,
1106232011,110623,Cot Karieng,,,
1106232012,110623,Gampong Blang,,,
1106232013,110623,Cot Malem,,,
1106232014,110623,Cot Rumpun,,,
1106232015,110623,Cot Hoho,,,
1106232016,110623,Cot Jambo,,,
1106232017,110623,Cot Nambak,,,
1106232018,110623,Bueng Pageu,,,
1106232019,110623,Cot Sayun,,,
1106232020,110623,Teupin Batee,,,
1106232021,110623,Cot Leuot,,,
1106232022,110623,Cot Bagie,,,
1106232023,110623,Kayee Kunyet,,,
1106232024,110623,Cot Mancang,,,
1106232025,110623,Empee Bata,,,
1106232026,110623,Data Makmur,,,
1107032001,110703,Dayah Tuha,,,
1107032002,110703,Dayah Baroh,,,
1107032003,110703,Bintang Hu,,,
1107032004,110703,Pulo Tukok,,,
1107032005,110703,Pulo Bungong,,,
1107032006,110703,Geunteng Barat,,,
1107032007,110703,Geunteng Timur,,,
1107032008,110703,Calong Cut,,,
1107032009,110703,Glumpang Lhee,,,
1107032010,110703,Aron,,,
1107032011,110703,Tuha,,,
1107032012,110703,Dayah,,,
1107032013,110703,Mesjid,,,
1107032014,110703,Meucat,,,
1107032015,110703,Teupin Raya,,,
1107032016,110703,Rungkom,,,
1107032017,110703,Mee,,,
1107032018,110703,Pulo Pande,,,
1107032019,110703,Seulatan,,,
1107032020,110703,Alue Lada,,,
1107032021,110703,Teupin Jeue,,,
1107032022,110703,Neuheun,,,
1107032023,110703,Crueng,,,
1107032024,110703,Kareung,,,
1107032025,110703,Kulee,,,
1107032026,110703,Kulam,,,
1107032027,110703,Awe,,,
1107032028,110703,Pasi Beurandeh,,,
1107042001,110704,Tunong,,,
1107042002,110704,Raya,,,
1107042003,110704,Daboh,,,
1107042004,110704,Cut,,,
1107042005,110704,Mesjid Reubee,,,
1107042006,110704,Tanjong,,,
1107042007,110704,Geudong,,,
1107042008,110704,Reuntoh,,,
1107042009,110704,Reuba,,,
1107042010,110704,Mns. Krueng,,,
1107042011,110704,Neulop,,,
1107042012,110704,Glee,,,
1107042013,110704,Kumbang,,,
1107042014,110704,Buloh,,,
1107042015,110704,Bungo,,,
1107042016,110704,Dayah Reubee,,,
1107042017,110704,Jambee,,,
1107042018,110704,Dayah Baro,,,
1107042019,110704,Puuk,,,
1107042020,110704,Lhee Meunasah,,,
1107042021,110704,Ulee Tutue Raya,,,
1107042022,110704,Mesjid Aree,,,
1107042023,110704,Keutapang Aree,,,
1107042024,110704,Pantee,,,
1107042025,110704,Pulo Tunong,,,
1107042026,110704,Pulo Baroh Aree,,,
1107042027,110704,Keurumbok,,,
1107042028,110704,Ceurih Blang Mee,,,
1107042029,110704,Ceurih Kupula,,,
1107042030,110704,Ceurih Alue,,,
1107042031,110704,Ceurih Cot,,,
1107042032,110704,Seupeung,,,
1107042033,110704,Sukon Lhong,,,
1107042034,110704,Dayah Beuah,,,
1107042035,110704,Krueng Cot,,,
1107042036,110704,Mesjid Beuah,,,
1107042037,110704,Lueng Dama,,,
1107042038,110704,Mesjid Bambong,,,
1107042039,110704,Reuseb,,,
1107042040,110704,Sagoe,,,
1107042041,110704,Seukeum,,,
1107042042,110704,Pengoe,,,
1107042043,110704,Keutapang Bambong,,,
1107042044,110704,Metareum,,,
1107052001,110705,Bangkeh,,,
1107052002,110705,Pucok,,,
1107052004,110705,Leupu,,,
1107052005,110705,Pulo Lhoih,,,
1107052006,110705,Keune,,,
1107062001,110706,Simpang,,,
1107062002,110706,Krueng Jangko,,,
1107062003,110706,Krueng Nyong,,,
1107062004,110706,Cot Baroh,,,
1107062005,110706,Cot Tunong,,,
1107062006,110706,Bili,,,
1107062007,110706,Panjoe,,,
1107062008,110706,Amud Mesjid,,,
1107062009,110706,Reudeup Meulayu,,,
1107062010,110706,Dayah Tanoh,,,
1107062011,110706,Mamplam,,,
1107062012,110706,Balee,,,
1107062013,110706,Kupula,,,
1107062014,110706,Pulo Lueng Teuga,,,
1107062015,110706,Sukon Mesjid,,,
1107062016,110706,Sukon Baroh,,,
1107062017,110706,Kruet Teumpeun,,,
1107062018,110706,Blang Drang,,,
1107062019,110706,Ude Gampong,,,
1107062020,110706,Kayee Jatoe,,,
1107062021,110706,Kampong Jeumpa,,,
1107062022,110706,Pulo Lon / Pulo Dayah,,,
1107062023,110706,Jurong Pande,,,
1107062024,110706,Pulo Gajah Mate,,,
1107062025,110706,Tufah Jeulatang,,,
1107062026,110706,Kumbang Keupula,,,
1107062027,110706,Pulo Batee,,,
1107062028,110706,Meunjee,,,
1107062029,110706,Keutapang Mesjid,,,
1107062030,110706,Dayah Kp. Pisang,,,
1107062031,110706,Blang Tunong,,,
1107062032,110706,Blang Pueb,,,
1107062033,110706,Lambaro,,,
1107062034,110706,Neurok,,,
1107072001,110707,Tampieng Tunong,,,
1107072002,110707,Tampieng Baroh,,,
1107072003,110707,Dayah Caleue,,,
1107072004,110707,Jurong,,,
1107072005,110707,Keutapang,,,
1107072006,110707,Dayah Keurako,,,
1107072007,110707,Mesjid Lam Ujong,,,
1107072008,110707,Baro Jruek,,,
1107072009,110707,Yub Mee,,,
1107072010,110707,Raya,,,
1107072011,110707,Pulo Gampong U,,,
1107072012,110707,Pante Lhok Kaju,,,
1107072014,110707,Sukon Tungkop,,,
1107072015,110707,Rawa Tungkop,,,
1107072016,110707,Mesjid Tungkop,,,
1107072017,110707,Dayah Muara,,,
1107072018,110707,Pante Garot,,,
1107072019,110707,Garot Cut,,,
1107072020,110707,Keubang,,,
1107072021,110707,Blang Garot,,,
1107072022,110707,Meulayu,,,
1107072023,110707,Tungkop Cut,,,
1107072024,110707,Guci,,,
1107072025,110707,Teungoh Blang,,,
1107072026,110707,Mesjid Dijiem,,,
1107072027,110707,Sukon Ulee Gampong,,,
1107072028,110707,Lamkabu,,,
1107072029,110707,Ulee Birah,,,
1107072030,110707,Mesjid Baro,,,
1107072031,110707,Lamreuneung,,,
1107072032,110707,Cot Seuke,,,
1107072033,110707,Drien,,,
1107072034,110707,Rumia,,,
1107072035,110707,Wakheuh,,,
1107072036,110707,Baro Bluek,,,
1107072037,110707,Mesjid Ulee Gampong,,,
1107072038,110707,Dayah Bie,,,
1107072039,110707,Bale Baro Bluek,,,
1107072040,110707,Putoe Gapui,,,
1107072041,110707,Blang Rapai,,,
1107072042,110707,Neulop II,,,
1107072043,110707,Baro Gapui,,,
1107072044,110707,Balee Baroh Gapui,,,
1107072045,110707,Glee Gapu,,,
1107072046,110707,Teungoh Suwiek,,,
1107072047,110707,Mesjid Suwiek,,,
1107072048,110707,Tuha Suwiek,,,
1107072049,110707,Beureudep,,,
1107072050,110707,Blang Lhok Kaju,,,
1107082001,110708,Jurong Balee,,,
1107082002,110708,Aron Asan Kumbang,,,
1107082003,110708,Cebrek,,,
1107082004,110708,Jurong Mesjid,,,
1107082005,110708,Meunasah Gantung,,,
1107082006,110708,Babah Jurong,,,
1107082007,110708,Keupula,,,
1107082008,110708,Jareng,,,
1107082009,110708,Arusan,,,
1107082010,110708,Tanjong Krueng,,,
1107082011,110708,Lancang,,,
1107082012,110708,Pasi Lhok,,,
1107082013,110708,Jeumeurang,,,
1107082014,110708,Pusong,,,
1107082015,110708,Meuraksa,,,
1107082016,110708,Kayee Panyang,,,
1107082017,110708,Kampong Panjoe,,,
1107082018,110708,Kampong Asan,,,
1107082019,110708,Meunasah Mesjid,,,
1107082020,110708,Meunasah Mee,,,
1107082021,110708,Meunasah Teungoh,,,
1107082022,110708,Pasi ie Leubeue,,,
1107082023,110708,Keude ie Leubeue,,,
1107082024,110708,Sukon,,,
1107082025,110708,Ara,,,
1107082026,110708,Meunasah Krueng,,,
1107082027,110708,Krueng Dhoe,,,
1107082028,110708,Meunasah Baro,,,
1107082029,110708,Bentayan,,,
1107082030,110708,Kandang,,,
1107082031,110708,Lamkawe,,,
1107082032,110708,Puuk,,,
1107082033,110708,Tanjong,,,
1107082034,110708,Dayah Blang,,,
1107082035,110708,Dayah Mon Ara,,,
1107082036,110708,Keureumbok,,,
1107082037,110708,Manyang,,,
1107082038,110708,Matang Kuli,,,
1107082039,110708,Reung-Reung,,,
1107082040,110708,Teumpeun,,,
1107082041,110708,Blang Cut,,,
1107082042,110708,Geulumpang,,,
1107082043,110708,Aron Kuta Baro,,,
1107082044,110708,Kampong Barat,,,
1107082045,110708,Kampong Araih,,,
1107092001,110709,Blang Paseh,,,
1107092002,110709,Benteng,,,
1107092003,110709,Blok Bengkel,,,
1107092004,110709,Pante Teungoh,,,
1107092005,110709,Kuala Pidie,,,
1107092006,110709,Keramat Luar,,,
1107092007,110709,Keramat Dalam,,,
1107092008,110709,Blok Sawah,,,
1107092009,110709,Blang Asan,,,
1107092010,110709,Lampoh Krueng,,,
1107092011,110709,Kampong Asan,,,
1107092012,110709,Meunasah Peukan,,,
1107092013,110709,Pasi Rawa,,,
1107092014,110709,Pasi Peukan Baro,,,
1107092015,110709,Tanjong Krueng,,,
1107112001,110711,Blang,,,
1107112002,110711,Teumeucet,,,
1107112003,110711,Blang Cut,,,
1107112004,110711,Kumbang,,,
1107112005,110711,Pulo Tanjong,,,
1107112006,110711,Ara Bungkok,,,
1107112007,110711,Lagang,,,
1107112008,110711,Mesjid Ilot,,,
1107112009,110711,Baroh Ilot,,,
1107112010,110711,Tunong Ilot,,,
1107112011,110711,Teungoh Ilot,,,
1107112012,110711,Dayah Andeue,,,
1107112013,110711,Dayah Sinthop,,,
1107112014,110711,Kulu,,,
1107112015,110711,Mesjid Andeue,,,
1107112016,110711,Meuyub Lala,,,
1107112017,110711,Tuha Lada,,,
1107112018,110711,Lhok Lubu,,,
1107112019,110711,Babah Jurong,,,
1107112020,110711,Krueng Lala,,,
1107122001,110712,Cot,,,
1107122002,110712,Tgk Di Laweung,,,
1107122003,110712,Mesjid,,,
1107122004,110712,Keupula,,,
1107122005,110712,Suka Jaya,,,
1107122006,110712,Pawod,,,
1107122007,110712,Deyah,,,
1107122008,110712,Krueng,,,
1107122009,110712,Gle Cut,,,
1107122010,110712,IE Masen,,,
1107122011,110712,Sagoe,,,
1107122012,110712,Ujong Pie,,,
1107122013,110712,Blang Raya,,,
1107122014,110712,Batee,,,
1107122015,110712,Ingin Jaya,,,
1107122016,110712,Papeun,,,
1107122017,110712,Tuha Biheue,,,
1107122018,110712,Simpang Beutong,,,
1107132001,110713,Mesjid Yaman,,,
1107132002,110713,Baro Yaman,,,
1107132003,110713,Mee Teungoh,,,
1107132004,110713,Sentosa,,,
1107132005,110713,Baroh Barat Yaman,,,
1107132006,110713,Tuha Gampong Gajah,,,
1107132007,110713,Jadan,,,
1107132008,110713,Balee Keumangan,,,
1107132009,110713,Blang Tidiek,,,
1107132010,110713,Blang Lilue,,,
1107132011,110713,Keumangan Cut,,,
1107132012,110713,Mesjid Keumangan,,,
1107132013,110713,Dayah Tidiek,,,
1107132014,110713,Lueng Sagoe,,,
1107132015,110713,Blang Beureueh,,,
1107132016,110713,Dayah Beureueh,,,
1107132017,110713,Pante Beureueh,,,
1107132018,110713,Rapana,,,
1107132019,110713,Paya Tiba,,,
1107132020,110713,Paloh Kambuek,,,
1107132021,110713,Lampoh Sirong,,,
1107132022,110713,Mee Panyang,,,
1107132023,110713,Reului,,,
1107132024,110713,Dayah Syarief,,,
1107132025,110713,Peureulak,,,
1107132026,110713,Ribeun,,,
1107132027,110713,Balee Busu,,,
1107132028,110713,Lingkok Busu,,,
1107132029,110713,Kumbang,,,
1107142001,110714,Mesjid Kunyet,,,
1107142002,110714,Piala Kunyet,,,
1107142003,110714,Hagu Kunyet,,,
1107142004,110714,Baro Kunyet,,,
1107142005,110714,Dayah Tanoh Kunyet,,,
1107142006,110714,Kambuk Nicah Kunyet,,,
1107142007,110714,Kambuk Payapi Kunyet,,,
1107142008,110714,Seunadeu Kunyet,,,
1107142009,110714,Blang Guci Kunyet,,,
1107142010,110714,Dayah Baroh Kunyet,,,
1107142011,110714,Blang Geuleudieng,,,
1107142012,110714,Geulumpang Geuleudieng,,,
1107142013,110714,Mesjid Geuleudieng,,,
1107142014,110714,Sukon Peudaya,,,
1107142015,110714,Mesjid Peudaya,,,
1107142016,110714,Cut Peudaya,,,
1107142017,110714,Buloh Peudaya,,,
1107142018,110714,Perlak Peudaya,,,
1107142019,110714,Dayah Baroh Peudaya,,,
1107142020,110714,Teungoh Peudaya,,,
1107142021,110714,Tuha Peudaya,,,
1107142022,110714,Tunong Peudaya,,,
1107142023,110714,Buni Reulieng Peudaya,,,
1107142024,110714,Trieng Paloh,,,
1107142025,110714,Leuhob Paloh,,,
1107142026,110714,Cut Paloh,,,
1107142027,110714,Suyo Paloh,,,
1107142028,110714,Kreb Paloh,,,
1107142029,110714,Capa Paloh,,,
1107142030,110714,Jurong Anoe Paloh,,,
1107142031,110714,Balee Paloh,,,
1107142032,110714,Siron Paloh,,,
1107142033,110714,Jurong Gampong Cut Paloh,,,
1107142034,110714,Pante Cermen Paloh,,,
1107142035,110714,Pasar Paloh,,,
1107142036,110714,Mesjid Paloh,,,
1107142037,110714,Meuke Beurabo,,,
1107142038,110714,Mesjid Beurabo,,,
1107142039,110714,Seukeumbrok Beurabo,,,
1107142040,110714,Baro Beurabo,,,
1107142041,110714,Adang Beurabo,,,
1107142042,110714,Paloh Jeurat Beurabo,,,
1107142043,110714,Seuleunggieng Beurabo,,,
1107142044,110714,Teungoh Drien Gogo,,,
1107142045,110714,Kumbang Gogo,,,
1107142046,110714,Mesjid Gogo,,,
1107142047,110714,Tuha Gogo,,,
1107142048,110714,Glee Gogo,,,
1107142049,110714,Meuke Gogo,,,
1107142050,110714,Raya Gogo,,,
1107142051,110714,Grong-Grong Gogo,,,
1107142052,110714,Aron Bunot Gogo,,,
1107142053,110714,Buloh Gogo,,,
1107142054,110714,Tonoeng Tanjong,,,
1107142055,110714,Keupula Tanjong,,,
1107142056,110714,Jok Tanjong,,,
1107142057,110714,Leun Tanjong,,,
1107142058,110714,Pante Crung Tanjong,,,
1107142059,110714,Cot Keutapang Tanjong,,,
1107142060,110714,Siron Tanjong,,,
1107142061,110714,Mesjid Tanjong,,,
1107142062,110714,Khang Tanjong,,,
1107142063,110714,Meuriya Tanjong,,,
1107142064,110714,Pulo Hagu Tanjong,,,
1107152001,110715,Dua Paya,,,
1107152002,110715,Cot Mulu,,,
1107152003,110715,Dayah Bubue,,,
1107152004,110715,Tanjong Hagu,,,
1107152005,110715,Sumboe Buga,,,
1107152006,110715,Rambayan Kupula,,,
1107152007,110715,Rambayan Lueng,,,
1107152008,110715,Cempala Kuneng,,,
1107152009,110715,Peunayong,,,
1107152010,110715,Leuhop,,,
1107152011,110715,Kumbang waido,,,
1107152012,110715,Gampong waido,,,
1107152013,110715,Mee Krukon,,,
1107152014,110715,Mee Lampoih Saka,,,
1107152015,110715,Lueng Guci Rumpong,,,
1107152016,110715,Dayah Seumideun,,,
1107152017,110715,Mesjid Guci Rumpong,,,
1107152018,110715,Reuba Waido,,,
1107152019,110715,Dayah Tungku,,,
1107152020,110715,Jurong Raya,,,
1107152021,110715,Balee Rastong,,,
1107152022,110715,Lueng Mesjid,,,
1107152023,110715,Teungoh Baroh,,,
1107152024,110715,Mee Hagu,,,
1107152025,110715,Dayah Sukon,,,
1107152026,110715,Blang Raya,,,
1107152027,110715,Balee Pineung,,,
1107152028,110715,Meunjee Mesjid,,,
1107152029,110715,Mee Tanoh,,,
1107152030,110715,Sialet-Alet,,,
1107152031,110715,Bluek Arab,,,
1107152032,110715,Puuk,,,
1107152033,110715,Dayah Muara,,,
1107152034,110715,Sawiet,,,
1107152035,110715,Ulee Tutue,,,
1107152036,110715,Jim,,,
1107152037,110715,Keutapang,,,
1107152038,110715,Meuleuweuk,,,
1107152039,110715,Jurong,,,
1107152040,110715,Raya Krueng Seumideun,,,
1107152041,110715,Sukon Krueng Seumideun,,,
1107152042,110715,Mee Krueng Seumideun,,,
1107152043,110715,Blang Krueng Seumideun,,,
1107152044,110715,Keurumbok,,,
1107152045,110715,Ulee Cot Seupeng,,,
1107152046,110715,Kabat,,,
1107152049,110715,Blang Seupeng,,,
1107152050,110715,Gampong,,,
1107162001,110716,Tijue,,,
1107162002,110716,Lampeudue Tunong,,,
1107162003,110716,Puuk,,,
1107162004,110716,Lampeudue Baroh,,,
1107162005,110716,Paya,,,
1107162006,110716,Mesjid Runtoh,,,
1107162007,110716,Dayah Teungoh,,,
1107162008,110716,Baroh,,,
1107162009,110716,Dayah Tanoh,,,
1107162010,110716,Cot Geunduk,,,
1107162011,110716,Tumpok Laweung,,,
1107162012,110716,Ulee Ceue,,,
1107162013,110716,Keude Keulibeut,,,
1107162014,110716,Ulee Tutue,,,
1107162015,110716,Dayah Tutong,,,
1107162016,110716,Lampoh Lada,,,
1107162017,110716,Keuniree,,,
1107162018,110716,Tumpok 40,,,
1107162019,110716,Cot Teungoh,,,
1107162020,110716,Cot Rheng,,,
1107162021,110716,Labui,,,
1107162022,110716,Meunasah Gampong,,,
1107162023,110716,Pulo Pisang,,,
1107162024,110716,Lam Kuta,,,
1107162025,110716,Kampong Pukat,,,
1107162026,110716,Kampong Barat,,,
1107162027,110716,Paloh,,,
1107162028,110716,Gampong Baro,,,
1107162029,110716,Pulo Bubee,,,
1107162030,110716,Tibang,,,
1107162031,110716,Rawa,,,
1107162032,110716,Peukan Baro,,,
1107162033,110716,Mancang,,,
1107162034,110716,Gajah Ayee,,,
1107162035,110716,Lhok Keutapang,,,
1107162036,110716,Dalueng,,,
1107162037,110716,Ulee Ceue,,,
1107162038,110716,Meucat,,,
1107162039,110716,Dayah Teubeng,,,
1107162040,110716,Tanjong,,,
1107162041,110716,Jawa,,,
1107162042,110716,Bayu,,,
1107162043,110716,Abo,,,
1107162044,110716,Keutapang,,,
1107162045,110716,Krueng Dhoe,,,
1107162046,110716,Sirong,,,
1107162047,110716,Keutumbu,,,
1107162048,110716,Jeumpa,,,
1107162049,110716,Raya sanggeue,,,
1107162050,110716,Jeuleupee,,,
1107162051,110716,Ujong Langgo,,,
1107162052,110716,Cot Glumpang,,,
1107162053,110716,Seriweuk,,,
1107162054,110716,Mesjid Utue,,,
1107162055,110716,Leubue,,,
1107162056,110716,Batee,,,
1107162057,110716,Raya Uteu,,,
1107162058,110716,Seukembroek,,,
1107162059,110716,Bie,,,
1107162060,110716,Blang Kula,,,
1107162061,110716,ALue,,,
1107162062,110716,Seukee,,,
1107162063,110716,Paya Linteung,,,
1107162064,110716,Puli,,,
1107172001,110717,Balue Tanoh,,,
1107172002,110717,Balue Kulu,,,
1107172003,110717,Meunasah Empeh,,,
1107172004,110717,Cot Sukon,,,
1107172005,110717,Mns Dayah Tuha,,,
1107172006,110717,Kampong Cot,,,
1107172007,110717,Paloh Jeureula,,,
1107172008,110717,Barieh,,,
1107172009,110717,Kandang,,,
1107172010,110717,Riweuek,,,
1107172011,110717,Mancang,,,
1107172012,110717,Kampong Pisang Bucue,,,
1107172013,110717,Bucue,,,
1107172014,110717,Lhok Panah,,,
1107172015,110717,Murong Cot,,,
1107172016,110717,Cumbok Lie,,,
1107172017,110717,Lam Ujong,,,
1107172018,110717,Murong Lhok,,,
1107172019,110717,Blang Cut,,,
1107172020,110717,Cot Cantek,,,
1107172021,110717,Blang Kumot Baroh,,,
1107172022,110717,B. Kumot Tunong,,,
1107172023,110717,Cumbok Niwa,,,
1107172024,110717,Leupeuem Mesjid,,,
1107172025,110717,Pulo Jeumpa,,,
1107172026,110717,Beutong Pocut,,,
1107172027,110717,Beutong Perlak,,,
1107172028,110717,Kampong Jeumpa,,,
1107172029,110717,Pante Krueng,,,
1107172030,110717,Jurong Pante,,,
1107172032,110717,Mali Lamkuta,,,
1107172033,110717,Mali Uke,,,
1107172034,110717,Mali Mesjid,,,
1107172035,110717,Mali Cot,,,
1107172036,110717,Tangkueng,,,
1107172037,110717,Lhok Mee,,,
1107172038,110717,Lameue Mns. Raya,,,
1107172039,110717,Lameue Mns. Baro,,,
1107172040,110717,Lameue Mns. Lueng,,,
1107172041,110717,Pulo Keureumbok,,,
1107172042,110717,Mns Raya Kp Pisang,,,
1107172043,110717,Mns Blang Sakti,,,
1107172044,110717,Perlak Baroh,,,
1107172045,110717,Lingkok,,,
1107172046,110717,Pasar Kota Bakti,,,
1107172047,110717,Mns Balee,,,
1107172048,110717,Perlak Asan,,,
1107172049,110717,Kampong Baro,,,
1107172050,110717,Mali Guyui,,,
1107182001,110718,Mns Raya Paya,,,
1107182002,110718,Mesjid Bungie,,,
1107182003,110718,Liliep,,,
1107182004,110718,Ujong Baroh,,,
1107182005,110718,Peukan Sot,,,
1107182006,110718,Sukon,,,
1107182007,110718,Raya Paleue,,,
1107182008,110718,Lambideng,,,
1107182009,110718,Cot Paleue,,,
1107182010,110718,Seukee,,,
1107182011,110718,Cebrek,,,
1107182012,110718,Linggong Sagoe,,,
1107182013,110718,Kulam Baro,,,
1107182014,110718,Empeh,,,
1107182015,110718,Nien,,,
1107182016,110718,Ceureucok Timur,,,
1107182017,110718,Ceureukcok Barat,,,
1107182018,110718,Jaja Baroh,,,
1107182019,110718,Jaja Tunong,,,
1107182020,110718,Mesjid Gigieng,,,
1107182021,110718,Gong,,,
1107182022,110718,Pulo Raya,,,
1107182023,110718,Pulo Blang,,,
1107182024,110718,Mamplam,,,
1107182025,110718,Meunasah Lhee,,,
1107182026,110718,Pante,,,
1107182027,110718,Kupula,,,
1107182028,110718,Mantak Raya,,,
1107182029,110718,Peukan Tuha,,,
1107182030,110718,Dayah Lampoh Awe,,,
1107182031,110718,Meunasah Blang,,,
1107182032,110718,Pulo Gajah Mate,,,
1107182033,110718,Seuk Ceukok,,,
1107182034,110718,Pulo Tu,,,
1107182035,110718,Jurong,,,
1107182036,110718,Kampong Blang,,,
1107182037,110718,Padang,,,
1107182038,110718,Cot Ara,,,
1107182039,110718,Dayah Blang Cut,,,
1107182040,110718,Teungoh Mangki,,,
1107182041,110718,Dayah Blang,,,
1107182042,110718,Madika,,,
1107182043,110718,Sagoe,,,
1107182044,110718,Cereucok sagoe,,,
1107182045,110718,Bunien,,,
1107182046,110718,Paloh Tok Due,,,
1107182047,110718,Mesjid Tungoe,,,
1107182048,110718,Blang Leuen,,,
1107182049,110718,Ujong Gampong,,,
1107182050,110718,Cot Jaja,,,
1107182051,110718,Lheue,,,
1107182052,110718,Ulee Barat,,,
1107192001,110719,Keude Tangse,,,
1107192002,110719,Pulo Mesjid I,,,
1107192003,110719,Pulo Mesjid II,,,
1107192004,110719,Pulo Sejahtera,,,
1107192005,110719,Pulo Kawa,,,
1107192006,110719,Pulo Seunong,,,
1107192007,110719,Nubok Badeuk,,,
1107192008,110719,Blang Jeurat,,,
1107192009,110719,Pulo Baro,,,
1107192010,110719,Layan,,,
1107192011,110719,Blang Dalam,,,
1107192012,110719,Peunalom I,,,
1107192013,110719,Peunalom II,,,
1107192014,110719,Krueng Meuriam,,,
1107192015,110719,Tuha Blang Beungoh,,,
1107192016,110719,Blang Dhot,,,
1107192017,110719,Blang Bungong,,,
1107192018,110719,Ulee Gunong,,,
1107192019,110719,Keubon Nilam,,,
1107192020,110719,Paya Guci,,,
1107192021,110719,Rantau Panyang,,,
1107192022,110719,Blang Malo,,,
1107192023,110719,Krueng Seukeuek,,,
1107192024,110719,Beungga,,,
1107192025,110719,Alue Calong,,,
1107192026,110719,Pulo Ie,,,
1107192027,110719,Lhok Keutapang,,,
1107192028,110719,Blang Pandak,,,
1107212001,110721,Rabo,,,
1107212002,110721,Pulo Siblah,,,
1107212003,110721,Lhok Igeuh,,,
1107212004,110721,Pulo Geulumpang,,,
1107212005,110721,Meunasah Mancang,,,
1107212006,110721,Pulo Tambo,,,
1107212007,110721,Pulo Kenari,,,
1107212008,110721,Peunadok,,,
1107212009,110721,Pulo Mesjid,,,
1107212010,110721,Meunasah Dayah,,,
1107212011,110721,Trieng Cudo Baroh,,,
1107212012,110721,Trieng Cudo Tunong,,,
1107212013,110721,Mampree,,,
1107212014,110721,Daya Baroh,,,
1107212015,110721,Daya Teungoh,,,
1107212016,110721,Dayah KP Baro,,,
1107212017,110721,Dayah Cot,,,
1107212018,110721,Blang Rikui,,,
1107212019,110721,Panton Bunot,,,
1107222001,110722,U Gadeng,,,
1107222002,110722,Kumbang,,,
1107222003,110722,Sagoe,,,
1107222004,110722,Dayah Keumala,,,
1107222005,110722,Jujiem,,,
1107222006,110722,Rheng,,,
1107222007,110722,Cot Nuran,,,
1107222008,110722,Pulo Pantee,,,
1107222009,110722,Paloh Teungoh,,,
1107222010,110722,Asan Nicah,,,
1107222011,110722,Papeun,,,
1107222012,110722,Pulo Seupeng,,,
1107222013,110722,Mesjid Nicah,,,
1107222014,110722,Tunong,,,
1107222015,110722,Pako,,,
1107222016,110722,Pulo Baro,,,
1107222017,110722,Cot Kreh,,,
1107222031,110722,Pulo Cahi,,,
1107242001,110724,Baroh,,,
1107242002,110724,Alue Jojo,,,
1107242003,110724,Gampong Cot Usi,,,
1107242004,110724,Dayah Usi,,,
1107242005,110724,Paloh lhok Usi,,,
1107242006,110724,Campli Usi,,,
1107242007,110724,Mee Tanjong,,,
1107242008,110724,Mesjid Usi,,,
1107242009,110724,Paloh Raya,,,
1107242010,110724,Nibong,,,
1107242011,110724,Baro Ujong Rimba,,,
1107242012,110724,Rinti,,,
1107242013,110724,Didoh,,,
1107242014,110724,Meugit,,,
1107242015,110724,Empeh,,,
1107242016,110724,Blang Riek,,,
1107242017,110724,Balee Ujong Rimba,,,
1107242018,110724,Mon Ara,,,
1107242019,110724,Kulam Ara,,,
1107242020,110724,Blangon Basah,,,
1107242021,110724,Rambong,,,
1107242022,110724,Gampong Lada,,,
1107242023,110724,Dayah Kumba,,,
1107242024,110724,Cot Khutang,,,
1107242025,110724,Dayah Tanoh,,,
1107242026,110724,Ulee Tutue,,,
1107242027,110724,Beureueh II,,,
1107242028,110724,Mesjid Jeurat Manyang,,,
1107242029,110724,Paloh Tinggi,,,
1107242030,110724,Karieng,,,
1107242031,110724,Sagoe Tumpeun,,,
1107242032,110724,Tong Peria,,,
1107242033,110724,Tong Weng,,,
1107242034,110724,Pulo Drien,,,
1107242035,110724,Mesjid Gumpueng,,,
1107242036,110724,Ulee Gampong,,,
1107242037,110724,Barieh,,,
1107242038,110724,Jumphoih Adan,,,
1107242039,110724,Mee Adan,,,
1107242040,110724,Dayah Adan,,,
1107242041,110724,Alue Adan,,,
1107242042,110724,Rambot Adan,,,
1107242043,110724,Meucat Adan,,,
1107242044,110724,Tiba Mesjid,,,
1107242045,110724,Tiba Raya,,,
1107242046,110724,Reubat,,,
1107242047,110724,Simbe,,,
1107242048,110724,Jiem,,,
1107252001,110725,Gintong,,,
1107252002,110725,Mesjid Beureuleung,,,
1107252003,110725,Beureuleung,,,
1107252004,110725,Baroh,,,
1107252005,110725,Meunasah Mee,,,
1107252006,110725,Paya,,,
1107252007,110725,Teungoh,,,
1107252008,110725,Pangge Pilok,,,
1107252009,110725,Karieng,,,
1107252010,110725,Grong-Grong,,,
1107252011,110725,Nicah,,,
1107252012,110725,Mesj. Memeuaneuk,,,
1107252013,110725,Daka,,,
1107252014,110725,Sentosa,,,
1107252015,110725,Sukon,,,
1107272001,110727,Lutueng,,,
1107272002,110727,Blang Dalam,,,
1107272003,110727,Mane,,,
1107272004,110727,Turue Cut,,,
1107292001,110729,U. Bungkok,,,
1107292002,110729,Mee Teumpeun,,,
1107292003,110729,Kumbang Unoe,,,
1107292004,110729,Sagoe,,,
1107292005,110729,Geunteng,,,
1107292006,110729,Jurong Baro,,,
1107292007,110729,Sukon Paku,,,
1107292008,110729,Pulo Iboih,,,
1107292009,110729,Sangget,,,
1107292010,110729,Blang Baroh,,,
1107292011,110729,Manyang,,,
1107292012,110729,Pulo Panjoe,,,
1107292013,110729,Bale Gantung,,,
1107292014,110729,Daboih,,,
1107292015,110729,Seureukui Cebrek,,,
1107292016,110729,Glumpang Bungkok,,,
1107292017,110729,Ukee,,,
1107292018,110729,Kumbang Trueng Campli,,,
1107292019,110729,Palong,,,
1107292020,110729,Seuke,,,
1107292021,110729,Bungong,,,
1107312001,110731,Lingkok,,,
1107312002,110731,Pante Kulu,,,
1107312003,110731,Uke,,,
1107312004,110731,Pante Siren,,,
1107312005,110731,Pulo Raya,,,
1107312006,110731,Cut,,,
1107312007,110731,Dayah Meunara,,,
1107312008,110731,Paloh Naleueng,,,
1107312009,110731,Pulo Lhoih,,,
1107312010,110731,Mesjid Tongpudeng,,,
1107312011,110731,Blang Tho,,,
1107312012,110731,Asan Tongpudeng,,,
1107312013,110731,Alue,,,
1108012001,110801,Keude Alue Ie Puteh,,,
1108012002,110801,Meunasah Alue Ie Puteh,,,
1108012003,110801,Pucok Alue,,,
1108012004,110801,Alue Anoe Timu,,,
1108012005,110801,Alue Anoe Barat,,,
1108012006,110801,Pulo Seukee,,,
1108012007,110801,Alue Serdang,,,
1108012008,110801,Cot Mane,,,
1108012009,110801,Cot Kumbang,,,
1108012010,110801,Matang Kumbang,,,
1108012011,110801,Matang Kareung,,,
1108012012,110801,Cot Ulaya,,,
1108012013,110801,Alue Geudong,,,
1108012014,110801,Tanjong Glumpang,,,
1108012015,110801,Matang Raya Timu,,,
1108012016,110801,Matang Raya Barat,,,
1108012017,110801,Matang Kelayu,,,
1108012018,110801,Alue Buya,,,
1108012019,110801,Matang Cut,,,
1108012020,110801,Keude Panteu Breuh,,,
1108012021,110801,Meudang Ara,,,
1108012022,110801,Meunasah Bujok,,,
1108012023,110801,Alue Dama,,,
1108012024,110801,Cot Ara,,,
1108012025,110801,Rambong Dalam,,,
1108012026,110801,Meunasah Geudong,,,
1108012027,110801,Alue Keutapang,,,
1108012028,110801,Krueng Lingka Barat,,,
1108012029,110801,Krueng Lingka Timu,,,
1108012030,110801,Alue Jamok,,,
1108012031,110801,Alue Bili Geulumpang,,,
1108012032,110801,Lhok Seutuy,,,
1108012033,110801,Alue Bili Rayeuk,,,
1108012034,110801,Keude Menjee IV,,,
1108012035,110801,Glumpang Bungkok,,,
1108012036,110801,Matang Rawa,,,
1108012037,110801,Glumpang Samlakoe,,,
1108012038,110801,Arongan Lise,,,
1108012039,110801,Matang Reudeup,,,
1108012040,110801,Matang Manyam,,,
1108012041,110801,Matang Ulim,,,
1108012042,110801,Matang Beuringen,,,
1108012043,110801,Cot Manyang,,,
1108012044,110801,Alue Ie Tarek,,,
1108012045,110801,Alue Rambong,,,
1108012046,110801,Matang Linya,,,
1108012047,110801,Matang Lawang,,,
1108012048,110801,Glumpang payong,,,
1108012049,110801,Mon Sukon,,,
1108012050,110801,Lueng Bata,,,
1108012051,110801,Ceumpeudak,,,
1108012052,110801,Buket Dara Baro,,,
1108012053,110801,Matang Pineung,,,
1108012054,110801,Matang Baro,,,
1108012055,110801,Ujong Dama,,,
1108012056,110801,Babussalam,,,
1108012057,110801,Cinta Makmur,,,
1108022001,110802,Keude Krueng Geukueh,,,
1108022002,110802,Tambon Baroh,,,
1108022003,110802,Tambon Tunong,,,
1108022004,110802,Paloh Gadeng,,,
1108022005,110802,Paloh Lada,,,
1108022006,110802,Uteun Geulinggang,,,
1108022007,110802,Pulo Rungkom,,,
1108022008,110802,Paloh Igeuh,,,
1108022009,110802,Bangka Jaya,,,
1108022010,110802,Ulee Pulo,,,
1108022011,110802,Ulee Reuleung,,,
1108022012,110802,Geulumpang Sulu Timu,,,
1108022013,110802,Geulumpang Sulu Barat,,,
1108022014,110802,Bluka Teubai,,,
1108022015,110802,Lancang Barat,,,
1108032001,110803,Meunasah Blang Ara,,,
1108032002,110803,Meunasah Buket,,,
1108032003,110803,Blang Talon,,,
1108032004,110803,Cot Rheu,,,
1108032005,110803,Krueng Manyang,,,
1108032006,110803,Bayu,,,
1108032007,110803,Blang Ado,,,
1108032008,110803,Dayah Meunara,,,
1108032009,110803,Meunasah Kumbang,,,
1108032010,110803,Meunye Cut Bahagia,,,
1108032011,110803,Lhok Jok,,,
1108032012,110803,Alue Rambee,,,
1108032013,110803,Blang Riek,,,
1108032014,110803,Cempeudak,,,
1108032015,110803,Seuneubok Drien,,,
1108032016,110803,Cot Merbo,,,
1108032017,110803,Keude Blang Ara,,,
1108032018,110803,Keude Krueng,,,
1108032019,110803,Krueng Seunong,,,
1108032020,110803,Pulo Iboih,,,
1108032021,110803,Blang Gurah,,,
1108032022,110803,Guha Ulue,,,
1108032023,110803,Ceumeucet,,,
1108032024,110803,Pulo Barat,,,
1108032025,110803,Pulo Rayeuk,,,
1108032026,110803,Cot Seutui,,,
1108032027,110803,Langkuta,,,
1108032028,110803,Saweuk,,,
1108032029,110803,Meuria,,,
1108032030,110803,Meunasah Kulam,,,
1108032031,110803,Cot Seumiyong,,,
1108032032,110803,Keureusek,,,
1108032033,110803,Krueng Seupeng,,,
1108032034,110803,Muling Manyang,,,
1108032035,110803,Muling Meucat,,,
1108032036,110803,Babah Lueng,,,
1108032037,110803,Panton Rayeuk I,,,
1108032038,110803,Panton Rayeuk II,,,
1108032039,110803,Sido Muliyo,,,
1108042001,110804,Kuta Lhoksukon,,,
1108042002,110804,Cot U Sibak,,,
1108042003,110804,Bintang Hu,,,
1108042004,110804,Blang Aman,,,
1108042005,110804,Cot Ara,,,
1108042006,110804,Blang Rubek,,,
1108042007,110804,Nga Matang Ubi,,,
1108042008,110804,Meunasah Reudeup,,,
1108042009,110804,Alue Buket,,,
1108042010,110804,Meunye Matang Ubi,,,
1108042011,110804,Trieng Matang Ubi,,,
1108042012,110804,Ceubrek,,,
1108042013,110804,Meunasah Blang,,,
1108042014,110804,Buket Seuntang,,,
1108042015,110804,Meunasah Arongan AB,,,
1108042016,110804,Trieng Pantang,,,
1108042017,110804,Meunasah Leubok AB,,,
1108042018,110804,Cot Glumpang AB,,,
1108042019,110804,Abeuk Leupon,,,
1108042020,110804,Ara AB,,,
1108042021,110804,Mancang,,,
1108042022,110804,Matang Pupanji AB,,,
1108042023,110804,Meunasah Asan AB,,,
1108042024,110804,Matang Teungoh AB,,,
1108042025,110804,Pante,,,
1108042026,110804,Rambot,,,
1108042027,110804,Meunasah Alue Drien LB,,,
1108042028,110804,Alue Mudem,,,
1108042029,110804,Meunasah Geulinggang,,,
1108042030,110804,Meunasah Asan LB,,,
1108042031,110804,Beringin LB,,,
1108042032,110804,Meunasah Teungoh LB,,,
1108042033,110804,Meunasah Rayeuk LB,,,
1108042034,110804,Meunasah Ulee Barat,,,
1108042035,110804,Meunasah Ranto,,,
1108042036,110804,Meunasah Tutong,,,
1108042037,110804,Meunasah Nga LB,,,
1108042038,110804,Keutapang,,,
1108042039,110804,Matang Munjee,,,
1108042040,110804,Pulo Dulang,,,
1108042041,110804,Dayah LB,,,
1108042042,110804,Meunasah Geumata,,,
1108042043,110804,Meunasah Meureubo,,,
1108042044,110804,Meunasah Dayah LT,,,
1108042045,110804,Arongan LT,,,
1108042046,110804,Meunasah Tuha,,,
1108042047,110804,Meunasah Krueng LT,,,
1108042048,110804,Babah Geudeubang,,,
1108042049,110804,Grong-grong,,,
1108042050,110804,Alue Itam Reudeup,,,
1108042051,110804,Teupin Keubeu,,,
1108042052,110804,Meunasah Nga LT,,,
1108042053,110804,Meunasah Meuria,,,
1108042054,110804,Kumbang LT,,,
1108042055,110804,Seneubok Dalam,,,
1108042056,110804,Alue Eumpok,,,
1108042057,110804,Meunasah Jok,,,
1108042058,110804,Manyang,,,
1108042059,110804,Lhok Kareung,,,
1108042060,110804,Cot Asan,,,
1108042061,110804,Alue Abee,,,
1108042062,110804,Buloh LT,,,
1108042063,110804,Geulumpang,,,
1108042064,110804,Meunasah Teungoh LT,,,
1108042065,110804,Mata U,,,
1108042066,110804,Meucat,,,
1108042067,110804,Buket Mee LT,,,
1108042068,110804,Ulee Tanoh,,,
1108042069,110804,Buket Krueng,,,
1108042070,110804,Ulee Gunong,,,
1108042071,110804,Lhok Seuntang,,,
1108042072,110804,Alue Itam Baroh,,,
1108042073,110804,Mata Ie,,,
1108042074,110804,Rawa,,,
1108042075,110804,Buket Hagu,,,
1108052001,110805,Keude Matangkuli,,,
1108052002,110805,Ude,,,
1108052003,110805,Blang Matangkuli,,,
1108052004,110805,Rayeuk Matangkuli,,,
1108052005,110805,Tumpok Perlak,,,
1108052006,110805,Ujong Kulam,,,
1108052007,110805,Tanjong Teungku Ali,,,
1108052008,110805,Rayeuk Glang Glong,,,
1108052009,110805,Punti Geulumpang VII,,,
1108052010,110805,Geulumpang VII,,,
1108052011,110805,Teungoh Glumpang VII,,,
1108052012,110805,Aron Geulumpang VII,,,
1108052013,110805,Matang Munye,,,
1108052014,110805,Parang Sikureung,,,
1108052015,110805,Baro,,,
1108052016,110805,Mee,,,
1108052017,110805,Tanjong Babah Krueng,,,
1108052018,110805,Punti Matangkuli,,,
1108052019,110805,Teupin Keubeu,,,
1108052020,110805,Trieng Teupin Keubeu,,,
1108052021,110805,Matang Mee,,,
1108052022,110805,Jeumpa Geulumpang VII,,,
1108052034,110805,Tumpok Barat,,,
1108052035,110805,Meuria Matangkuli,,,
1108052036,110805,Hagu,,,
1108052037,110805,Alue Tho,,,
1108052039,110805,Ceubrek Pirak,,,
1108052040,110805,Rayeuk Pirak,,,
1108052041,110805,Aron Pirak,,,
1108052042,110805,Lawang,,,
1108052043,110805,Tanjong Haji Muda,,,
1108052044,110805,Siren,,,
1108052045,110805,Meunye Pirak,,,
1108052046,110805,Beuringen Pirak,,,
1108052047,110805,Teungoh Pirak,,,
1108052048,110805,Mesjid Pirak,,,
1108052049,110805,Matang Peusangan,,,
1108052050,110805,Pante Pirak,,,
1108052052,110805,Leubok Pirak,,,
1108052053,110805,Blang Kuta,,,
1108052054,110805,Blang Supeng,,,
1108052055,110805,Beurancan Pirak,,,
1108052066,110805,Alue Entok,,,
1108052067,110805,Tanjong Teungku Kari,,,
1108052068,110805,Teungoh Seuleumak,,,
1108052069,110805,Seuriweuk,,,
1108052070,110805,Dayah Baro,,,
1108052071,110805,Kunyet Mulee,,,
1108052072,110805,Tutong,,,
1108062001,110806,Keude Mane,,,
1108062002,110806,Meunasah Drang,,,
1108062003,110806,Meunasah Baro,,,
1108062004,110806,Meunasah Lhok,,,
1108062005,110806,Cot Seurani,,,
1108062006,110806,Mane Tunong,,,
1108062007,110806,Kuala Dua,,,
1108062008,110806,Meunasah Pinto,,,
1108062009,110806,Keude Bungkaih,,,
1108062010,110806,Kambam,,,
1108062011,110806,Meunasah Aron,,,
1108062012,110806,Cot Trueng,,,
1108062013,110806,Dakuta,,,
1108062014,110806,Paloh Awe,,,
1108062015,110806,Tanoh Anoe,,,
1108062016,110806,Pante Gurah,,,
1108062017,110806,Teupin Banja,,,
1108062018,110806,Teumpok Beurandang,,,
1108062019,110806,Paloh Raya,,,
1108062020,110806,Panigah,,,
1108062021,110806,Ulee Madon,,,
1108062022,110806,Reuleut Timu,,,
1108062023,110806,Reuleut Barat,,,
1108062024,110806,Pinto Makmur,,,
1108072001,110807,Dayah Bluek,,,
1108072002,110807,Mesjid Bluek,,,
1108072003,110807,Meuria Bluek,,,
1108072004,110807,Rheng Bluek,,,
1108072005,110807,Pulo Bluek,,,
1108072006,110807,Rangkileh,,,
1108072007,110807,Rayeuk Matang,,,
1108072008,110807,Ulee Meuria,,,
1108072009,110807,Tanjong,,,
1108072010,110807,Keude Karieng,,,
1108072011,110807,Manyang,,,
1108072012,110807,Ulee Ceubrek,,,
1108072013,110807,Teumpok Teungku,,,
1108072014,110807,Geulumpang,,,
1108072015,110807,Reudeup,,,
1108072016,110807,Barat Paya Itek,,,
1108072017,110807,Paya Kambuk,,,
1108072018,110807,Paya Bili,,,
1108072019,110807,Meunasah Mee,,,
1108072020,110807,Meunasah Nga,,,
1108072021,110807,Ubit Paya Itek,,,
1108072022,110807,Rayeuk Paya Itek,,,
1108072023,110807,Blang Cut,,,
1108072024,110807,Keeh,,,
1108072025,110807,Kumbang,,,
1108072026,110807,Pri Keutapang,,,
1108072027,110807,Mesjid,,,
1108072028,110807,Teungoh Reuba,,,
1108072029,110807,Blang Reuma,,,
1108072030,110807,Drien Puntong,,,
1108072031,110807,Pulo Kitou,,,
1108072032,110807,Ceubrek,,,
1108072033,110807,Meunye Peut,,,
1108072034,110807,Beuringen,,,
1108072035,110807,Nibong,,,
1108072036,110807,Tualang,,,
1108072037,110807,Pulo Drien Beukah,,,
1108072038,110807,Teungoh Kuta Batee,,,
1108072039,110807,Ujung Kuta Batee,,,
1108072040,110807,Pulo Blang,,,
1108072041,110807,Leubok Tuwe,,,
1108072042,110807,Baroh Kuta Batee,,,
1108072043,110807,Gampong Teungoh,,,
1108072044,110807,Ranto,,,
1108072045,110807,Meunye Payong,,,
1108072046,110807,Ujong Reuba,,,
1108072047,110807,Paya Sutra,,,
1108072048,110807,Baree Blang,,,
1108072049,110807,Keude Jungka Gajah,,,
1108072050,110807,Saramaba,,,
1108082001,110808,Pie,,,
1108082002,110808,Asan,,,
1108082003,110808,Murong,,,
1108082004,110808,Blang Kabu,,,
1108082005,110808,Mancang,,,
1108082006,110808,Keude Geudong,,,
1108082007,110808,Blang Peuria,,,
1108082008,110808,Teupin Ara,,,
1108082009,110808,Teupin Beulangan,,,
1108082010,110808,Krueng Baro Langgahan,,,
1108082011,110808,Pusong,,,
1108082012,110808,Tanjong Kleng,,,
1108082013,110808,Gampong Baro,,,
1108082014,110808,Beuringen,,,
1108082015,110808,Kuta Krueng,,,
1108082016,110808,Kuta Glumpang,,,
1108082017,110808,Meucat,,,
1108082018,110808,Krueng Baro Blang Mee,,,
1108082019,110808,Ujong,,,
1108082020,110808,Mesjid,,,
1108082021,110808,Teungoh,,,
1108082022,110808,Keude Blang Mee Pulo Klat,,,
1108082023,110808,Puuk,,,
1108082024,110808,Lancang,,,
1108082025,110808,Matang Ulim,,,
1108082026,110808,Sawang,,,
1108082027,110808,Laga Baro,,,
1108082028,110808,Pulo,,,
1108082029,110808,Matang Tunong,,,
1108082030,110808,Matang Puntong,,,
1108082031,110808,Blang Nibong,,,
1108082032,110808,Tanjong Baroh,,,
1108082033,110808,Tanjong Hagu,,,
1108082034,110808,Tanjong Reungkam,,,
1108082035,110808,Tanjong Mesjid,,,
1108082036,110808,Paya Terbang,,,
1108082037,110808,Madan,,,
1108082038,110808,Tanjong Awe,,,
1108082039,110808,Kitou,,,
1108082040,110808,Krueng Matee,,,
1108092001,110809,Tanjong Pineng,,,
1108092002,110809,Meurubo Puntong,,,
1108092003,110809,Mane Kawan,,,
1108092004,110809,Alue Barueh,,,
1108092005,110809,Keude Simpang Jalan,,,
1108092006,110809,Blang Pha,,,
1108092007,110809,Alue Kiran,,,
1108092008,110809,Blang Tue,,,
1108092009,110809,Cot Kafiraton,,,
1108092010,110809,Tanjong Dama,,,
1108092011,110809,Paya Dua Uram,,,
1108092012,110809,Paya Dua Ujong,,,
1108092013,110809,Alue Capli,,,
1108092014,110809,Simpang Peut,,,
1108092015,110809,Meunasah Sagoe,,,
1108092016,110809,Matang Puntong,,,
1108092017,110809,Matang Panyang,,,
1108092018,110809,Cot Patisah,,,
1108092019,110809,Cot Trueng,,,
1108092020,110809,Darul Aman,,,
1108092021,110809,Matang Jeulikat,,,
1108092022,110809,Lhok Puuk,,,
1108092023,110809,Ulee Rubek Barat,,,
1108092024,110809,Ulee Rubek Timu,,,
1108092025,110809,Bantayan,,,
1108092026,110809,Teupin Kuyuen,,,
1108092027,110809,Matang Lada,,,
1108092028,110809,Ulee Matang,,,
1108092029,110809,Matang Karieng,,,
1108092030,110809,Lhok Rambideng,,,
1108092031,110809,Matang Anoe,,,
1108092032,110809,Lhok Geulituet,,,
1108092033,110809,Ulee Titi,,,
1108102001,110810,Keude Aron,,,
1108102002,110810,Dayah Aron,,,
1108102003,110810,Moncrang,,,
1108102004,110810,Kanot,,,
1108102005,110810,Meuria Aron,,,
1108102006,110810,Mee Aron,,,
1108102007,110810,Glok,,,
1108102008,110810,Cibrek Baroh,,,
1108102009,110810,Cibrek Tunong,,,
1108102010,110810,Matang Munye,,,
1108102011,110810,Pante,,,
1108102012,110810,Keutapang,,,
1108102013,110810,Blang,,,
1108102014,110810,Teungoh,,,
1108102015,110810,Tanjong Krueng Pase,,,
1108102016,110810,Mesjid,,,
1108102017,110810,Keude Teupin Punti,,,
1108102018,110810,Kumbang,,,
1108102019,110810,Gampong U,,,
1108102020,110810,Calong,,,
1108102021,110810,Manyang Baroh,,,
1108102022,110810,Peurupok,,,
1108102023,110810,Alue Gunto,,,
1108102024,110810,Pulo,,,
1108102025,110810,Kulam,,,
1108102026,110810,Ampeh,,,
1108102027,110810,Dayah Meuria,,,
1108102028,110810,Mampree,,,
1108102029,110810,Meucat,,,
1108102030,110810,Ara,,,
1108102031,110810,Hagu,,,
1108102032,110810,Awe,,,
1108102033,110810,Tanjong Mulieng,,,
1108102034,110810,Daya Teungku,,,
1108112001,110811,Bale,,,
1108112002,110811,Bie,,,
1108112003,110811,Beurandang,,,
1108112004,110811,Baro Kulam Gajah,,,
1108112005,110811,Glong,,,
1108112006,110811,Nibong,,,
1108112007,110811,Langa,,,
1108112008,110811,Beunot,,,
1108112009,110811,Keude Bayu,,,
1108112010,110811,Blang Bayu,,,
1108112011,110811,Dayah Tuha,,,
1108112012,110811,Dayah Baro,,,
1108112013,110811,Lancok,,,
1108112014,110811,Punti,,,
1108112015,110811,Bungong,,,
1108112016,110811,Baroh Blang Rimueng,,,
1108112017,110811,Ulee Meuria,,,
1108112018,110811,Kayee Panyang,,,
1108112019,110811,Rheng,,,
1108112020,110811,Trieng Meudurou,,,
1108112021,110811,Ulee Gampong,,,
1108112022,110811,Garut,,,
1108112023,110811,Blang Awe,,,
1108112024,110811,Pulo Blang Mangat,,,
1108112025,110811,Cibrek,,,
1108112026,110811,Pulo Blang Trieng,,,
1108112027,110811,Meudang Ara,,,
1108112028,110811,Cot Neuheun,,,
1108112029,110811,Tumpeun,,,
1108112030,110811,Alen,,,
1108112031,110811,Dayah Blang Seureukuy,,,
1108112032,110811,Blang Patra,,,
1108112033,110811,Blang Majron,,,
1108112034,110811,Seuneubok Baro,,,
1108112035,110811,Buket Glumpang,,,
1108112037,110811,Alue Majron,,,
1108112038,110811,Siren Tujoh,,,
1108112047,110811,Blang Seureukuy,,,
1108122001,110812,Pulo Blang,,,
1108122002,110812,Matang Ben,,,
1108122003,110812,Matang Cibrek,,,
1108122004,110812,Deng,,,
1108122005,110812,Rawa,,,
1108122006,110812,Punti Pulo Agam,,,
1108122007,110812,Alue Pangkat,,,
1108122008,110812,Teungoh Pulo Agam,,,
1108122009,110812,Hueng,,,
1108122010,110812,Pulo U,,,
1108122011,110812,Alue Keujruen,,,
1108122012,110812,Paya Beurandang,,,
1108122013,110812,Manyang Tunong,,,
1108122014,110812,Meunasah Tutong,,,
1108122015,110812,Ampeh,,,
1108122016,110812,Alue,,,
1108122017,110812,Teungku Dibalee,,,
1108122018,110812,Keude Blang Jruen,,,
1108122019,110812,Blang Jruen,,,
1108122020,110812,Ujong Baroh Berghang,,,
1108122021,110812,Jeumpa Berghang,,,
1108122022,110812,Teungoh Berghang,,,
1108122023,110812,Pante Berghang,,,
1108122024,110812,Serba Jaman,,,
1108122025,110812,Rayeuk Naleung,,,
1108122026,110812,Rangkaya,,,
1108122027,110812,Paya,,,
1108122028,110812,Blang Bidok,,,
1108122029,110812,Rayeuk Kuta,,,
1108122030,110812,Rayeuk Munye,,,
1108122031,110812,Ujong Baroh SB,,,
1108122032,110812,Trieng,,,
1108122033,110812,Manyang SB,,,
1108122034,110812,Cibrek,,,
1108122035,110812,Keutapang,,,
1108122036,110812,Matang Mane,,,
1108122037,110812,Alue Gampong,,,
1108122038,110812,Bayi,,,
1108122039,110812,Tumpok Aceh,,,
1108122040,110812,Ulee Buket,,,
1108122041,110812,Cot Dah,,,
1108122042,110812,Leupon Siren,,,
1108122043,110812,Blang Trieng,,,
1108122044,110812,Alue Sijuek,,,
1108122045,110812,Hagu,,,
1108122046,110812,Teupin Mee,,,
1108122047,110812,Plu Pakam,,,
1108122048,110812,Blang Pie,,,
1108122049,110812,Punti Seuleumak Barat,,,
1108122050,110812,Serba Jaman Tunong,,,
1108122051,110812,Leuhong,,,
1108122052,110812,Blang,,,
1108122053,110812,Tanjong Mesjid,,,
1108122054,110812,Serba Jaman Baroh,,,
1108122055,110812,Cot Barat,,,
1108122056,110812,Matang Baloy,,,
1108122057,110812,Buket Makarti,,,
1108132001,110813,Alue,,,
1108132002,110813,Mee Matang Panyang,,,
1108132003,110813,Blang,,,
1108132004,110813,Paloh,,,
1108132005,110813,Keude Matang Payang,,,
1108132006,110813,Gampong Pande,,,
1108132007,110813,Matang Ranup Laseh,,,
1108132008,110813,Cangguek,,,
1108132009,110813,Kumbang,,,
1108132010,110813,Prie,,,
1108132011,110813,Keutapang,,,
1108132012,110813,Keude Jrat Manyang,,,
1108132013,110813,Teupin Gapeuh,,,
1108132014,110813,Cibrek,,,
1108132015,110813,Me Merbo,,,
1108132016,110813,Ulee Tanoh,,,
1108132017,110813,Matang Janeng,,,
1108132018,110813,Kuala Keureutou Barat,,,
1108142001,110814,Teupin Gajah,,,
1108142002,110814,Geulumpang Umpung Unou,,,
1108142003,110814,Ranto Panyang,,,
1108142004,110814,Seuneubok Doe,,,
1108142005,110814,Meunasah Geudong,,,
1108142006,110814,Meunasah Merbo,,,
1108142007,110814,Tanjong Meunye,,,
1108142008,110814,Matang Jurong,,,
1108142009,110814,Tanjong Dalam Utara,,,
1108142010,110814,Meunasah Dayah,,,
1108142011,110814,Seuneubok Pidie,,,
1108142012,110814,Tanjong Menuang,,,
1108142013,110814,Matang Teungoh-Teungoh,,,
1108142014,110814,Lhok Reudeup,,,
1108142015,110814,Lhok Merbo,,,
1108142016,110814,Tanjong Ara,,,
1108142017,110814,Alue Ie Mirah,,,
1108142018,110814,Tanjong Punti,,,
1108142019,110814,Bukit Alue Puteh,,,
1108142020,110814,Buket Jrat Manyang,,,
1108142021,110814,Matang Maneh,,,
1108142022,110814,Pucok Alue,,,
1108142023,110814,Matang Serdang,,,
1108142024,110814,Matang Santot,,,
1108142025,110814,Buket Padang,,,
1108142026,110814,Matang Seuke Pulot,,,
1108142027,110814,Lhok Beuringen,,,
1108142028,110814,Lueng Tuha,,,
1108142029,110814,Matang Raya,,,
1108142030,110814,Tanjong Ceungai,,,
1108142031,110814,Teupin Bayu,,,
1108142032,110814,Meunasah Panton Labu,,,
1108142033,110814,Kota Panton Labu,,,
1108142034,110814,Rawang Itek,,,
1108142035,110814,Samakurok,,,
1108142036,110814,Biara Barat,,,
1108142037,110814,Biara Timur,,,
1108142038,110814,Matang Drien,,,
1108142039,110814,Ceumpeudak,,,
1108142040,110814,Alue Papeun,,,
1108142041,110814,Lhok Bintang Hu,,,
1108142042,110814,Biram Rayeuk,,,
1108142043,110814,Cot Biek,,,
1108142044,110814,Matang Arongan,,,
1108142045,110814,Biram Cut,,,
1108142046,110814,Buket Batee Badan,,,
1108142047,110814,Ulee Glee,,,
1108152001,110815,Lagang,,,
1108152002,110815,Abeuk Reuling,,,
1108152003,110815,Lhok Krek,,,
1108152004,110815,Lhok Merbo,,,
1108152005,110815,Gle Dagang,,,
1108152006,110815,Kuta Meuligoe,,,
1108152007,110815,Gampong Teungoh,,,
1108152008,110815,Babah Buloh,,,
1108152009,110815,Meunasah Pulo,,,
1108152010,110815,Punteuet,,,
1108152011,110815,Pante Jaloh,,,
1108152012,110815,Lhok Kuyun,,,
1108152013,110815,Blang Reuling,,,
1108152014,110815,Lhok Gajah,,,
1108152015,110815,Teupin Rusep,,,
1108152016,110815,Ulee Geudong,,,
1108152017,110815,Tanjong Keumala,,,
1108152018,110815,Cot Kumuneng,,,
1108152019,110815,Cot Lambideng,,,
1108152020,110815,Paya Gaboh,,,
1108152021,110815,Paya Rabo Lhok,,,
1108152022,110815,Paya Rabo Timu,,,
1108152023,110815,Lancok,,,
1108152024,110815,Rambong Payong,,,
1108152025,110815,Lhok Bayu,,,
1108152026,110815,Krueng Baro,,,
1108152027,110815,Babah Krueng,,,
1108152028,110815,Jurong,,,
1108152029,110815,Blang Manyak,,,
1108152030,110815,Lhok Jok,,,
1108152031,110815,Blang Teurakan,,,
1108152032,110815,Sawang,,,
1108152033,110815,Riseh Baroh,,,
1108152034,110815,Riseh Teungoh,,,
1108152035,110815,Riseh Tunong,,,
1108152036,110815,Gunci,,,
1108152037,110815,Kubu,,,
1108152038,110815,Blang Cut,,,
1108152039,110815,Lhok Cut,,,
1108162015,110816,Paloh Mambu,,,
1108162017,110816,Blang Karieng,,,
1108162018,110816,Paloh Kayee Kunyet,,,
1108162019,110816,Gampong Barat,,,
1108162020,110816,Meunasah Beunot,,,
1108162021,110816,Seuneubok,,,
1108162022,110816,Cot Leupee,,,
1108162023,110816,Gampong Teungoh,,,
1108162024,110816,Meunasah Meucat,,,
1108162025,110816,Meunasah Alue,,,
1108162026,110816,Panton,,,
1108162027,110816,Paloh Mampree,,,
1108162028,110816,Peunayan,,,
1108162029,110816,Tingkeum,,,
1108162030,110816,Meunasah Rayeuk,,,
1108162031,110816,Meunasah Cut,,,
1108162032,110816,Jeulikat,,,
1108162033,110816,Alue Bili,,,
1108162034,110816,Cot Mambong,,,
1108162035,110816,Blang Dalam Geunteng,,,
1108162036,110816,Blang Dalam Tunong,,,
1108162037,110816,Blang Dalam Baroh,,,
1108162038,110816,Cot Mee,,,
1108162039,110816,Cot Euntung,,,
1108162040,110816,Blang Crok,,,
1108162041,110816,Meunasah Krueng,,,
1108162042,110816,Binjee,,,
1108162043,110816,Keutapang,,,
1108162044,110816,Ulee Blang,,,
1108172001,110817,Cot Girek,,,
1108172002,110817,Lhok Meurbo,,,
1108172003,110817,Kp. Bantan,,,
1108172004,110817,Alue Seumambu,,,
1108172005,110817,Ulee Gampong,,,
1108172006,110817,Batu XII,,,
1108172007,110817,Kp. Tempel,,,
1108172008,110817,Alue Leuhob,,,
1108172009,110817,Seuneubok Baro,,,
1108172010,110817,Alue Drien,,,
1108172011,110817,Cempeudak,,,
1108172012,110817,Matang Teungoh,,,
1108172013,110817,Pucok Alue,,,
1108172014,110817,U Baro.,,,
1108172015,110817,Trieng,,,
1108172016,110817,Lhok Reuhat,,,
1108172017,110817,Lueng Baro,,,
1108172018,110817,Jeulikat,,,
1108172019,110817,Gampong Ara,,,
1108172020,110817,Beurandang Dayah,,,
1108172021,110817,Beurandang Krueng,,,
1108172022,110817,Seupeng,,,
1108172023,110817,Beurandang Asan,,,
1108172024,110817,Drien II,,,
1108182001,110818,Cot Bada,,,
1108182002,110818,Alue Dua,,,
1108182003,110818,Bantayan,,,
1108182004,110818,Kampong Blang,,,
1108182005,110818,Paya Tukai,,,
1108182006,110818,Matang Keutapang,,,
1108182007,110818,Krueng Lingka,,,
1108182008,110818,Simpang Tiga,,,
1108182009,110818,Matang Rubek,,,
1108182010,110818,Leubok Mane,,,
1108182011,110818,Matang Teungoh Selatan,,,
1108182012,110818,Padang Meuria,,,
1108182013,110818,Alue Krak Kayee,,,
1108182014,110818,Tanjong Jawa,,,
1108182015,110818,Meunasah Blang,,,
1108182016,110818,Tanjong Dalam Selatan,,,
1108182017,110818,Geudumbak,,,
1108182018,110818,Langkahan,,,
1108182019,110818,Rumoh Rayeuk,,,
1108182020,110818,Buket Linteung,,,
1108182021,110818,Lubok Pusaka,,,
1108182022,110818,Seureuke,,,
1108182023,110818,Pante Gaki Bale,,,
1108192001,110819,Keude Sampoiniet,,,
1108192002,110819,Lhok Iboh,,,
1108192003,110819,Matang Bayu,,,
1108192004,110819,Lang Nibong,,,
1108192005,110819,Blang Seunong,,,
1108192006,110819,Singgah Mata,,,
1108192007,110819,Matang Panyang,,,
1108192008,110819,Matang Ceubrek,,,
1108192009,110819,Matang Teungoh,,,
1108192010,110819,Cot Paya,,,
1108192011,110819,Cot Kupok,,,
1108192012,110819,Matang Raya Blang Sialet,,,
1108192013,110819,Pucok Alue Buket,,,
1108192014,110819,Matang Sijuek Timu,,,
1108192015,110819,Matang Sijuek Teungoh,,,
1108192016,110819,Matang Sijuek Barat,,,
1108192017,110819,Cot Laba,,,
1108192018,110819,Meunasah Pante,,,
1108192019,110819,Meurandeh Paya,,,
1108192020,110819,Cot Murong,,,
1108192021,110819,Matang Paya,,,
1108192022,110819,Lhok Euncien,,,
1108192023,110819,Cot Usen,,,
1108192024,110819,Meunasah Hagu,,,
1108192025,110819,Blang Rheue,,,
1108192026,110819,Paya Bateung,,,
1108202001,110820,Blang Ara,,,
1108202002,110820,Tgk.Dibanda Pirak,,,
1108202003,110820,Paya Meudru,,,
1108202004,110820,Blang Sialet,,,
1108202005,110820,Buket Guru,,,
1108202006,110820,Geulumpang Pirak,,,
1108202007,110820,Alue Lhok,,,
1108202008,110820,Seuneubok Aceh,,,
1108202009,110820,Buket Pidie,,,
1108202010,110820,Kebon Pirak,,,
1108202011,110820,Alue Leukot,,,
1108202012,110820,Blang Mane,,,
1108202013,110820,Peureupok,,,
1108202014,110820,Ulue Bieng,,,
1108202015,110820,Pante Seuleumak,,,
1108202016,110820,Meuria Seuleumak,,,
1108202017,110820,Tunong Krueng,,,
1108202018,110820,Geureughek,,,
1108202019,110820,Meunye Seuleumak,,,
1108202020,110820,Simpang,,,
1108202021,110820,Tumpok Mesjid,,,
1108202022,110820,Jok,,,
1108202023,110820,Leuhong,,,
1108202024,110820,Tanjong Burunyong,,,
1108202025,110820,Keude Paya Bakong,,,
1108202026,110820,Blang Gunci,,,
1108202027,110820,Gampong Nga,,,
1108202028,110820,Mampree,,,
1108202029,110820,Matang Panyang,,,
1108202030,110820,Tanjung Drien,,,
1108202031,110820,Asan Seuleumak,,,
1108202032,110820,Tgk. Dibanda Tek-Tek,,,
1108202033,110820,Cot Teufah,,,
1108202034,110820,Pucok Alue Seuleumak,,,
1108202035,110820,Lueng,,,
1108202036,110820,Cempeudak,,,
1108202037,110820,Blang Paku,,,
1108202038,110820,Blang Dalam,,,
1108202039,110820,Blang Pante,,,
1108212001,110821,Nibong Baroh,,,
1108212002,110821,Nibong Wakheuh,,,
1108212003,110821,Keude Nibong,,,
1108212004,110821,Keupok Nibong,,,
1108212005,110821,Dayah Nibong,,,
1108212006,110821,Sumbok Rayeuk,,,
1108212007,110821,Paya Terbang,,,
1108212008,110821,Teupin Jok,,,
1108212009,110821,Mamplam,,,
1108212010,110821,Keulilee,,,
1108212011,110821,Meunye Lhee,,,
1108212012,110821,Ranto,,,
1108212013,110821,Seulunyok,,,
1108212014,110821,Keh Nibong,,,
1108212015,110821,Alue Ie Mirah,,,
1108212016,110821,Maddi,,,
1108212017,110821,Alue Ngom,,,
1108212018,110821,Tanjong Putoh,,,
1108212019,110821,Bumban,,,
1108212020,110821,Alue Panah,,,
1108222001,110822,Keude Simpang Empat,,,
1108222002,110822,Seuneubok Punti,,,
1108222003,110822,Paya Leupah,,,
1108222004,110822,Paya Teungoh,,,
1108222005,110822,Keubon Baro,,,
1108222006,110822,Meunasah Teungoh,,,
1108222007,110822,Meunasah Baroh,,,
1108222008,110822,Mancang,,,
1108222009,110822,Alue Bade,,,
1108222010,110822,Meunasah Dayah SPK,,,
1108222011,110822,Kilometer VI,,,
1108222012,110822,Kilometer VIII,,,
1108222013,110822,Ie Tarek I,,,
1108222014,110822,Ie Tarek II,,,
1108222015,110822,Pase Sentosa,,,
1108222016,110822,Blang Raleue,,,
1108232001,110823,Keureutou,,,
1108232002,110823,Lueng Baro,,,
1108232003,110823,Merbo Jurong,,,
1108232004,110823,Merbo Lama,,,
1108232005,110823,Tanjong Dama,,,
1108232006,110823,Geulanggang Baro,,,
1108232007,110823,Matang Tunong,,,
1108232008,110823,Keude Lapang,,,
1108232009,110823,Matang Baroh,,,
1108232010,110823,Kuala Kereuto,,,
1108232011,110823,Kuala Cangkoy,,,
1108242001,110824,Rayeuk Pange,,,
1108242002,110824,Bungong,,,
1108242003,110824,Geulumpang,,,
1108242004,110824,Asan Krueng Kreh,,,
1108242005,110824,Beuracan Rata,,,
1108242006,110824,Reungkam,,,
1108242007,110824,Trieng Krueng Kreh,,,
1108242008,110824,Keutapang,,,
1108242009,110824,Bili Baro,,,
1108242010,110824,Paya Lueng Jalo,,,
1108242011,110824,Alue Rimee,,,
1108242012,110824,Serdang,,,
1108242013,110824,Ara Ton-Ton Moncrang,,,
1108242014,110824,Tanjong Seureukuy,,,
1108242015,110824,Ulee Blang,,,
1108242016,110824,Krueng Pirak,,,
1108242017,110824,Matang Keh,,,
1108242018,110824,Leupe,,,
1108242019,110824,Ceumeucet,,,
1108242020,110824,Teupin U,,,
1108242021,110824,Alue Bungkoh,,,
1108242022,110824,Pucok Alue,,,
1108242023,110824,Meunye Tujoh,,,
1108252001,110825,Lhok Asan,,,
1108252002,110825,Darul Aman,,,
1108252003,110825,Alue Awe,,,
1108252004,110825,Darussalam,,,
1108252005,110825,Rayeuk Jawa,,,
1108252006,110825,Dayah Seupeng,,,
1108252007,110825,Uram Jalan,,,
1108252008,110825,Peudari,,,
1108252009,110825,Krueng Mbang,,,
1108252010,110825,Pulo Meuria,,,
1108252011,110825,Suka Damai,,,
1108262001,110826,Paya Dua,,,
1108262002,110826,Cot Jabet,,,
1108262003,110826,Ulee Nyeue,,,
1108262004,110826,Paya Uleue,,,
1108262005,110826,Jamuan,,,
1108262006,110826,Alue Keurinyai,,,
1108262007,110826,Sangkelan,,,
1108262008,110826,Blang Pala,,,
1108262009,110826,Paya Beunyet,,,
1108272001,110827,Alue Dua,,,
1108272002,110827,Seumirah,,,
1108272003,110827,Darussalam,,,
1108272004,110827,Alue Papeun,,,
1108272005,110827,Blang Jrat,,,
1108272006,110827,Blang Pohroh,,,
1109012007,110901,Wel Wel,,,
1109012008,110901,Kampung Aie,,,
1109012009,110901,Lauree,,,
1109012010,110901,Lamayang,,,
1109012011,110901,Lakubang,,,
1109012012,110901,Lambaya,,,
1109012013,110901,Dihit,,,
1109012016,110901,Latitik,,,
1109012017,110901,Wellangkum,,,
1109012018,110901,Kuta Baru,,,
1109012019,110901,Sebbe,,,
1109012020,110901,Suak Baru,,,
1109012021,110901,Luan Sorep,,,
1109012022,110901,Putra Jaya,,,
1109012023,110901,Lauke,,,
1109012024,110901,Situfa Jaya,,,
1109022001,110902,Ujung Salang,,,
1109022002,110902,Padang Unoi,,,
1109022003,110902,Nasreuhe,,,
1109022004,110902,Meunafa,,,
1109022005,110902,Along,,,
1109022006,110902,Panton Lawe,,,
1109022007,110902,Mutiara,,,
1109022008,110902,Tamon Jaya,,,
1109022009,110902,Karya Bakti,,,
1109022010,110902,Jaya Baru,,,
1109022011,110902,Tameng,,,
1109022012,110902,Lalla Bahagia,,,
1109022013,110902,Suak Manang,,,
1109022014,110902,Ganang Pusako,,,
1109022015,110902,Kenangan Jaya,,,
1109022016,110902,Bunga,,,
1109032001,110903,Silengas,,,
1109032002,110903,Bunon,,,
1109032003,110903,Angkeo,,,
1109032004,110903,Awe Seubal,,,
1109032005,110903,Laayon,,,
1109032006,110903,Inor,,,
1109032007,110903,Salur Lasengalu,,,
1109032008,110903,Salur Latun,,,
1109032009,110903,Salur,,,
1109032010,110903,Pulau Teupah,,,
1109032011,110903,Awe Kecil,,,
1109032012,110903,Naibos,,,
1109032013,110903,Lantik,,,
1109032014,110903,Leubang Hulu,,,
1109032015,110903,Leubang,,,
1109032016,110903,Sital,,,
1109032017,110903,Maudil,,,
1109032018,110903,Nancala,,,
1109042009,110904,Suak Buluh,,,
1109042012,110904,Air Dingin,,,
1109042013,110904,Ameria Bahagia,,,
1109042014,110904,Suka Jaya,,,
1109042015,110904,Suka Maju,,,
1109042016,110904,Suka Karya,,,
1109042017,110904,Sinabang,,,
1109042018,110904,Amaiteng Mulia,,,
1109042019,110904,Lugu,,,
1109042020,110904,Sefoyan,,,
1109042021,110904,Ganting,,,
1109042022,110904,Kuala Makmur,,,
1109042023,110904,Ujung Tinggi,,,
1109042024,110904,Air Pinang,,,
1109042025,110904,Pulau Siumat,,,
1109042026,110904,Kota Batu,,,
1109042028,110904,Linggi,,,
1109052001,110905,Babussalam,,,
1109052002,110905,Muara Aman,,,
1109052003,110905,Gunung Putih,,,
1109052004,110905,Lugu Sebahak,,,
1109052005,110905,Kuala Bakti,,,
1109052006,110905,Bulu Hadik,,,
1109052007,110905,Sambay,,,
1109052008,110905,Luan Balu,,,
1109052009,110905,Tanjung Raya,,,
1109052010,110905,Kuala Baru,,,
1109062001,110906,Layabaung,,,
1109062002,110906,Sembilan,,,
1109062003,110906,Sigulai,,,
1109062004,110906,Sinar Bahagia,,,
1109062005,110906,Lamamek,,,
1109062006,110906,Batu Ragi,,,
1109062007,110906,Malasin,,,
1109062008,110906,Babul Makmur,,,
1109062009,110906,Amabaan,,,
1109062010,110906,Miteum,,,
1109062011,110906,Lhok Bikhau,,,
1109062012,110906,Ujung Harapan,,,
1109062013,110906,Sanggiran,,,
1109062014,110906,Lhok Makmur,,,
1109072001,110907,Seneubuk,,,
1109072002,110907,Suak Lamatan,,,
1109072003,110907,Alus Alus,,,
1109072004,110907,Batu Ralang,,,
1109072005,110907,Ulul Mayang,,,
1109072006,110907,Kebun Baru,,,
1109072007,110907,Badegong,,,
1109072008,110907,Latiung,,,
1109072009,110907,Pasir Tinggi,,,
1109072010,110907,Labuhan Jaya,,,
1109072011,110907,Labuhan Bajau,,,
1109072012,110907,Blang Sebel,,,
1109072013,110907,Ana Ao,,,
1109072014,110907,Lataling,,,
1109072015,110907,Pulau Bangkalak,,,
1109072016,110907,Labuhan Bakti,,,
1109072017,110907,Trans Jernge,,,
1109072018,110907,Trans Meranti,,,
1109072019,110907,Trans Baru,,,
1109082001,110908,Lewak,,,
1109082002,110908,Lamerem,,,
1109082003,110908,Lhok Pauh,,,
1109082004,110908,Serafon,,,
1109082005,110908,Langi,,,
1109082006,110908,Lubuk Baik,,,
1109082007,110908,Lhok Dalam,,,
1109082008,110908,Lafakha,,,
1109092001,110909,Matanurung,,,
1109092002,110909,Lasikin,,,
1109092003,110909,Lanting,,,
1109092004,110909,Busung Indah,,,
1109092005,110909,Kahad,,,
1109092006,110909,Simpang Abail,,,
1109092007,110909,Abail,,,
1109092008,110909,Nancawa,,,
1109092009,110909,Labuah,,,
1109092010,110909,Sua-Sua,,,
1109092011,110909,Batu-Batu,,,
1109092012,110909,Situbuk,,,
1109102001,110910,Bubuhan,,,
1109102002,110910,Amarabu,,,
1109102003,110910,Kuta Inang,,,
1109102004,110910,Kuta Padang,,,
1109102005,110910,Sibuluh,,,
1109102006,110910,Latak Ayah,,,
1109102007,110910,Borengan,,,
1109102008,110910,Ujung Padang,,,
1110012001,111001,Pulau Balai,,,
1110012002,111001,Pulau Baguk,,,
1110012004,111001,Teluk Nibung,,,
1110022001,111002,Lipat Kajang,,,
1110022002,111002,Kain Golong,,,
1110022003,111002,Kuta Kerangan,,,
1110022004,111002,Siatas,,,
1110022005,111002,Pangi,,,
1110022006,111002,Sukarejo,,,
1110022007,111002,Ujung Limus,,,
1110022008,111002,Silatong,,,
1110022009,111002,Pertabas,,,
1110022010,111002,Lae Riman,,,
1110022011,111002,Pakiraman,,,
1110022012,111002,Kuta Batu,,,
1110022013,111002,Lae Nipe,,,
1110022014,111002,Kuta Tinggi,,,
1110022015,111002,Tuhtuhan,,,
1110022016,111002,Lae Gecih,,,
1110022017,111002,Guha,,,
1110022018,111002,Lae Gambir,,,
1110022019,111002,Cibubukan,,,
1110022020,111002,Serasah,,,
1110022021,111002,Tugan,,,
1110022022,111002,Tanjung Mas,,,
1110022023,111002,Lipat Kajang Atas,,,
1110022024,111002,Sidodadi,,,
1110022025,111002,Pandan Sari,,,
1110042001,111004,Pasar,,,
1110042002,111004,Ujung,,,
1110042003,111004,Pulo Sarok,,,
1110042004,111004,Kilangan,,,
1110042005,111004,Kuta Simboling,,,
1110042007,111004,Teluk Ambun,,,
1110042008,111004,Rantau Gedang,,,
1110042009,111004,Teluk Rumbia,,,
1110042010,111004,Pea Bumbung,,,
1110042011,111004,Pemuka,,,
1110042012,111004,Takal pasir,,,
1110042014,111004,Selok Aceh,,,
1110042016,111004,Suka Makmur,,,
1110042017,111004,Ujung Bawang,,,
1110042019,111004,Siti Ambia,,,
1110042020,111004,Suka Damai,,,
1110062001,111006,Tanjung Betik,,,
1110062002,111006,Penjahitan,,,
1110062003,111006,Bukit Harapan,,,
1110062004,111006,Cingkam,,,
1110062005,111006,Labuhan Kera,,,
1110062006,111006,Tanah Bara,,,
1110062007,111006,Rimo,,,
1110062008,111006,Blok VI Baru,,,
1110062009,111006,Blok 15,,,
1110062010,111006,Blok 18,,,
1110062011,111006,Blok 31,,,
1110062012,111006,Sidorejo,,,
1110062013,111006,Suka Makmur,,,
1110062014,111006,Gunung Lagan,,,
1110062015,111006,Perangusan,,,
1110062016,111006,Seping Baru,,,
1110062017,111006,Sebatang,,,
1110062018,111006,Tanah Merah,,,
1110062019,111006,Pertampakan,,,
1110062020,111006,Pandan Sari,,,
1110062021,111006,Sanggaberu Silulusan,,,
1110062022,111006,Tulaan,,,
1110062023,111006,Tunas Harapan,,,
1110062024,111006,Lae Butar,,,
1110062025,111006,Sianjo-Anjo Meriah,,,
1110092001,111009,Lentong,,,
1110092002,111009,Lapahan Buaya,,,
1110092003,111009,Butar,,,
1110092004,111009,Samar Dua,,,
1110092005,111009,Ladang Bisik,,,
1110092006,111009,Muara Pea,,,
1110092008,111009,Sumber Mukti,,,
1110092009,111009,Pea Jambu,,,
1110092010,111009,Danau Bungara,,,
1110102001,111010,Gosong Telaga Utara,,,
1110102002,111010,Gosong Telaga Selatan,,,
1110102003,111010,Kampung Baru,,,
1110102004,111010,Ketapang Indah,,,
1110102005,111010,Gosong Telaga Timur,,,
1110102006,111010,Gosong Telaga Barat,,,
1110102007,111010,Telaga Bakti,,,
1110112001,111011,Lae Balno,,,
1110112002,111011,Napagaluh,,,
1110112003,111011,Sikoran,,,
1110112004,111011,Situbuh-tubuh,,,
1110112005,111011,Biskang,,,
1110112006,111011,Sintuban Makmur,,,
1110122001,111012,Suro,,,
1110122002,111012,Pangkalan Sulampi,,,
1110122003,111012,Bulu Sema,,,
1110122004,111012,Lae Bangun,,,
1110122005,111012,Alur Linci,,,
1110122006,111012,Siompin,,,
1110122007,111012,Ketangkuhan,,,
1110122008,111012,Keras,,,
1110122009,111012,Mandumpang,,,
1110122010,111012,Sirimo Mungkur,,,
1110122011,111012,Bulu Ara,,,
1110132001,111013,Singkohor,,,
1110132002,111013,Lae Sipola,,,
1110132003,111013,Lae Pinang,,,
1110132004,111013,Mukti Jaya,,,
1110132006,111013,Sri Kayu,,,
1110132007,111013,Pea Jambu,,,
1110142001,111014,Kuala Baru Laut,,,
1110142002,111014,Kuala Baru Sungai,,,
1110142003,111014,Suka Jaya,,,
1110142004,111014,Kayu Menang,,,
1110162001,111016,Haloban,,,
1110162002,111016,Asantola,,,
1110162003,111016,Ujung Sialit,,,
1110162004,111016,Suka Makmur,,,
1111012001,111101,Keude Aceh,,,
1111012002,111101,Sangso,,,
1111012003,111101,Pante Rheng,,,
1111012004,111101,Meuliek,,,
1111012005,111101,Namploh Baro,,,
1111012006,111101,Namploh Manyang,,,
1111012007,111101,Namploh Blanggarang,,,
1111012008,111101,Namploh Krueng,,,
1111012009,111101,Namploh Papeun,,,
1111012010,111101,Meunasah Lueng,,,
1111012011,111101,Lhok Seumira,,,
1111012012,111101,Ulee Jeumatan,,,
1111012013,111101,Lancok,,,
1111012014,111101,Paloh,,,
1111012015,111101,Mesjid Baro,,,
1111012016,111101,Batee Iliek,,,
1111012017,111101,Pulo Baroh,,,
1111012018,111101,Matang Wakeuh,,,
1111012019,111101,Darussalam,,,
1111012020,111101,Matang Jereung,,,
1111012021,111101,Matang,,,
1111012022,111101,Cot Mane,,,
1111012023,111101,Alue Barat,,,
1111012024,111101,Cot Siren,,,
1111012025,111101,Ulee Alue,,,
1111012026,111101,Pineung Siribee,,,
1111012027,111101,Gampong Baro,,,
1111012028,111101,Kandang,,,
1111012029,111101,Gampong Putoh,,,
1111012030,111101,Mideun Jok,,,
1111012031,111101,Mideun Geudong,,,
1111012032,111101,Lueng Keubeu,,,
1111012033,111101,Glumpang Bungkok,,,
1111012034,111101,Gampong Meulum,,,
1111012035,111101,Cot Meurak Baroh,,,
1111012036,111101,Cot Meurak Blang,,,
1111012037,111101,Meurah,,,
1111012038,111101,Ulee U,,,
1111012039,111101,Matang Teungoh,,,
1111012040,111101,Tanjong Baro,,,
1111012041,111101,Angkieng Barat,,,
1111012042,111101,Meunasah Lincah,,,
1111012043,111101,Meunasah Lancok,,,
1111012044,111101,Meunasah Puuk,,,
1111012045,111101,Tonjongan Idem,,,
1111012084,111101,Geulumpang Payong,,,
1111022018,111102,Blang Me Timu,,,
1111022019,111102,Lancang,,,
1111022020,111102,Blang Lancang,,,
1111022021,111102,Teupin Kupula,,,
1111022022,111102,Tanjong Bungong,,,
1111022023,111102,Dayah Baro,,,
1111022024,111102,Ulee Rabo,,,
1111022025,111102,Lueng Teungoh,,,
1111022026,111102,Lampoh U,,,
1111022027,111102,Pulo Rangkileh,,,
1111022028,111102,Tufah,,,
1111022029,111102,Sampo Ajad,,,
1111022030,111102,Darul Aman,,,
1111022031,111102,Lhok Kulam,,,
1111022032,111102,Ulee Blang,,,
1111022033,111102,Uteun Peupaleh,,,
1111022034,111102,Ulee Gajah,,,
1111022035,111102,Alue Seutui,,,
1111022036,111102,Blang Neubok,,,
1111022037,111102,Matang Bangka,,,
1111022038,111102,Matang Teungoh,,,
1111022039,111102,Matang Nibong,,,
1111022040,111102,Blang Me Barat,,,
1111022041,111102,Keude Jeunieb,,,
1111022042,111102,Cot Glumpang Baroh,,,
1111022043,111102,Cot Glumpang Tunong,,,
1111022044,111102,Meunasah Keutapang,,,
1111022045,111102,Meunasah Dayah,,,
1111022046,111102,Lheu Simpang,,,
1111022047,111102,Lheu Barat,,,
1111022048,111102,Jeumpa Sikureng,,,
1111022049,111102,Janggot Seungko,,,
1111022050,111102,Meunasah Tambo,,,
1111022051,111102,Meunasah Keupula,,,
1111022052,111102,Meunasah Tunong Lueng,,,
1111022053,111102,Meunasah Alue,,,
1111022054,111102,Blang Pohroh,,,
1111022057,111102,Meunasah Lueng,,,
1111022058,111102,Dayah Blang Raleu,,,
1111022059,111102,Meunasah Blang,,,
1111022060,111102,Alue Lamsaba,,,
1111022061,111102,Meunasah Kota,,,
1111022062,111102,Paya Bili,,,
1111032001,111103,Lawang,,,
1111032002,111103,Matang Reuleut,,,
1111032003,111103,Meunasah Krueng,,,
1111032004,111103,Cot Keutapang,,,
1111032005,111103,Meunasah Rabo,,,
1111032006,111103,Meunasah Tambo,,,
1111032007,111103,Meunasah Baroh,,,
1111032008,111103,Meunasah Pulo,,,
1111032009,111103,Matang Pasi,,,
1111032010,111103,Blang Kubu,,,
1111032011,111103,Garot,,,
1111032012,111103,Ara Bungong,,,
1111032013,111103,Jabet,,,
1111032014,111103,Sawang,,,
1111032015,111103,Blang Beururu,,,
1111032016,111103,Hagu,,,
1111032017,111103,Blang Rangkuluh,,,
1111032018,111103,Meunasah Bungo,,,
1111032019,111103,Paya Beunot,,,
1111032020,111103,Meunasah Tunong,,,
1111032021,111103,Meunasah Alue,,,
1111032022,111103,Meunasah Cut,,,
1111032023,111103,Gampong Mesjid,,,
1111032024,111103,Meunasah Teungoh,,,
1111032025,111103,Meunasah Blang,,,
1111032026,111103,Kukue,,,
1111032027,111103,Blang Matang,,,
1111032028,111103,Blang Glumpang,,,
1111032029,111103,Gampong Baro,,,
1111032030,111103,Gampong Paya,,,
1111032031,111103,Seuneubok Paya,,,
1111032032,111103,Pulo Lawang,,,
1111032033,111103,Keude Alue Rheng,,,
1111032034,111103,Karieng,,,
1111032035,111103,Pulo Ara,,,
1111032036,111103,Cot Laot,,,
1111032037,111103,Alue Sijuek,,,
1111032038,111103,Blang Bati,,,
1111032039,111103,Buket Paya,,,
1111032040,111103,Dayah Mon Ara,,,
1111032041,111103,Calok,,,
1111032042,111103,Cot Kruet,,,
1111032043,111103,Tanjong Seulamat,,,
1111032044,111103,Jaba,,,
1111032045,111103,Alue Gandai,,,
1111032046,111103,Neubok Naleung,,,
1111032047,111103,Paya Timu,,,
1111032048,111103,Gampong Mulia,,,
1111032049,111103,Pinto Rimba,,,
1111032050,111103,Alue Keutapang,,,
1111032051,111103,Tgk. Di Bathon,,,
1111032052,111103,Paya Barat,,,
1111042032,111104,Gleumpang Payong,,,
1111042033,111104,Blang Seunong,,,
1111042034,111104,Cot Leusong,,,
1111042035,111104,Batee Timoh,,,
1111042036,111104,Lipah Rayeuk,,,
1111042037,111104,Cot Geureundong,,,
1111042038,111104,Lipah Cut,,,
1111042039,111104,Beurawang,,,
1111042042,111104,Geudong Tampu,,,
1111042043,111104,Cot Tarom Baroh,,,
1111042044,111104,Blang Cot Baroh,,,
1111042045,111104,Blang Cot Tunong,,,
1111042046,111104,Seuleumbah,,,
1111042047,111104,Cot Keutapang,,,
1111042048,111104,Cot Tarom Tunong,,,
1111042049,111104,Blang Bladeh,,,
1111042050,111104,Mon Jambee,,,
1111042051,111104,Blang Dalam,,,
1111042052,111104,Kuala Jeumpa,,,
1111042053,111104,Cot Gadong,,,
1111042054,111104,Cot Bada,,,
1111042055,111104,Teupok Baroh,,,
1111042056,111104,Teupok Tunong,,,
1111042057,111104,Pulo Lawang,,,
1111042058,111104,Abeuk Usong,,,
1111042059,111104,Paloh Seulimeng,,,
1111042060,111104,Abeuk Tingkeum,,,
1111042061,111104,Blang Mee,,,
1111042062,111104,Blang Seupeung,,,
1111042063,111104,Blang Gandai,,,
1111042064,111104,Cot Ulim,,,
1111042065,111104,Cot Iboih,,,
1111042071,111104,Blang Rheum,,,
1111042072,111104,Paloh Panyang,,,
1111042073,111104,Seuneubok Lhong,,,
1111042075,111104,Salah Sirong Jaya,,,
1111042076,111104,Mon Mane,,,
1111042077,111104,Alue Limeng,,,
1111042078,111104,Cot Meugoe,,,
1111042079,111104,Cot Iboeh Timu,,,
1111042080,111104,Kuta Meuligoe,,,
1111042081,111104,Laksamana,,,
1111052003,111105,Meunasah Timu,,,
1111052004,111105,Keude Matang Glumpang Dua,,,
1111052005,111105,Matang Glumpang Dua Meunasah Dayah,,,
1111052006,111105,Pante Gajah,,,
1111052007,111105,Blang Asan,,,
1111052008,111105,Paya Cut,,,
1111052009,111105,Seuneubok Aceh,,,
1111052010,111105,Panton Geulima,,,
1111052011,111105,Neuheun,,,
1111052012,111105,Matang Sagoe,,,
1111052013,111105,Matang Mesjid,,,
1111052014,111105,Matang Cot Paseh,,,
1111052015,111105,Cot Panjoe,,,
1111052016,111105,Paya Lipah,,,
1111052017,111105,Paya Meuneng,,,
1111052018,111105,Keude Tanjong,,,
1111052019,111105,Tanjong Paya,,,
1111052020,111105,Tanjong Nie,,,
1111052021,111105,Tanjong Mesjid,,,
1111052022,111105,Pante Cut,,,
1111052023,111105,Blang Cut,,,
1111052024,111105,Pulo Pisang,,,
1111052025,111105,Pante Piyeu,,,
1111052026,111105,Meunasah Nibong,,,
1111052027,111105,Krueng Baro Babah Krueng,,,
1111052028,111105,Krueng Baro Mesjid,,,
1111052029,111105,Bayu,,,
1111052030,111105,Gampong Putoh,,,
1111052031,111105,Meunasah Meucap,,,
1111052032,111105,Pante Ara,,,
1111052033,111105,Gampong Raya Dagang,,,
1111052034,111105,Gampong Raya Tambo,,,
1111052035,111105,Kapa,,,
1111052036,111105,Blang Panjoe,,,
1111052037,111105,Pantee Lhong,,,
1111052038,111105,Asan Bideun,,,
1111052040,111105,Cot Rabo Baroh,,,
1111052041,111105,Cot Rabo Tunong,,,
1111052042,111105,Cot Nga,,,
1111052043,111105,Pulo Naleung,,,
1111052044,111105,Mata Mamplam,,,
1111052045,111105,Alue Glumpang,,,
1111052046,111105,Karieng,,,
1111052047,111105,Krueng Deue,,,
1111052048,111105,Cot Ijue,,,
1111052049,111105,Cot Buket,,,
1111052050,111105,Nicah,,,
1111052051,111105,Cot Keuranji,,,
1111052052,111105,Paloh,,,
1111052054,111105,Cot Bada Tunong,,,
1111052055,111105,Cot Bada Baroh,,,
1111052056,111105,Cot Girek,,,
1111052057,111105,Cot Keumude,,,
1111052058,111105,Sagoe,,,
1111052059,111105,Pulo Ue Baroe,,,
1111052060,111105,Cot Bada Barat,,,
1111052061,111105,Tanoh Mirah,,,
1111052062,111105,Seuneubok Rawa,,,
1111052063,111105,Paya Aboe,,,
1111052064,111105,Blang Rambong,,,
1111052065,111105,Blang Geulanggang,,,
1111052066,111105,Paya Reuhat,,,
1111052067,111105,Uteun Bunta,,,
1111052068,111105,Alue Udeng,,,
1111052069,111105,Alue Peuno,,,
1111052105,111105,Cot Puuk,,,
1111052106,111105,Pante Pisang,,,
1111052107,111105,Gampong Baro,,,
1111052108,111105,Blang Dalam,,,
1111062001,111106,Leubu Me,,,
1111062002,111106,Paya Dua,,,
1111062003,111106,Leubu Cot,,,
1111062004,111106,Leubu Mesjid,,,
1111062005,111106,Kuta Barat,,,
1111062006,111106,Trienggadeng,,,
1111062007,111106,Cot Kruet,,,
1111062008,111106,Blang Khutang,,,
1111062009,111106,Buket Seulamat,,,
1111062010,111106,Lapehan Mesjid,,,
1111062011,111106,Ulee Glee,,,
1111062012,111106,Mona Ara,,,
1111062013,111106,Pandak,,,
1111062014,111106,Blang Dalam,,,
1111062015,111106,Alue Dua,,,
1111062016,111106,Seuneubok Baro,,,
1111062017,111106,Panteu Breuh,,,
1111062018,111106,Tanjong Mulia,,,
1111062019,111106,Blang Mane,,,
1111062020,111106,Meureubo,,,
1111062021,111106,Blang Perlak,,,
1111062022,111106,Panton Mesjid,,,
1111062023,111106,Sukarame,,,
1111062024,111106,Matang Kumbang,,,
1111062025,111106,Pulo Teungoh,,,
1111062026,111106,Batee Dabai,,,
1111062027,111106,Ara Lipeh,,,
1111072001,111107,Keude Lapang,,,
1111072002,111107,Lapang Barat,,,
1111072003,111107,Lingka Kuta,,,
1111072004,111107,Lapang Timu,,,
1111072005,111107,Teupin Siron,,,
1111072006,111107,Ie Rhop,,,
1111072007,111107,Ceubo,,,
1111072008,111107,Paloh Me,,,
1111072009,111107,Lhok Mambang,,,
1111072010,111107,Samuti Krueng,,,
1111072011,111107,Cot Mane,,,
1111072012,111107,Samuti Makmur,,,
1111072013,111107,Samuti Rayeuk,,,
1111072014,111107,Cot Puuk,,,
1111072015,111107,Samuti Aman,,,
1111072016,111107,Alue Mangki,,,
1111072017,111107,Mon Keulayu,,,
1111072018,111107,Geurugok,,,
1111072019,111107,Blang Keude,,,
1111072020,111107,Cot Tufah,,,
1111072021,111107,Cot Tunong,,,
1111072022,111107,Paya Baro,,,
1111072023,111107,Paloh Kaye Kunyet,,,
1111072024,111107,Cot Jabet,,,
1111072025,111107,Cot Tube,,,
1111072026,111107,Pante Sikumbong,,,
1111072027,111107,Blang Guron,,,
1111072028,111107,Dama Kawan,,,
1111072029,111107,Paya Seupat,,,
1111072030,111107,Cot Rambat,,,
1111072031,111107,Paya Kareung,,,
1111072032,111107,Mon Jeurujak,,,
1111072033,111107,Tanjong Raya,,,
1111072034,111107,Tanjong Mesjid,,,
1111072035,111107,Blang Kubu,,,
1111072036,111107,Tanjong Bungong,,,
1111072037,111107,Pulo Gisa,,,
1111072038,111107,Ujong Bayu,,,
1111072078,111107,Mon Jambe,,,
1111072079,111107,Blang Rheue,,,
1111082001,111108,Lancok Ulim,,,
1111082002,111108,Nase Mee,,,
1111082003,111108,Pandrah Kandeh,,,
1111082004,111108,Panton,,,
1111082005,111108,Lhok Dagang,,,
1111082006,111108,Pandrah Janeng,,,
1111082007,111108,Garot,,,
1111082008,111108,Gampong Blang,,,
1111082009,111108,Kuta Rusep,,,
1111082010,111108,Blang Sama Gadeng,,,
1111082011,111108,Panton Bili,,,
1111082012,111108,Alue Igeuh,,,
1111082013,111108,Meunasah Reudeup,,,
1111082014,111108,Meunasah Teungoh,,,
1111082015,111108,Bantayan,,,
1111082016,111108,Cot Leubeng,,,
1111082017,111108,Seunebok Baro,,,
1111082018,111108,Uteuen Kruet,,,
1111082019,111108,Nase Barat,,,
1111092001,111109,Juli Cot Mesjid,,,
1111092002,111109,Juli Seutuy,,,
1111092003,111109,Juli Tambo Tanjong,,,
1111092004,111109,Juli Keude dua,,,
1111092005,111109,Juli Tgk Dilampoh,,,
1111092006,111109,Glumpang Meu Jim Jim,,,
1111092007,111109,Alue Unoe,,,
1111092008,111109,Batee Raya,,,
1111092009,111109,Seuneubok Peureraden,,,
1111092010,111109,Juli Mee Teungoh,,,
1111092011,111109,Seuneubok Gunci,,,
1111092012,111109,Mane Meujingki,,,
1111092013,111109,Abeuk Budi,,,
1111092014,111109,Blang Ketumba,,,
1111092015,111109,Pante Baro,,,
1111092016,111109,Beunyot,,,
1111092017,111109,Paya Cut,,,
1111092018,111109,Teupin Mane,,,
1111092019,111109,Simpang Jaya,,,
1111092020,111109,Krueng Simpo,,,
1111092021,111109,Suka Tani,,,
1111092022,111109,Juli Seupeng,,,
1111092023,111109,Bukit Mulia,,,
1111092024,111109,Juli Meunasah Tambo,,,
1111092025,111109,Alue Rambong,,,
1111092026,111109,Juli Meunasah Teungoh,,,
1111092027,111109,Juli Payaru,,,
1111092028,111109,Paseh,,,
1111092029,111109,Juli Cot Meurak,,,
1111092030,111109,Pante Peusangan,,,
1111092031,111109,Bale Panah,,,
1111092032,111109,Ranto Panyang,,,
1111092033,111109,Simpang Mulia,,,
1111092034,111109,Seuneubok Dalam,,,
1111092035,111109,Juli Meunasah Jok,,,
1111092036,111109,Juli Uruek Anoe,,,
1111102001,111110,Jangka Mesjid,,,
1111102002,111110,Jangka Keutapang,,,
1111102003,111110,Jangka Alue U,,,
1111102004,111110,Jangka Alue,,,
1111102005,111110,Jangka Alue Bie,,,
1111102006,111110,Gampong Meulinteung,,,
1111102007,111110,Paya Bieng,,,
1111102008,111110,Meunasah Krueng,,,
1111102009,111110,Barat Lanyan,,,
1111102010,111110,Lamkuta,,,
1111102011,111110,Geundot,,,
1111102012,111110,Lueng,,,
1111102013,111110,Kambuek,,,
1111102014,111110,Ruseb Ara,,,
1111102015,111110,Ruseb Dayah,,,
1111102016,111110,Bada Barat,,,
1111102017,111110,Bada Timu,,,
1111102018,111110,Tanjongan,,,
1111102019,111110,Tanah Anoe,,,
1111102020,111110,Lhok Bugeng,,,
1111102021,111110,Lampoh Rayeuk,,,
1111102022,111110,Pulo Reudeup,,,
1111102023,111110,Pulo Seuna,,,
1111102024,111110,Linggong,,,
1111102025,111110,Pulo Blang,,,
1111102026,111110,Pulo Iboih,,,
1111102027,111110,Abeuk Jaloh,,,
1111102028,111110,Pulo U,,,
1111102029,111110,Alue Buya,,,
1111102030,111110,Alue Buya Pasi,,,
1111102031,111110,Pante Sukon,,,
1111102032,111110,Pante Paku,,,
1111102033,111110,Bugak Blang,,,
1111102034,111110,Bugak Mesjid,,,
1111102035,111110,Bugak Krueng Matee,,,
1111102036,111110,Bugak Krueng,,,
1111102037,111110,Pante Ranub,,,
1111102038,111110,Pulo Pineung Meunasah Dua,,,
1111102039,111110,Punjot,,,
1111102040,111110,Bugeng,,,
1111102041,111110,Alue Kuta,,,
1111102042,111110,Alue Bayeu Utang,,,
1111102043,111110,Ulee Ceu,,,
1111102044,111110,Kuala Cerape,,,
1111102045,111110,Pante Peusangan,,,
1111102046,111110,Alue Bie Pusong,,,
1111112001,111111,Rheum Barat,,,
1111112002,111111,Rheum Baroh,,,
1111112003,111111,Rheum Timu,,,
1111112004,111111,Blang Kuta Coh,,,
1111112005,111111,Blang Kuta Dua Meunasah,,,
1111112006,111111,Lancang,,,
1111112007,111111,Blang Teumulek,,,
1111112008,111111,Meunasah Mesjid,,,
1111112009,111111,Jurong Binjee,,,
1111112010,111111,Blang Mane Dua Meunasah,,,
1111112011,111111,Blang Mane Barat,,,
1111112012,111111,Balee,,,
1111112013,111111,Arongan,,,
1111112014,111111,Meunasah Mamplam,,,
1111112015,111111,Pulo Dapong,,,
1111112016,111111,Ceurucok,,,
1111112017,111111,Ie Rhob Glumpang,,,
1111112018,111111,Ie Rhob Barat,,,
1111112019,111111,Ie Rhob Timu,,,
1111112020,111111,Ie Rhob Babah Lueng,,,
1111112021,111111,Glee Meudong,,,
1111112022,111111,Pulo Drien,,,
1111112023,111111,Meunasah Dayah,,,
1111112024,111111,Cot Trieng,,,
1111112025,111111,Krueng Meuseugob,,,
1111112026,111111,Lhok Tanoh,,,
1111112027,111111,Blang Tambue,,,
1111112028,111111,Keude Tambue,,,
1111112029,111111,Meunasah Asan,,,
1111112030,111111,Peuneulet Tunong,,,
1111112031,111111,Cure Tunong,,,
1111112032,111111,Cure Baroh,,,
1111112033,111111,Peuneulet Baroh,,,
1111112034,111111,Ulee Kareung,,,
1111112035,111111,Blang Payang,,,
1111112036,111111,Calok,,,
1111112037,111111,Alue Leuhop,,,
1111112038,111111,Paku,,,
1111112039,111111,Lhok Mane,,,
1111112040,111111,Tambue Barat,,,
1111112041,111111,Meunasah Barat,,,
1111122001,111112,Keude Plimbang,,,
1111122002,111112,Krueng Baro,,,
1111122003,111112,Seuneubok Nalan,,,
1111122004,111112,Rambong Payong,,,
1111122005,111112,Seuneubok Aceh,,,
1111122006,111112,Seuneubok Plimbang,,,
1111122007,111112,Seuneubok Punti,,,
1111122008,111112,Uteun Sikumbong,,,
1111122009,111112,Teupin Panah,,,
1111122010,111112,Matang Kulee,,,
1111122011,111112,Lancok Bungo,,,
1111122012,111112,Uteun Rungkom,,,
1111122013,111112,Padang Kasab,,,
1111122014,111112,Seuneubok Seumawe,,,
1111122015,111112,Jambo Dalam,,,
1111122016,111112,Cot Gleumpang,,,
1111122017,111112,Puuek,,,
1111122018,111112,Balee Daka,,,
1111122019,111112,Paloh Pupu,,,
1111122020,111112,Seunebok Teungoh,,,
1111122021,111112,Garab,,,
1111122022,111112,Kuta Trieng,,,
1111132001,111113,Bandar Bireuen,,,
1111132002,111113,Bireuen Meunasah Reulet,,,
1111132003,111113,Bireuen Meunasah Blang,,,
1111132004,111113,Bireuen Meunasah Capa,,,
1111132005,111113,Bireuen Meunasah Dayah,,,
1111132006,111113,Bireuen Meunasah Tgk Digadong,,,
1111132007,111113,Geudong-Geudong,,,
1111132008,111113,Pulo Ara Geudong Teungoh,,,
1111132009,111113,Geudong Alue,,,
1111132010,111113,Pulo Kiton,,,
1111132011,111113,Lhok Awe Teungoh,,,
1111132012,111113,Geulanggang Teungoh,,,
1111132013,111113,Cot Gapu,,,
1111132014,111113,Geulanggang Kulam,,,
1111132015,111113,Geulanggang Gampong,,,
1111132016,111113,Blang Tingkeum,,,
1111132017,111113,Buket Teukueh,,,
1111132018,111113,Blang Reuling,,,
1111132019,111113,Cot Jrat,,,
1111132020,111113,Cot Peutek,,,
1111132021,111113,Uteun Reutoh,,,
1111132022,111113,Geulanggang Baro,,,
1111132023,111113,Gampong Baro,,,
1111142001,111114,Cot Batee,,,
1111142002,111114,Cot Unou,,,
1111142003,111114,Kuta Baro,,,
1111142004,111114,Cot Gleumpang,,,
1111142005,111114,Cot Kuta,,,
1111142006,111114,Glumpang Baroh,,,
1111142007,111114,Krueng Juli Timu,,,
1111142008,111114,Krueng Juli Barat,,,
1111142009,111114,Cot Trieng,,,
1111142010,111114,Lhok Awe Awe,,,
1111142011,111114,Cot Laga Sawa,,,
1111142012,111114,Cot U Sibak,,,
1111142013,111114,Lancok Pante Ara,,,
1111142014,111114,Lancok-Lancok,,,
1111142015,111114,Kareung,,,
1111142016,111114,Bale Kunyuen,,,
1111142017,111114,Ujong Blang,,,
1111142018,111114,Ujong Blang Mesjid,,,
1111142019,111114,Weu Jangka,,,
1111142020,111114,Kuala Raja,,,
1111152001,111115,Lueng Daneun,,,
1111152002,111115,Rambong Payong,,,
1111152003,111115,Alue Kupula,,,
1111152004,111115,Blang Cirih,,,
1111152005,111115,Kubu,,,
1111152006,111115,Teupin Raya,,,
1111152007,111115,Cot Aneuk Batee,,,
1111152008,111115,Kubu Raya,,,
1111152009,111115,Pante Baro Gle Siblah,,,
1111152010,111115,Pante Baro Kumbang,,,
1111152011,111115,Pante Baro Buket Panyang,,,
1111152012,111115,Alue Krueb,,,
1111152013,111115,Alue Iet,,,
1111152014,111115,Paloh Mampre,,,
1111152015,111115,Buket Sudan,,,
1111152016,111115,Awe Geutah,,,
1111152017,111115,Cot Saleuet,,,
1111152018,111115,Alue Glumpang,,,
1111152019,111115,Pante Karya,,,
1111152020,111115,Awe Geutah Paya,,,
1111152021,111115,Dayah Baro,,,
1111162001,111116,Darussalam,,,
1111162002,111116,Blang Mane,,,
1111162003,111116,Tanjong Beuridi,,,
1111162004,111116,Darul Aman,,,
1111162005,111116,Geulanggang Labu,,,
1111162006,111116,Teupin Reudeup,,,
1111162007,111116,Ulee Jalan,,,
1111162008,111116,Paya Crot,,,
1111162009,111116,Pulo Panyang,,,
1111162010,111116,Me Rayeuk,,,
1111162011,111116,Uteun Gathom,,,
1111162012,111116,Lung Kuli,,,
1111162013,111116,Lueng Baro,,,
1111162014,111116,Mata Ie,,,
1111162015,111116,Blang Cut,,,
1111162016,111116,Blang Pala,,,
1111162017,111116,Krueng Beukah,,,
1111162018,111116,Ceubrek,,,
1111162019,111116,Uteun Raya,,,
1111162020,111116,Pulo Harapan,,,
1111162021,111116,Suwak,,,
1111172001,111117,Paloh Dama,,,
1111172002,111117,Paya Rangkuluh,,,
1111172003,111117,Paloh Raya,,,
1111172004,111117,Crueng Kumbang,,,
1111172005,111117,Tanjong Siron,,,
1111172006,111117,Balee Mee,,,
1111172007,111117,Buket Dalam,,,
1111172008,111117,Parang Sikureung,,,
1111172009,111117,Cot Baroh,,,
1111172010,111117,Paloh Peuradi,,,
1111172011,111117,Cot Mee,,,
1111172012,111117,Blang Mee,,,
1111172013,111117,Glee Putoh,,,
1111172014,111117,Tingkeum Baro,,,
1111172015,111117,Tingkeum Manyang,,,
1111172016,111117,Kulu,,,
1111172017,111117,Babah Suak,,,
1111172018,111117,Ulee Pusong,,,
1111172019,111117,Pulo Nga,,,
1111172020,111117,Meusee,,,
1111172021,111117,Blang Panjo,,,
1111172022,111117,Babah Jurong,,,
1111172023,111117,Dayah Panjoe,,,
1111172024,111117,Pulo Blang,,,
1111172025,111117,Imbudee,,,
1111172026,111117,Pulo Siren,,,
1111172027,111117,Jarommah Me,,,
1111172028,111117,Jaromah Baroh,,,
1111172029,111117,Lhok Nga,,,
1111172030,111117,Pulo Reudeup,,,
1111172031,111117,Geulanggang Meunjee,,,
1111172032,111117,Geulanggang Panah,,,
1111172033,111117,Ujong Blang,,,
1111172034,111117,Geulanggang Rayeuk,,,
1111172035,111117,Dayah Mesjid,,,
1111172036,111117,Keurumbok,,,
1111172037,111117,Cot Ara,,,
1111172038,111117,Rancong,,,
1111172039,111117,Jambo Kajeung,,,
1111172040,111117,Kulu Kuta,,,
1111172041,111117,Pulo Awe,,,
1112012006,111201,Guhang,,,
1112012007,111201,Seunaloh,,,
1112012008,111201,Lhung Asan,,,
1112012010,111201,Lhung Tarok,,,
1112012014,111201,Cot Jeurat,,,
1112012015,111201,Meudang Ara,,,
1112012016,111201,Keude Siblah,,,
1112012017,111201,Kuta Bahagia,,,
1112012018,111201,Kuta Tinggi,,,
1112012019,111201,Mata Ie,,,
1112012020,111201,Geulumpang Payong,,,
1112012021,111201,Panton Raya,,,
1112012022,111201,Alue Manggota,,,
1112012023,111201,Lam Kuta,,,
1112012024,111201,Baharu,,,
1112012025,111201,Keude Paya,,,
1112012026,111201,Pasar Blangpidie,,,
1112012028,111201,Kuta Tuha,,,
1112012029,111201,Gudang,,,
1112012030,111201,Babah Lhueng,,,
1112022001,111202,Adan,,,
1112022002,111202,Pante Geulumpang,,,
1112022003,111202,Mesjid,,,
1112022004,111202,Gunong Cut,,,
1112022005,111202,Padang Kawa,,,
1112022006,111202,Blang Padang,,,
1112022007,111202,Padang Bak Jeumpa,,,
1112022008,111202,Suak Labu,,,
1112022014,111202,Bineh Krueng,,,
1112022015,111202,Drien Kipah,,,
1112022016,111202,Drien Jalo,,,
1112022017,111202,Padang Bak Jok,,,
1112022018,111202,Suak Nibong,,,
1112022019,111202,Kuta Bak Drien,,,
1112022020,111202,Ie Lhob,,,
1112032001,111203,Kedai,,,
1112032002,111203,Padang,,,
1112032003,111203,Tengah,,,
1112032005,111203,Paya,,,
1112032006,111203,Seuneulop,,,
1112032007,111203,Lhok Puntoy,,,
1112032009,111203,Ladang Panah,,,
1112032010,111203,Pusu Ingin Jaya,,,
1112032011,111203,Panton Makmur,,,
1112032022,111203,Lhueng Baro,,,
1112032023,111203,Tokoh,,,
1112032024,111203,Blang Manggeng,,,
1112032025,111203,Pante Raja,,,
1112032026,111203,Sejahtera,,,
1112032027,111203,Lhok Pawoh,,,
1112032029,111203,Pante Pirak,,,
1112032030,111203,Ujung Tanah,,,
1112032031,111203,Pante Cermin,,,
1112042001,111204,Pantai Perak,,,
1112042002,111204,Durian Rampak,,,
1112042003,111204,Barat,,,
1112042004,111204,Palak Hulu,,,
1112042005,111204,Palak Hilir,,,
1112042006,111204,Durian Jangek,,,
1112042007,111204,Rumah Dua Lapis,,,
1112042008,111204,Pinang,,,
1112042009,111204,Rumah Panjang,,,
1112042010,111204,Baharu,,,
1112042011,111204,Pawoh,,,
1112042012,111204,Padang Baru,,,
1112042013,111204,Pulau Kayu,,,
1112042014,111204,Ujung Padang,,,
1112042015,111204,Kedai Susoh,,,
1112042016,111204,Panjang Baru,,,
1112042017,111204,Kedai Palak Kerambil,,,
1112042018,111204,Ladang,,,
1112042019,111204,Kepala Bandar,,,
1112042020,111204,Tangah,,,
1112042021,111204,Gadang,,,
1112042022,111204,Padang Hilir,,,
1112042023,111204,Blang Dalam,,,
1112042024,111204,Meunasah,,,
1112042025,111204,Lampoh Drien,,,
1112042026,111204,Padang Panjang,,,
1112042027,111204,Rubek Meupayong,,,
1112042028,111204,Cot Mancang,,,
1112042029,111204,Geulima Jaya,,,
1112052001,111205,Kota Bahagia,,,
1112052002,111205,Pasar Kota Bahagia,,,
1112052003,111205,Geulanggang Gajah,,,
1112052004,111205,Kuala Terubue,,,
1112052005,111205,Blang Makmur,,,
1112052006,111205,Panto Cut,,,
1112052007,111205,Alue Padee,,,
1112052008,111205,Muka Blang,,,
1112052009,111205,Lhung Geulumpang,,,
1112052010,111205,Padang Sikabu,,,
1112052011,111205,Kampung Tengah,,,
1112052012,111205,Blang Panyang,,,
1112052013,111205,Krueng Batee,,,
1112052014,111205,Alue Pisang,,,
1112052015,111205,Lhok Gajah,,,
1112052016,111205,Ie Mameh,,,
1112052017,111205,Keude Baro,,,
1112052018,111205,Lama Tuha,,,
1112052019,111205,Drien Beurumbang,,,
1112052020,111205,Rumoh Panyang,,,
1112052021,111205,Krueng Panto,,,
1112062001,111206,Pante Rakyat,,,
1112062002,111206,Ie Mirah,,,
1112062003,111206,Gunung Samarinda,,,
1112062004,111206,Alue Jeurejak,,,
1112062005,111206,Blang Dalam,,,
1112062006,111206,Alue Peunawa,,,
1112062007,111206,Pante Cermin,,,
1112062008,111206,Blang Raja,,,
1112062009,111206,Rukoen Dame,,,
1112062010,111206,Simpang Gadeng,,,
1112062011,111206,Teladan Jaya,,,
1112062012,111206,Lhok Gayo,,,
1112062013,111206,Alue Dawah,,,
1112062014,111206,Cot Seumantok,,,
1112072001,111207,Lhang,,,
1112072002,111207,Rambong,,,
1112072003,111207,Pisang,,,
1112072004,111207,Ujong Tanoh,,,
1112072005,111207,Alue Dama,,,
1112072007,111207,Tangan-Tangan Cut,,,
1112072008,111207,Mon Mameh,,,
1112072009,111207,Cinta Makmur,,,
1112072010,111207,Kuta Murni,,,
1112082001,111208,Baru,,,
1112082002,111208,Alue Rambot,,,
1112082003,111208,Kuta Jeumpa,,,
1112082004,111208,Alue Sungai Pinang,,,
1112082005,111208,Cot Mane,,,
1112082006,111208,Ladang Neubok,,,
1112082007,111208,Asoe Nanggroe,,,
1112082008,111208,Padang Geulumpang,,,
1112082009,111208,Ikue Lhung,,,
1112082010,111208,Kuta Makmur,,,
1112082011,111208,Jeumpa Barat,,,
1112082012,111208,Alue Seulaseh,,,
1112092001,111209,Meurandeh,,,
1112092002,111209,Sukadamai,,,
1112092003,111209,Cot Bak-U,,,
1112092004,111209,Meunasah Sukon,,,
1112092005,111209,Meunasah Tengah,,,
1112092006,111209,Geulanggang Batee,,,
1112092007,111209,Kuta Paya,,,
1112092008,111209,Ujung Tanah,,,
1112092009,111209,Padang Keulele,,,
1112092010,111209,Alue Rambot,,,
1112092011,111209,Ladang Tuha I,,,
1112092012,111209,Ladang Tuha II,,,
1112092013,111209,Tokoh II,,,
1112092014,111209,Kayee Aceh,,,
1113012001,111301,Kota Blangkejeren,,,
1113012002,111301,Penampaan,,,
1113012003,111301,Bukit,,,
1113012004,111301,Bacang,,,
1113012005,111301,Durin,,,
1113012007,111301,Kampung Jawa,,,
1113012008,111301,Porang,,,
1113012011,111301,Kute Lintang,,,
1113012014,111301,Leme,,,
1113012016,111301,Gele,,,
1113012017,111301,Sere,,,
1113012018,111301,Cempa,,,
1113012019,111301,Lempuh,,,
1113012021,111301,Palok,,,
1113012022,111301,Penggalangan,,,
1113012027,111301,Agusan,,,
1113012031,111301,Bustanussalam,,,
1113012032,111301,Penampaan Uken,,,
1113012033,111301,Raklunung,,,
1113012034,111301,Sepang,,,
1113022002,111302,Tampeng,,,
1113022004,111302,Bener,,,
1113022005,111302,Ulun Tanoh,,,
1113022006,111302,Kuta Ujung,,,
1113022008,111302,Beranang,,,
1113022010,111302,Rikit Dekat,,,
1113022011,111302,Rema,,,
1113022014,111302,Rema Baru,,,
1113022015,111302,Cike,,,
1113022016,111302,Kerukunan Kuta Panjang,,,
1113022020,111302,Tampeng Musara,,,
1113022021,111302,Kong Paluh,,,
1113032001,111303,Ampa Kolak,,,
1113032002,111303,Cane Toa,,,
1113032003,111303,Padang Pasir,,,
1113032005,111303,Pinang Rugub,,,
1113032006,111303,Kuning,,,
1113032008,111303,Mangang,,,
1113032011,111303,Rempelam,,,
1113032012,111303,Cane Uken,,,
1113032013,111303,Tungel,,,
1113032014,111303,Kota Rikit Gaib,,,
1113032016,111303,Lukup Baru,,,
1113032017,111303,Penomon Jaya,,,
1113032018,111303,Tungel Baru,,,
1113042001,111304,Jabo,,,
1113042002,111304,Kutesange,,,
1113042003,111304,Padang,,,
1113042006,111304,Rumpi,,,
1113042007,111304,Bukut,,,
1113042008,111304,Terangun,,,
1113042010,111304,Rempelam Pinang,,,
1113042011,111304,Soyo,,,
1113042012,111304,Terlis,,,
1113042013,111304,Kutereje,,,
1113042014,111304,Persada Tongra,,,
1113042015,111304,Berhut,,,
1113042016,111304,Gewat,,,
1113042017,111304,Pantan Lues,,,
1113042018,111304,Makmur Jaya,,,
1113042020,111304,Blang Kuncir,,,
1113042023,111304,Reje Pudung,,,
1113042024,111304,Garut,,,
1113042025,111304,Telege Jernih,,,
1113042026,111304,Rime Raya,,,
1113042027,111304,Lestari,,,
1113042028,111304,Gawar Belangi,,,
1113042029,111304,Blang Kala,,,
1113052001,111305,Pining,,,
1113052002,111305,Pertik,,,
1113052003,111305,Ekan,,,
1113052004,111305,Uring,,,
1113052005,111305,Gajah,,,
1113052006,111305,Pintu Rime,,,
1113052007,111305,Pepelah,,,
1113052008,111305,Pasir Putih,,,
1113052009,111305,Lesten,,,
1113062001,111306,Gantung Geluni,,,
1113062002,111306,Kutebukit,,,
1113062003,111306,Bener Baru,,,
1113062004,111306,Blang Bengkik,,,
1113062005,111306,Kong,,,
1113062006,111306,Ume Lah,,,
1113062007,111306,Cinta Maju,,,
1113062008,111306,Porang Ayu,,,
1113062009,111306,Tetingi,,,
1113062010,111306,Anak Reje,,,
1113062011,111306,Rak Lintang,,,
1113062012,111306,Akang Siwah,,,
1113072001,111307,Gumpang,,,
1113072002,111307,Marpunge Gabungan,,,
1113072003,111307,Ramung Musara,,,
1113072004,111307,Meloak Sepakat,,,
1113072005,111307,Kutelengat Sepakat,,,
1113072006,111307,Singah Mulo,,,
1113072007,111307,Uning Pune,,,
1113072008,111307,Gumpang Lempuh,,,
1113072009,111307,Putri Betung,,,
1113082001,111308,Pangur,,,
1113082002,111308,Badak,,,
1113082003,111308,Kendawi,,,
1113082004,111308,Sangir,,,
1113082005,111308,Panglima Linting,,,
1113082006,111308,Blangtemung,,,
1113082007,111308,Rerebe,,,
1113082008,111308,Uning Gelung,,,
1113082009,111308,Uning Sepakat,,,
1113092001,111309,Penosan,,,
1113092002,111309,Sekuelen,,,
1113092003,111309,Akul,,,
1113092004,111309,Gegarang,,,
1113092005,111309,Peparik Gaib,,,
1113092006,111309,Penosan Sepakat,,,
1113092007,111309,Tingkem,,,
1113092008,111309,Ketukah,,,
1113092009,111309,Peparik Dekat,,,
1113092010,111309,Blang Jerango,,,
1113102001,111310,Perlak,,,
1113102002,111310,Rerebe,,,
1113102003,111310,Pasir,,,
1113102004,111310,Setul,,,
1113102005,111310,UPT. Paya Kumer,,,
1113102006,111310,UPT. Pantan Kela,,,
1113102007,111310,Buntul Musara,,,
1113102008,111310,Kuala Jernih,,,
1113102009,111310,Uyem Beriring,,,
1113102010,111310,Pulo Gelime,,,
1113112001,111311,Seneren,,,
1113112002,111311,Remukut,,,
1113112003,111311,Kenyaran,,,
1113112004,111311,Tetingi,,,
1113112005,111311,Atu Kapur,,,
1113112006,111311,Suri Musara,,,
1113112007,111311,UPT. Aih Selah,,,
1113112008,111311,Cane Baru,,,
1113112009,111311,Kuning Kurnia,,,
1114012001,111401,Keude Teunom,,,
1114012002,111401,Alue Ambang,,,
1114012003,111401,Padang Kleng,,,
1114012004,111401,Panton,,,
1114012005,111401,Pasi Tulak Bala,,,
1114012006,111401,Gampong Baro,,,
1114012007,111401,Rambong Payong,,,
1114012008,111401,Pasi Pawang,,,
1114012009,111401,Blang Baro,,,
1114012010,111401,Tanoh Anoe,,,
1114012011,111401,Tanoh Manyang,,,
1114012012,111401,Batee Roo,,,
1114012013,111401,Seuneubok Padang,,,
1114012014,111401,Seumira,,,
1114012015,111401,Kubu,,,
1114012016,111401,Alue Meuraksa,,,
1114012017,111401,Paya Baro,,,
1114012018,111401,Teupin Ara,,,
1114012019,111401,Cot Trap,,,
1114012020,111401,Leung Gayo,,,
1114012021,111401,Pasi Geulima,,,
1114012022,111401,Pasi Timon,,,
1114022001,111402,Bahagia,,,
1114022002,111402,Sentosa,,,
1114022003,111402,Dayah Baro,,,
1114022004,111402,Gampong Blang,,,
1114022005,111402,Keutapang,,,
1114022006,111402,Panton Makmur,,,
1114022007,111402,Keude Krueng Sabee,,,
1114022008,111402,Kabong,,,
1114022009,111402,Padang Datar,,,
1114022010,111402,Datar Luas,,,
1114022011,111402,Ranto Panyang,,,
1114022012,111402,Buntha,,,
1114022013,111402,Panggong,,,
1114022014,111402,Curek,,,
1114022015,111402,Alue Tho,,,
1114022016,111402,Mon Mata,,,
1114022017,111402,Paya Seumantok,,,
1114032001,111403,Sawang,,,
1114032002,111403,Lhok Geulumpang,,,
1114032003,111403,Padang,,,
1114032004,111403,Gunong Meunasah,,,
1114032005,111403,Sapek,,,
1114032006,111403,Pante Kuyun,,,
1114032007,111403,Glee Seubak,,,
1114032008,111403,Gampong Baroh,,,
1114032009,111403,Lhok Timon,,,
1114032010,111403,Gampong Baro,,,
1114032011,111403,Lhok Buya,,,
1114032012,111403,Lhok Bot,,,
1114032013,111403,Paya Laot,,,
1114042001,111404,Lhok Kruet,,,
1114042002,111404,Pulo Raya,,,
1114042003,111404,Meunasah Kulam,,,
1114042004,111404,Crak Mong,,,
1114042005,111404,Alue Gro,,,
1114042006,111404,Kuala Ligan,,,
1114042007,111404,Babah Nipah,,,
1114042008,111404,Jeumpheuk,,,
1114042009,111404,Cot Langsat,,,
1114042010,111404,Mata Ie,,,
1114042011,111404,Blang Monlung,,,
1114042012,111404,Krueng No,,,
1114042013,111404,Seumantok,,,
1114042014,111404,Ranto Sabon,,,
1114042015,111404,Ligan,,,
1114042016,111404,Ie Jeureungeh,,,
1114042020,111404,Kuala Bakong,,,
1114042036,111404,Cot Punti,,,
1114042037,111404,Krueng Ayon,,,
1114052011,111405,Pante Cermin,,,
1114052012,111405,Sabet,,,
1114052013,111405,Sango,,,
1114052014,111405,Mareu,,,
1114052015,111405,Lam Asan,,,
1114052016,111405,Alue Rayeuk,,,
1114052017,111405,Sapek,,,
1114052018,111405,Lambaroh,,,
1114052019,111405,Meudheun,,,
1114052020,111405,Babah Ie,,,
1114052021,111405,Ujong Sudheun,,,
1114052022,111405,Krueng Tunong,,,
1114052023,111405,Jambo Masi,,,
1114052024,111405,Lamtui,,,
1114052025,111405,Pasar Lamno,,,
1114052026,111405,Meunasah Weh,,,
1114052027,111405,Bak Paoh,,,
1114052028,111405,Babah Krueng,,,
1114052029,111405,Cot Dulang,,,
1114052030,111405,Lamdurian,,,
1114052031,111405,Putue,,,
1114052032,111405,Gle Putoh,,,
1114052033,111405,Pante Keutapang,,,
1114052034,111405,Lamme,,,
1114052035,111405,Meunasah Serba,,,
1114052036,111405,Leupe,,,
1114052037,111405,Meutara,,,
1114052038,111405,Lhuet,,,
1114052039,111405,Gle Jong,,,
1114052040,111405,Darat,,,
1114052041,111405,Gampong Baro,,,
1114052042,111405,Panton Makmur,,,
1114052043,111405,Rumpet,,,
1114052044,111405,Nusa,,,
1114062001,111406,Keude Panga,,,
1114062002,111406,Kuta Tuha,,,
1114062003,111406,Tuwi Kareung,,,
1114062004,111406,Ladang Baro,,,
1114062005,111406,Panton Krueng,,,
1114062006,111406,Gle Putoh,,,
1114062007,111406,Alue Pande,,,
1114062008,111406,Batee Meutudong,,,
1114062009,111406,Gampong Harapan,,,
1114062010,111406,Gunong Buloh,,,
1114062011,111406,Gunong Meulinteung,,,
1114062013,111406,Alue Abed,,,
1114062014,111406,Gunong Mantok,,,
1114062015,111406,Alue Raya,,,
1114062016,111406,Alue Teungoh,,,
1114062017,111406,Babah Ceupan,,,
1114062018,111406,Tuwi Eumpeuk,,,
1114062019,111406,Panton Kabu,,,
1114062020,111406,Tuwi Kayee,,,
1114062021,111406,Alue Piet,,,
1114072001,111407,Ujong Muloh,,,
1114072002,111407,Janguet,,,
1114072003,111407,Meunasah Rayeuk,,,
1114072004,111407,Mukhan,,,
1114072005,111407,Meunasah Teungoh,,,
1114072006,111407,Meunasah Tutong,,,
1114072007,111407,Babah Dua,,,
1114072008,111407,Alue Mie,,,
1114072009,111407,Teumareum,,,
1114072010,111407,Kuala,,,
1114072011,111407,Meudhang Ghon,,,
1114072012,111407,Kareung Ateuh,,,
1114072013,111407,Keude Unga,,,
1114072014,111407,Ceunamprong,,,
1114082001,111408,Patek,,,
1114082002,111408,Gampong Baro Patek,,,
1114082003,111408,Blang Dalam,,,
1114082004,111408,Pajar,,,
1114082005,111408,Reuntang,,,
1114082006,111408,Cot Pange,,,
1114082007,111408,Arongan,,,
1114082008,111408,Paya Santeut,,,
1114082009,111408,Krueng Tho,,,
1114082010,111408,Panton Krueng,,,
1114082011,111408,Alue Gajah,,,
1114082012,111408,Sayeung,,,
1114082013,111408,Gunong Cut,,,
1114082014,111408,Ujong Rimba,,,
1114082015,111408,Lamteungoh,,,
1114082016,111408,Gampong Baro Lamteungoh,,,
1114082017,111408,Babah Dua,,,
1114082018,111408,Masen,,,
1114082019,111408,Teupin Asan,,,
1114092001,111409,Pulo Tinggi,,,
1114092002,111409,Alue Krueng,,,
1114092003,111409,Pasi Teubee,,,
1114092004,111409,Timpleung,,,
1114092005,111409,Krueng Beukah,,,
1114092006,111409,Tuwi Kareung,,,
1114092007,111409,Lhok Guci,,,
1114092008,111409,Tuwi Peuriya,,,
1114092009,111409,Sarah Raya,,,
1114092010,111409,Alue Jang,,,
1114092011,111409,Ceuraceu,,,
1114092012,111409,Alue Punti,,,
1114092013,111409,Bintah,,,
1114092014,111409,Buket Keumuneng,,,
1115012003,111501,Lawa Batu,,,
1115012004,111501,Jogja,,,
1115012019,111501,Ujong Sikuneng,,,
1115012020,111501,Blang Muko,,,
1115012021,111501,Pulo Ie,,,
1115012022,111501,Purworejo,,,
1115012023,111501,Blang Baro,,,
1115012024,111501,Alue Ie Mameh,,,
1115012025,111501,Ujong Pasi,,,
1115012026,111501,Simpang Peut,,,
1115012027,111501,Blang Teungoh,,,
1115012028,111501,Ujong Padang,,,
1115012029,111501,Cot Kumbang,,,
1115012030,111501,Blang Bintang,,,
1115012031,111501,Ujong Patihah,,,
1115012032,111501,Kuta Makmue,,,
1115012033,111501,Gunong Reubo,,,
1115022001,111502,Jeuram,,,
1115022002,111502,Pante Ceureumen,,,
1115022003,111502,Kuta Baro Jeuram,,,
1115022004,111502,Parom,,,
1115022005,111502,Peureulak,,,
1115022006,111502,Kuta Sayeh,,,
1115022007,111502,Blang Baro,,,
1115022008,111502,Padang,,,
1115022009,111502,Alue Tho,,,
1115022010,111502,Lhok Parom,,,
1115022011,111502,Sapek,,,
1115022012,111502,Alue Dodok,,,
1115022013,111502,Cot Kumbang,,,
1115022014,111502,Kuta Kumbang,,,
1115022015,111502,Nigan,,,
1115022016,111502,Gampong Cot,,,
1115022017,111502,Blang Pateuk,,,
1115022018,111502,Blang Puuk Nigan,,,
1115022019,111502,Krueng Ceh,,,
1115022020,111502,Bantan,,,
1115022021,111502,Cot Lhe-Lhe,,,
1115022022,111502,Rambong Rayeuk,,,
1115022023,111502,Paya Udeung,,,
1115022024,111502,Alue Buloh,,,
1115022025,111502,Kuta Paya,,,
1115022026,111502,Krueng Ceuko,,,
1115022027,111502,Lhok Padang,,,
1115022028,111502,Kuta Aceh,,,
1115022029,111502,Krueng Mangkom,,,
1115022030,111502,Latong,,,
1115022031,111502,Paya Undan,,,
1115022032,111502,Blang Puuk Kulu,,,
1115022033,111502,Blang Murong,,,
1115022034,111502,Kulu,,,
1115022035,111502,Rambong Cut,,,
1115032001,111503,Blang Panyang,,,
1115032002,111503,Meugat Meh,,,
1115032003,111503,Lhok Pange,,,
1115032004,111503,Blang Lango,,,
1115032005,111503,Tuwi Meuleusong,,,
1115032006,111503,Blang Geudong,,,
1115032007,111503,Blang Teungku,,,
1115032008,111503,Sawang Mane,,,
1115032009,111503,Keude Neulop,,,
1115032010,111503,Kila,,,
1115032011,111503,Kandeh,,,
1115032012,111503,Cot Gud,,,
1115032013,111503,Kabu Baroh,,,
1115032014,111503,Kabu Tunong,,,
1115032015,111503,Keude Linteung,,,
1115032016,111503,Meurandeh Suak,,,
1115032017,111503,Uteun Pulo,,,
1115032018,111503,Cot Manyang,,,
1115032019,111503,Pulo Teungoh,,,
1115032020,111503,Cot Dirui,,,
1115032021,111503,Cot Teuku Dek,,,
1115032022,111503,Sapeng,,,
1115032023,111503,Peuleukung,,,
1115032024,111503,Paya,,,
1115032025,111503,Blang Preh,,,
1115032026,111503,Blang Ara Keude,,,
1115032027,111503,Blang Ara Gampong,,,
1115032028,111503,Ie Beudoh,,,
1115032029,111503,Blang Bayu,,,
1115032030,111503,Mon Bateung,,,
1115032031,111503,Suak Peureubong,,,
1115032032,111503,Krueng Kulu,,,
1115032033,111503,Cot Punti,,,
1115032034,111503,Lhok Mesjid,,,
1115042001,111504,Blang Seunong,,,
1115042002,111504,Pante Ara,,,
1115042003,111504,Gunong Nagan,,,
1115042004,111504,Tuwi Bunta,,,
1115042005,111504,Blang Mesjid,,,
1115042006,111504,Blang Neuang,,,
1115042007,111504,Panton Bayam,,,
1115042008,111504,Blang Baro Pulo Raga,,,
1115042009,111504,Krueng Cut,,,
1115042010,111504,Blang Leumak,,,
1115042011,111504,Babah Krueng,,,
1115042012,111504,Blang Seumot,,,
1115042013,111504,Lhok Seumot,,,
1115042014,111504,Meunasah Pante,,,
1115042015,111504,Kuta Jeumpa,,,
1115042016,111504,Blang Dalam,,,
1115042017,111504,Keude Seumot,,,
1115042018,111504,Blang Baro Rambong,,,
1115042019,111504,Ujong Blang,,,
1115042020,111504,Meunasah Krueng,,,
1115042021,111504,Meunasah Dayah,,,
1115042022,111504,Meunasah Teungoh,,,
1115042023,111504,Kulam Jeureuneh,,,
1115042028,111504,Bumi Sari,,,
1115052012,111505,Lamie,,,
1115052013,111505,Kuta Trieng,,,
1115052014,111505,Geulanggang Gajah,,,
1115052015,111505,Kayee Unoe,,,
1115052016,111505,Blang Baro,,,
1115052017,111505,Alue Bilie,,,
1115052018,111505,Suka Raja,,,
1115052019,111505,Gunong Cut,,,
1115052020,111505,Suka Jadi,,,
1115052021,111505,Tuwi Buya,,,
1115052022,111505,Ujong Lamie,,,
1115052023,111505,Suak Palembang,,,
1115052024,111505,Alue Waki,,,
1115052025,111505,Alue Geutah,,,
1115052026,111505,Krueng Alem,,,
1115052027,111505,Alue Rambot,,,
1115052028,111505,Krueng Seumayam,,,
1115052029,111505,Pulo Teungoh,,,
1115052030,111505,Karang Anyar,,,
1115052031,111505,Kuala Seumayam,,,
1115052032,111505,Pulo Ie,,,
1115052033,111505,Pulo Kruet,,,
1115052034,111505,Alue Kuyun,,,
1115052035,111505,Alue Raya,,,
1115052036,111505,Alue Jampak,,,
1115052037,111505,Suka Mulia,,,
1115052038,111505,Simpang Dua,,,
1115052039,111505,Sidojadi,,,
1115052040,111505,Serba Jadi,,,
1115052041,111505,Serba Guna,,,
1115052042,111505,Simpang Deli Kilang,,,
1115052043,111505,Panton Bayu,,,
1115052044,111505,Ujong Tanjong,,,
1115052045,111505,Suka Ramai,,,
1115052046,111505,Ladang Baro,,,
1115052047,111505,Alue Bateung Brok,,,
1115052048,111505,Simpang Deli Kampong,,,
1115052049,111505,Blang Luah,,,
1115052050,111505,Sumber Makmur,,,
1115052051,111505,Makarti Jaya,,,
1115062001,111506,Lueng Baro,,,
1115062002,111506,Alue Kambuk,,,
1115062003,111506,Kuta Padang,,,
1115062004,111506,Suak Bilie,,,
1115062005,111506,Macah,,,
1115062006,111506,Seumambek,,,
1115062007,111506,Cot Kuta,,,
1115062008,111506,Kabu Blang Sapek,,,
1115062009,111506,Cot Peuradi,,,
1115062010,111506,Blang Sapek,,,
1115062011,111506,Lhok Beutong,,,
1115062012,111506,Gampong Teungoh,,,
1115062013,111506,Lhok Rameuan,,,
1115062014,111506,Blang Muling,,,
1115062015,111506,Krak Tampai,,,
1115062016,111506,Meureubo,,,
1115062017,111506,Kuta Baro Blang Muling,,,
1115062018,111506,Alue Peusaja,,,
1115062019,111506,Alue Gajah,,,
1115072001,111507,Suak Puntong,,,
1115072002,111507,Gampong Lhok,,,
1115072003,111507,Kuala Baro,,,
1115072004,111507,Padang Rubek,,,
1115072005,111507,Pulo,,,
1115072006,111507,Langkak,,,
1115072007,111507,Kuala Tuha,,,
1115072008,111507,Kubang Gajah,,,
1115072009,111507,Kuala Trang,,,
1115072010,111507,Cot Rambong,,,
1115072011,111507,Padang Panyang,,,
1115072012,111507,Arongan,,,
1115072013,111507,Jati Rejo,,,
1115072014,111507,Purwodadi,,,
1115072015,111507,Lueng Teuku Ben,,,
1115072016,111507,Purwosari,,,
1115082001,111508,Alue Bata,,,
1115082002,111508,Gunong Sapek,,,
1115082003,111508,Sarah Mantok,,,
1115082004,111508,Pasie Luah,,,
1115082005,111508,Gunong Geulugo,,,
1115082006,111508,Gunong Kupok,,,
1115082007,111508,Gunong Pungki,,,
1115082008,111508,Alue Siron,,,
1115082009,111508,Cot Mue,,,
1115082010,111508,Babah Rot,,,
1115082011,111508,Babah Dua,,,
1115082012,111508,Batu Raja,,,
1115082013,111508,Simpang Jaya,,,
1115082014,111508,Sumber Daya,,,
1115082015,111508,Rantau Selamat,,,
1115082016,111508,Alue Seupeung,,,
1115082017,111508,Krueng Itam,,,
1115082018,111508,Alue Gajah,,,
1115082019,111508,Alue Labu,,,
1115082020,111508,Gapa Garu,,,
1115082021,111508,Kuala Tadu,,,
1115082022,111508,Cot Mee,,,
1115092001,111509,Kuala Tripa,,,
1115092002,111509,Babah Lueng,,,
1115092003,111509,Drien Tujoh,,,
1115092004,111509,Lueng Keubeu Jagat,,,
1115092005,111509,Kabu,,,
1115092006,111509,Pasie Keube Dom,,,
1115092007,111509,Neubok Yee PK,,,
1115092008,111509,Neubok Yee PP,,,
1115092009,111509,Mon Dua,,,
1115092010,111509,Ujong Krueng,,,
1115092011,111509,Panton Pange,,,
1115102001,111510,Blang Puuk,,,
1115102002,111510,Babah Suak,,,
1115102003,111510,Kuta Teungoh,,,
1115102004,111510,Blang Meurandeh,,,
1116012001,111601,Simpang Lhee,,,
1116012002,111601,Buket Panyang Sa,,,
1116012003,111601,Buket Panyang Dua,,,
1116012004,111601,Seuneubok Baru,,,
1116012005,111601,Sampaimah,,,
1116012006,111601,Krueng Sikajang,,,
1116012007,111601,Seuneubok Punti,,,
1116012008,111601,Mesjid,,,
1116012009,111601,Paya Ketenggar,,,
1116012010,111601,Pahlawan,,,
1116012011,111601,Matang Ara Aceh,,,
1116012012,111601,Ie Bintah,,,
1116012013,111601,Geudham,,,
1116012014,111601,Geulanggang Merak,,,
1116012015,111601,Bukit Paya,,,
1116012016,111601,Dagang Setia,,,
1116012017,111601,Meunasah Paya,,,
1116012018,111601,Benteng Anyer,,,
1116012019,111601,Tanjung Neraca,,,
1116012020,111601,Lueng Manyo,,,
1116012021,111601,Tualang Baro,,,
1116012022,111601,Lhok Medang Ara,,,
1116012023,111601,Kaseh Sayang,,,
1116012024,111601,Seuneubok Pidie,,,
1116012025,111601,Matang Cincin,,,
1116012026,111601,Matang Ara Jawa,,,
1116012027,111601,Meurandeh,,,
1116012028,111601,Raja Tuha,,,
1116012029,111601,Ujung Tanjung,,,
1116012030,111601,Alue Ie Puteh,,,
1116012031,111601,Alue Sentang,,,
1116012032,111601,Seuneubok Cantek,,,
1116012033,111601,Sapta Marga,,,
1116012034,111601,Paya Baru,,,
1116012035,111601,Bandung Jaya,,,
1116012036,111601,Pandan Sari,,,
1116022001,111602,Mesjid Sungai Iyu,,,
1116022002,111602,Alur Cantik,,,
1116022003,111602,Tanjung Lipat I,,,
1116022004,111602,Tanjung Lipat II,,,
1116022005,111602,Seuneubok Dalam Mesjid,,,
1116022006,111602,Bandar Baru,,,
1116022007,111602,Cinta Raja,,,
1116022008,111602,Kuala Genting,,,
1116022009,111602,Bandar Khalifah,,,
1116022010,111602,Suka Mulia Bendahara,,,
1116022011,111602,Seuneubok Aceh,,,
1116022012,111602,Tengku Tinggi,,,
1116022013,111602,Perkebunan Sungai Iyu,,,
1116022014,111602,Marlempang,,,
1116022015,111602,Balai,,,
1116022016,111602,Lubuk Batil,,,
1116022017,111602,Lambung Blang,,,
1116022018,111602,Tanjung Parit,,,
1116022019,111602,Tanjung,,,
1116022020,111602,Raja,,,
1116022021,111602,Tumpok Tengoh,,,
1116022029,111602,Upah,,,
1116022030,111602,Perkebunan Upah,,,
1116022031,111602,Matang Tepah,,,
1116022035,111602,Seuneubok Dalam Upah,,,
1116022036,111602,Mesjid Bendahara,,,
1116022037,111602,Teluk Kemiri,,,
1116022038,111602,Teluk Kepayang,,,
1116022039,111602,Teluk Halban,,,
1116022040,111602,Rantau Pakam,,,
1116022041,111602,Tanjung Binjai,,,
1116022042,111602,Tanjung Mulia,,,
1116022043,111602,Kuala Penaga,,,
1116032001,111603,Kesehatan,,,
1116032002,111603,Suka Jadi,,,
1116032006,111603,Menanggini,,,
1116032007,111603,Tanjung Karang,,,
1116032009,111603,Bundar,,,
1116032011,111603,Dalam,,,
1116032012,111603,Tanah Terban,,,
1116032013,111603,Air Tenang,,,
1116032014,111603,Johar,,,
1116032015,111603,Tupah,,,
1116032016,111603,Banai,,,
1116032017,111603,Rantau Panjang,,,
1116032018,111603,Medang Ara,,,
1116032019,111603,Pahlawan,,,
1116032020,111603,Alur Selalas,,,
1116032021,111603,Paya Tampah,,,
1116032022,111603,Alur Baung,,,
1116032023,111603,Kebun Tanah Terban,,,
1116032024,111603,Kebun Medang Ara,,,
1116032025,111603,Kebun Afdeling Seleleh,,,
1116032026,111603,Paya Awe,,,
1116032027,111603,Simpang Empat,,,
1116032028,111603,Paya Kulbi,,,
1116032029,111603,Alur Bemban,,,
1116032030,111603,Paya Meta,,,
1116032031,111603,Tanjung Seumantoh,,,
1116032032,111603,Bukit Keranji,,,
1116032033,111603,Kebun Tanjung Seumantoh,,,
1116032034,111603,Bukit Panjang,,,
1116032035,111603,Alue Lhok,,,
1116032036,111603,Sukajadi Paya Bujok,,,
1116042002,111604,Pekan Seruway,,,
1116042003,111604,Binjai,,,
1116042004,111604,Pantai Balai,,,
1116042005,111604,Padang Langgis,,,
1116042006,111604,Sukaramai Satu,,,
1116042007,111604,Sukaramai Dua,,,
1116042008,111604,Perkebunan Seruway,,,
1116042009,111604,Gedung Biara,,,
1116042010,111604,Alur Alim,,,
1116042011,111604,Tualang,,,
1116042012,111604,Matang Sentang,,,
1116042013,111604,Air Masin,,,
1116042014,111604,Sidodadi,,,
1116042015,111604,Perk. Gedung Biara,,,
1116042016,111604,Muka Sungai Kuruk,,,
1116042017,111604,Paya Udang,,,
1116042018,111604,Gelung,,,
1116042019,111604,Kampung Baru,,,
1116042020,111604,Kuala Pusung Kapal,,,
1116042021,111604,Sungai Kuruk I,,,
1116042022,111604,Sungai Kuruk II,,,
1116042023,111604,Sungai Kuruk III,,,
1116042024,111604,Tangsi Lama,,,
1116042025,111604,Lubuk Damar,,,
1116052001,111605,Kota Kualasimpang,,,
1116052002,111605,Perdamaian,,,
1116052003,111605,Sriwijaya,,,
1116052004,111605,Bukit Tempurung,,,
1116052005,111605,Kotalintang,,,
1116062001,111606,Bukit Rata,,,
1116062002,111606,Pangkalan,,,
1116062003,111606,Tanjung Mancang,,,
1116062004,111606,Simpang Kanan,,,
1116062005,111606,Tanjung Genteng,,,
1116062006,111606,Gerenggam,,,
1116062007,111606,Suka Makmur,,,
1116062008,111606,Alur Selebu,,,
1116062010,111606,Sungai Liput,,,
1116062011,111606,Kebun Sungai Liput,,,
1116062012,111606,Purwodadi,,,
1116062013,111606,Jawa,,,
1116062014,111606,Sidodadi,,,
1116062015,111606,Karang Jadi,,,
1116062016,111606,Seumadam,,,
1116072001,111607,Alur Tani Satu,,,
1116072002,111607,Alur Tani Dua,,,
1116072003,111607,Bandar Khalifah,,,
1116072004,111607,Kaloy,,,
1116072005,111607,Perkebunan Pulau Tiga,,,
1116072006,111607,Harum Sari,,,
1116072007,111607,Bandar Setia,,,
1116072008,111607,Rongoh,,,
1116072010,111607,Wono Sari,,,
1116082001,111608,Benua Raja,,,
1116082002,111608,Landuh,,,
1116082003,111608,Paya Bedi,,,
1116082004,111608,Ingin Jaya,,,
1116082005,111608,Suka Rahmat,,,
1116082006,111608,Suka Jadi,,,
1116082007,111608,Durian,,,
1116082008,111608,Rantau Pauh,,,
1116082009,111608,Alur Cucur,,,
1116082010,111608,Pertamina,,,
1116082011,111608,Kebun Rantau,,,
1116082012,111608,Alur Manis,,,
1116082013,111608,Jamur Jelatang,,,
1116082014,111608,Suka Rakyat,,,
1116082015,111608,Jamur Labu,,,
1116082016,111608,Suka Mulia,,,
1116092001,111609,Telaga Meuku Sa,,,
1116092002,111609,Telaga Meuku Dua,,,
1116092003,111609,Alur Nunang,,,
1116092004,111609,Tanjung Keramat,,,
1116092005,111609,Matang Seping,,,
1116092006,111609,Besar,,,
1116092007,111609,Paya Rahat,,,
1116092008,111609,Suka Jadi,,,
1116092009,111609,Suka Mulia Upah,,,
1116092010,111609,Suka Damai,,,
1116102001,111610,Aras Sembilan,,,
1116102002,111610,Jambo Rambong,,,
1116102003,111610,Blang Kandis,,,
1116102004,111610,Alur Jambu,,,
1116102005,111610,Perkebunan Alur Jambu,,,
1116102006,111610,Batang Ara,,,
1116102007,111610,Perupuk,,,
1116102008,111610,Serba,,,
1116102009,111610,Sunting,,,
1116102010,111610,Rantau Bintang,,,
1116102011,111610,Babo,,,
1116102012,111610,Pantai Cempa,,,
1116102013,111610,Pengidam,,,
1116102014,111610,Bengkelang,,,
1116102015,111610,Batu Bedulang,,,
1116112001,111611,Tebing Tinggi,,,
1116112002,111611,Rimba Sawang,,,
1116112003,111611,Tenggulun,,,
1116112004,111611,Selamat,,,
1116112005,111611,Simpang Kiri,,,
1116122001,111612,Bandar Mahligai,,,
1116122002,111612,Sekerak Kiri,,,
1116122003,111612,Pantai Tinjau,,,
1116122004,111612,Pantai Perlak,,,
1116122005,111612,Kebun Batang Ara,,,
1116122006,111612,Sekerak Kanan,,,
1116122007,111612,Lubuk Sidup,,,
1116122008,111612,Sekumur,,,
1116122009,111612,Tanjung Gelumpang,,,
1116122010,111612,Pematang Durian,,,
1116122011,111612,Juar,,,
1116122012,111612,Sulum,,,
1116122013,111612,Suka Makmur,,,
1116122014,111612,Baling Karang,,,
1117012001,111701,Blang Rakal,,,
1117012002,111701,Negeri Antara,,,
1117012003,111701,Alur Cincin,,,
1117012004,111701,Pantan Sinaku,,,
1117012005,111701,Bintang Berangun,,,
1117012006,111701,Taman Firdaus,,,
1117012007,111701,Uning Mas,,,
1117012008,111701,Perdamaian,,,
1117012009,111701,Ulu Naron,,,
1117012010,111701,Pantan Lah,,,
1117012011,111701,Pancar Jelobok,,,
1117012012,111701,Alur Gading,,,
1117012013,111701,Rime Raya,,,
1117012014,111701,Singah Mulo,,,
1117012015,111701,Simpang Lancang,,,
1117012016,111701,Wih Porak,,,
1117012017,111701,Bener Meriah,,,
1117012018,111701,Musara 58,,,
1117012019,111701,Musara Pakat,,,
1117012020,111701,Rata Ara,,,
1117012021,111701,Gemasih,,,
1117012022,111701,Pulo Intan,,,
1117012023,111701,Blang Ara,,,
1117022001,111702,Bener Pepanyi,,,
1117022002,111702,Bintang Bener,,,
1117022003,111702,Bintang Permata,,,
1117022004,111702,Buntul Peteri,,,
1117022005,111702,Darul Aman,,,
1117022006,111702,GLP. Wih Tenang Uken,,,
1117022007,111702,Pantan Tengah Jaya,,,
1117022008,111702,Penosan Jaya,,,
1117022009,111702,Ramung Jaya,,,
1117022010,111702,Seni Antara,,,
1117022011,111702,Temas Mumanang,,,
1117022012,111702,Wih Tenang Toa,,,
1117022013,111702,Wih Tenang Uken,,,
1117022014,111702,Ayu Ara,,,
1117022015,111702,Ceding Ayu,,,
1117022016,111702,Uning Sejuk,,,
1117022017,111702,Suku Sara Tangke,,,
1117022018,111702,Rikit Musara,,,
1117022019,111702,Jungke,,,
1117022020,111702,Burni Pase,,,
1117022021,111702,Bale Musara,,,
1117022022,111702,Pemango,,,
1117022023,111702,Jelobok,,,
1117022024,111702,Kepies,,,
1117022025,111702,Timur Jaya,,,
1117022026,111702,Bale Purnama,,,
1117022027,111702,Tawar Bengi,,,
1117032001,111703,Blang Panu,,,
1117032003,111703,Gerpa,,,
1117032004,111703,Goneng,,,
1117032007,111703,Kerlang,,,
1117032008,111703,Kutelah Lane,,,
1117032009,111703,Pasir Putih,,,
1117032010,111703,Payung,,,
1117032012,111703,Rusip,,,
1117032014,111703,Tembolon,,,
1117032015,111703,Uning,,,
1117032016,111703,Wihni Durin,,,
1117032017,111703,Rata Mulie,,,
1117032018,111703,Tempen Baru,,,
1117032019,111703,Geruti Jaya,,,
1117042001,111704,Bahgie Bertona,,,
1117042003,111704,Bathin Baru,,,
1117042004,111704,Blang Pulo,,,
1117042009,111704,Bukit Wih Ilang,,,
1117042010,111704,Hakim Wih Ilang,,,
1117042011,111704,Janarata,,,
1117042012,111704,Keramat Jaya,,,
1117042013,111704,Lewa Jadi,,,
1117042014,111704,Muyang Kute Mangku,,,
1117042016,111704,Pakat Jeroh,,,
1117042017,111704,Paya Baning,,,
1117042018,111704,Blang Jorong,,,
1117042019,111704,Pondok Baru,,,
1117042020,111704,Pondok Gajah,,,
1117042021,111704,Pondok Ulung,,,
1117042022,111704,Puja Mulia,,,
1117042023,111704,Purwosari,,,
1117042024,111704,Selamat Rejo,,,
1117042025,111704,Sidodadi,,,
1117042026,111704,Simpang Utama,,,
1117042027,111704,Suku Wih Ilang,,,
1117042028,111704,Tanjung Pura,,,
1117042029,111704,Wonosari,,,
1117042030,111704,Mutiara,,,
1117042032,111704,Tansaran Bidin,,,
1117042033,111704,Jadi Sepakat,,,
1117042034,111704,Selisih Mara,,,
1117042035,111704,Kala Nempan,,,
1117042036,111704,Gunung Antara,,,
1117042037,111704,Gele Semayang,,,
1117042042,111704,Tawar Sedenge,,,
1117042043,111704,Beranun Teleden,,,
1117042044,111704,Remang Ketike Jaya,,,
1117042045,111704,Makmur Sentosa,,,
1117042047,111704,Sinar Jaya Paya Ringkel,,,
1117052001,111705,Bale Atu,,,
1117052002,111705,Bale Redelong,,,
1117052003,111705,Batin Wih Pongas,,,
1117052004,111705,Blang Ara,,,
1117052005,111705,Blang Sentang,,,
1117052006,111705,Blang Tampu,,,
1117052007,111705,Bujang,,,
1117052009,111705,Delung Tue,,,
1117052010,111705,Hakim Tungul Naru,,,
1117052011,111705,Isaq Busur,,,
1117052012,111705,Kenawat Redelong,,,
1117052013,111705,Kute Lintang,,,
1117052014,111705,Panji Mulia I,,,
1117052015,111705,Panji Mulia II,,,
1117052016,111705,Pasar Simpang Tiga,,,
1117052017,111705,Reje Guru,,,
1117052018,111705,Rembele,,,
1117052019,111705,Sedie Jadi,,,
1117052020,111705,Tingkem Asli,,,
1117052021,111705,Tingkem Benyer,,,
1117052022,111705,Tingkem Bersatu,,,
1117052023,111705,Ujung Gele,,,
1117052024,111705,Uning Bersah,,,
1117052025,111705,Uning Teritit,,,
1117052026,111705,Waq Pondok Sayur,,,
1117052027,111705,Babussalam,,,
1117052028,111705,Paya Gajah,,,
1117052029,111705,Kute Tanyung,,,
1117052030,111705,Meluem,,,
1117052031,111705,Delung Asli,,,
1117052032,111705,Pilar Jaya,,,
1117052033,111705,Serule Kayu,,,
1117052034,111705,Uring,,,
1117052035,111705,Mupakat Jadi,,,
1117052036,111705,Kute Kering,,,
1117052037,111705,Blang Panas,,,
1117052038,111705,Mutiara Baru,,,
1117052039,111705,Bukit Bersatu,,,
1117052040,111705,Godang,,,
1117052041,111705,Karang Rejo,,,
1117062001,111706,Blang Paku,,,
1117062004,111706,Pante Raya,,,
1117062005,111706,Simpang Balek,,,
1117062006,111706,Simpang Teritit,,,
1117062007,111706,Suka Jadi,,,
1117062008,111706,Suka Makmur,,,
1117062009,111706,Suka Ramai Atas,,,
1117062010,111706,Suka Ramai Bawah,,,
1117062011,111706,Syura Jadi,,,
1117062012,111706,Jamur Uluh,,,
1117062013,111706,Gegerung,,,
1117062014,111706,Merie Satu,,,
1117062015,111706,Blang Benara,,,
1117062016,111706,Bukit Pepanyi,,,
1117062017,111706,Wih Pesam,,,
1117062018,111706,Cinta Damai,,,
1117062019,111706,Bener Ayu,,,
1117062020,111706,Bener Mulie,,,
1117062021,111706,Blang Kucak,,,
1117062022,111706,Wonosobo,,,
1117062023,111706,Lut Kucak,,,
1117062024,111706,Kebun Baru,,,
1117062025,111706,Simpang Antara,,,
1117062026,111706,Jamur Ujung,,,
1117062027,111706,Suka Makmur Timur,,,
1117062028,111706,Burni Telong,,,
1117072001,111707,Bandar Lampahan,,,
1117072002,111707,Blang Rongka,,,
1117072003,111707,Cekal Baru,,,
1117072004,111707,Gegur Sepakat,,,
1117072005,111707,Karang Jadi,,,
1117072006,111707,Lampahan,,,
1117072010,111707,Setie,,,
1117072011,111707,Simpang Layang,,,
1117072012,111707,Suka Damai,,,
1117072014,111707,Tunyang,,,
1117072016,111707,Datu Beru,,,
1117072017,111707,Kenine,,,
1117072018,111707,Rembune,,,
1117072019,111707,Damaran Baru,,,
1117072020,111707,Fajar Harapan,,,
1117072021,111707,Mude Benara,,,
1117072022,111707,Kampung Baru 76,,,
1117072023,111707,Pantan Pediangan,,,
1117072024,111707,Bumi Ayu,,,
1117072025,111707,Kulem Para Kanis,,,
1117072026,111707,Mekar Ayu,,,
1117072027,111707,Lampahan Barat,,,
1117072028,111707,Lampahan Timur,,,
1117072029,111707,Timang Rasa,,,
1117072030,111707,Gunung Tunyang,,,
1117072031,111707,Bukit Tunyang,,,
1117072032,111707,Linung Bale,,,
1117072033,111707,Pantan Kemuning,,,
1117072034,111707,Sumber Jaya,,,
1117072035,111707,Bukit Mulie,,,
1117082001,111708,Bandar Jaya,,,
1117082002,111708,Jongok Meluem,,,
1117082003,111708,Suku Bener,,,
1117082004,111708,Bener Lukup II,,,
1117082005,111708,Gunung Musara,,,
1117082006,111708,Bener Kelipah Selatan,,,
1117082007,111708,Bintang Musara,,,
1117082008,111708,Kala Tenang,,,
1117082009,111708,Bener Kelipah Utara,,,
1117082010,111708,Lot Bener Kelipah,,,
1117082011,111708,Nosar Tawar Jaya,,,
1117082012,111708,Nosar Baru,,,
1117092001,111709,Cemparam Lama,,,
1117092002,111709,Cemparam Pakat Jeroh,,,
1117092003,111709,Cemparam Jaya,,,
1117092004,111709,Pantan Kuli,,,
1117092005,111709,Simpang Renggali,,,
1117092006,111709,Jamur Atu Jaya,,,
1117092007,111709,Sosial,,,
1117092008,111709,Gunung Sayang,,,
1117092009,111709,Amor,,,
1117092010,111709,Buntul Gayo,,,
1117092011,111709,Wih Resap,,,
1117092012,111709,Wer Tingkem,,,
1117092013,111709,Perumpaken Benjadi,,,
1117092014,111709,Hakim Peteri Pintu,,,
1117092015,111709,Simpur,,,
1117102001,111710,Simpang Rahmat,,,
1117102002,111710,Gajah Putih,,,
1117102003,111710,Gayo Setie,,,
1117102004,111710,Umah Besi,,,
1117102005,111710,Pante Karya,,,
1117102006,111710,Meriah Jaya,,,
1117102007,111710,Timang Gajah,,,
1117102008,111710,Pantan Lues,,,
1117102009,111710,Alam Jaya,,,
1117102010,111710,Reronga,,,
1118012001,111801,Meunasah Balek,,,
1118012002,111801,Kota Meureudu,,,
1118012003,111801,Mesjid Tuha,,,
1118012004,111801,Rungkom,,,
1118012005,111801,Blang Awe,,,
1118012006,111801,Manyang Lancok,,,
1118012007,111801,Manyang Cut,,,
1118012008,111801,Beurawang,,,
1118012009,111801,Rhing Blang,,,
1118012010,111801,Rhing Krueng,,,
1118012011,111801,Rhing Mancang,,,
1118012012,111801,Meunasah Lhok,,,
1118012013,111801,Meuraksa,,,
1118012014,111801,Pulo U,,,
1118012015,111801,Geuleudah,,,
1118012016,111801,Dayah Timu,,,
1118012017,111801,Bunot,,,
1118012018,111801,Glumpang Tutong,,,
1118012019,111801,Meunasah Hagu,,,
1118012020,111801,Pohroh,,,
1118012021,111801,Kudrang,,,
1118012022,111801,Lampoh Lada,,,
1118012023,111801,Mulieng,,,
1118012024,111801,Dayah Tuha,,,
1118012025,111801,Rumpuen,,,
1118012026,111801,Rambong,,,
1118012027,111801,Meunasah Kulam,,,
1118012028,111801,Grong-Grong,,,
1118012029,111801,Kuta Trieng,,,
1118012030,111801,Teupin Peuraho,,,
1118022001,111802,Dayah Baroh,,,
1118022002,111802,Reuleut,,,
1118022003,111802,Sambungan Baro,,,
1118022004,111802,Tijien Husen,,,
1118022005,111802,Meunasah Krueng,,,
1118022006,111802,Geulanggang,,,
1118022007,111802,Mesjid Ulim Baroh,,,
1118022008,111802,Pulo Lhok,,,
1118022009,111802,Dayah Leubue,,,
1118022010,111802,Tijien Daboh,,,
1118022011,111802,Keude Ulim,,,
1118022012,111802,Meunasah Bueng,,,
1118022013,111802,Balee Ulim,,,
1118022014,111802,Grong Grong Capa,,,
1118022015,111802,Meunasah Kumbang,,,
1118022016,111802,Tanjong Ulim,,,
1118022017,111802,Mesjid Ulim Tunong,,,
1118022018,111802,Pulo Ulim,,,
1118022019,111802,Siblah Coh,,,
1118022020,111802,Bidok,,,
1118022021,111802,Pantang Cot Baloi,,,
1118022022,111802,Meunasah Pupu,,,
1118022023,111802,Nangrhoe Barat,,,
1118022024,111802,Nangrhoe Timu,,,
1118022025,111802,Meunasah Mesjid,,,
1118022026,111802,Blang Rheue,,,
1118022027,111802,Cot Seutui,,,
1118022028,111802,Lhok Gajah,,,
1118022029,111802,Alue Keumiki,,,
1118022030,111802,Blang Cari,,,
1118032001,111803,Meuko Jurong,,,
1118032002,111803,Kuta Baroh,,,
1118032003,111803,Meuko Meugit,,,
1118032004,111803,Kiran Dayah,,,
1118032005,111803,Kiran Baroh,,,
1118032006,111803,Keurisi Meunasah Raya,,,
1118032007,111803,Keurisi Meunasah Lueng,,,
1118032008,111803,Keurisi Meunasah Beurembang,,,
1118032009,111803,Meunasah Mee,,,
1118032010,111803,Meunasah Kumbang,,,
1118032011,111803,Kiran Krueng,,,
1118032012,111803,Buket Teungoh,,,
1118032013,111803,Reului Mangat,,,
1118032014,111803,Gampong Cot,,,
1118032015,111803,Jurong Binje,,,
1118032016,111803,Jurong Teungoh,,,
1118032017,111803,Jurong Ara,,,
1118032018,111803,Keude Jangka Buya,,,
1118042001,111804,Keude Ulee Gle,,,
1118042002,111804,Gampong Ulee Gle,,,
1118042003,111804,Blang Dalam,,,
1118042004,111804,Pulo,,,
1118042005,111804,Gampong Baro,,,
1118042006,111804,Meuko Kuthang,,,
1118042007,111804,Uteun Bayu,,,
1118042008,111804,Alue Ketapang,,,
1118042009,111804,Jaulanga Barat,,,
1118042010,111804,Kumba,,,
1118042011,111804,Babah Krueng,,,
1118042012,111804,Pohroh,,,
1118042013,111804,Seunong,,,
1118042014,111804,Alue Mee,,,
1118042015,111804,Blang Kuta,,,
1118042016,111804,Drien Tujoh,,,
1118042017,111804,Alue Sane,,,
1118042018,111804,Gahru,,,
1118042019,111804,Lhok Pusong,,,
1118042020,111804,Paya Pisang Klat,,,
1118042021,111804,Cot Geurefai,,,
1118042022,111804,Muko Dayah,,,
1118042023,111804,Meuko Buloh,,,
1118042024,111804,Peulakan Tunong,,,
1118042025,111804,Adan,,,
1118042026,111804,Meugit Kayee Panyang,,,
1118042027,111804,Meugit Sagoe,,,
1118042028,111804,Meurandeh Alue,,,
1118042029,111804,Reudeup Melayu,,,
1118042030,111804,Meunasah Paku,,,
1118042031,111804,Jeulanga Mata Ie,,,
1118042032,111804,Jeulanga Mesjid,,,
1118042033,111804,Pulo Gapu,,,
1118042034,111804,Blang Miroe,,,
1118042035,111804,Beurasan,,,
1118042036,111804,Cot Keng,,,
1118042037,111804,Krueng Kiran,,,
1118042038,111804,Asan Kumbang,,,
1118042039,111804,Drien Bungong,,,
1118042040,111804,Peulakan Cebrek,,,
1118042041,111804,Paya Tunong,,,
1118042042,111804,Peulakan Tambo,,,
1118042043,111804,Paya Baroh,,,
1118042044,111804,Meuko Baroh,,,
1118042045,111804,Kuta Krueng,,,
1118052001,111805,Lhok Sandeng,,,
1118052002,111805,Sarah Mane,,,
1118052003,111805,Seunong,,,
1118052004,111805,Lancok,,,
1118052005,111805,Meunasah Kulam,,,
1118052006,111805,Meunasah Teungoh,,,
1118052007,111805,Meunasah Bie,,,
1118052008,111805,Meunasah Raya,,,
1118052009,111805,Geunteng,,,
1118052010,111805,Gampong Blang,,,
1118052011,111805,Blang Cut,,,
1118052012,111805,Dayah Kruet,,,
1118052013,111805,Meunasah Mancang,,,
1118052014,111805,Dayah Usen,,,
1118052015,111805,Lueng Bimba,,,
1118052016,111805,Beuringen,,,
1118052017,111805,Buangan,,,
1118052018,111805,Meunasah Jurong,,,
1118052019,111805,Pante Beureune,,,
1118062001,111806,Cut Nyong,,,
1118062002,111806,Meunasah Gampong,,,
1118062003,111806,Baro,,,
1118062004,111806,Pulo Rheng,,,
1118062005,111806,Dayah Nyong,,,
1118062006,111806,Daboih,,,
1118062007,111806,Beurandeh,,,
1118062008,111806,Kaye Raya,,,
1118062009,111806,Blang Glong,,,
1118062010,111806,Tutong,,,
1118062011,111806,Siren,,,
1118062012,111806,Keude Lueng Putu,,,
1118062013,111806,Peub Lueng Nibong,,,
1118062014,111806,Baroh Musa,,,
1118062015,111806,Musa Teungoh,,,
1118062016,111806,Balee,,,
1118062017,111806,Udeung,,,
1118062018,111806,Ara,,,
1118062019,111806,Baroh Lancok,,,
1118062020,111806,Manyang,,,
1118062021,111806,Mesjid,,,
1118062022,111806,Pulo Pueb,,,
1118062023,111806,Sawang,,,
1118062024,111806,Tuha Lada,,,
1118062025,111806,Cut Langgien,,,
1118062026,111806,Sagoe,,,
1118062027,111806,Dayah Langgien,,,
1118062028,111806,Baroh Cot,,,
1118062029,111806,Blang Iboh,,,
1118062030,111806,Blang Sukon,,,
1118062031,111806,Kayee Jatoe,,,
1118062032,111806,Blang Baro,,,
1118062033,111806,Lancang,,,
1118062034,111806,Keude Paru,,,
1118062035,111806,Blang Krueng,,,
1118062036,111806,Jijiem,,,
1118062037,111806,Sarah Panyang,,,
1118062038,111806,Abah Lueng,,,
1118062039,111806,Aki Neungoh,,,
1118062040,111806,Ujong Lebat,,,
1118062041,111806,Alue,,,
1118062042,111806,Tanoh Mirah,,,
1118062043,111806,Paru Cot,,,
1118072001,111807,Keude Panteraja,,,
1118072002,111807,Tu,,,
1118072003,111807,Hagu,,,
1118072004,111807,Muka Blang,,,
1118072005,111807,Lhok Puuk,,,
1118072006,111807,Mesjid,,,
1118072007,111807,Teungoh,,,
1118072008,111807,Tunong,,,
1118072009,111807,Peurade,,,
1118072010,111807,Reudeup,,,
1118082001,111808,Sagoe,,,
1118082002,111808,Mee Peuduek,,,
1118082003,111808,Mesjid Peuduek,,,
1118082004,111808,Tuha,,,
1118082005,111808,Reuseb,,,
1118082006,111808,Dee,,,
1118082007,111808,Panton Raya,,,
1118082008,111808,Deah Teumanah,,,
1118082009,111808,Tampui,,,
1118082010,111808,Keude Trienggadeng,,,
1118082011,111808,Raya,,,
1118082012,111808,Paya,,,
1118082013,111808,Meue,,,
1118082014,111808,Mesjid Trienggadeng,,,
1118082015,111808,Teungkluet,,,
1118082016,111808,Matang,,,
1118082017,111808,Deah Ujong Baroh,,,
1118082018,111808,Peulandok Teungoh,,,
1118082019,111808,Peulandok Tunong,,,
1118082020,111808,Deah Pangwa,,,
1118082021,111808,Meucat,,,
1118082022,111808,Cot Makaso,,,
1118082023,111808,Buloh,,,
1118082024,111808,Mee Pangwa,,,
1118082025,111808,Kuta Pangwa,,,
1118082026,111808,Cot Lheue Rheng,,,
1118082027,111808,Rawasari,,,
1171012001,117101,Kampung Baru,,,
1171012002,117101,Neusu Jaya,,,
1171012003,117101,Sukaramai,,,
1171012004,117101,Seutui,,,
1171012005,117101,Peuniti,,,
1171012006,117101,Neusu Aceh,,,
1171012007,117101,Ateuk Pahlawan,,,
1171012008,117101,Ateuk Jawo,,,
1171012009,117101,Ateuk Deah Tanoh,,,
1171012010,117101,Ateuk Munjeng,,,
1171022001,117102,Mulia,,,
1171022002,117102,Peunayong,,,
1171022003,117102,Laksana,,,
1171022004,117102,Keuramat,,,
1171022005,117102,Kota Baru,,,
1171022006,117102,Beurawe,,,
1171022007,117102,Kuta Alam,,,
1171022008,117102,Bandar Baru,,,
1171022009,117102,Lamdingin,,,
1171022010,117102,Lampulo,,,
1171022011,117102,Lambaro Skep,,,
1171032001,117103,Punge Jurong,,,
1171032002,117103,Ulee Lheue,,,
1171032003,117103,Lambung,,,
1171032004,117103,Deah Glumpang,,,
1171032005,117103,Deah Baro,,,
1171032006,117103,Alue Deah Teungoh,,,
1171032007,117103,Lampaseh Aceh,,,
1171032008,117103,Blang Oi,,,
1171032009,117103,Asoe Nanggroe,,,
1171032010,117103,Gampong Blang,,,
1171032011,117103,Gampong Pie,,,
1171032012,117103,Lamjabat,,,
1171032013,117103,Cot Lamkuweuh,,,
1171032014,117103,Surien,,,
1171032015,117103,Gampong Baro,,,
1171032016,117103,Punge Ujong,,,
1171042001,117104,Jeulingke,,,
1171042002,117104,Tibang,,,
1171042003,117104,Deah Raya,,,
1171042004,117104,Alue Naga,,,
1171042005,117104,Ie Masen Kayee Adang,,,
1171042006,117104,Pineung,,,
1171042007,117104,Lamgugob,,,
1171042008,117104,Kopelma Darussalam,,,
1171042009,117104,Rukoh,,,
1171042010,117104,Peurada,,,
1171052001,117105,Lueng Bata,,,
1171052002,117105,Cot Mesjid,,,
1171052003,117105,Panteriek,,,
1171052004,117105,Blang Cut,,,
1171052005,117105,Lamseupeung,,,
1171052006,117105,Batoh,,,
1171052007,117105,Sukadamai,,,
1171052008,117105,Lamdom,,,
1171052009,117105,Lampaloh,,,
1171062001,117106,Keudah,,,
1171062002,117106,Peulanggahan,,,
1171062003,117106,Merduati,,,
1171062004,117106,Lampaseh Kota,,,
1171062005,117106,Gampong Pande,,,
1171062006,117106,Gampong Jawa,,,
1171072001,117107,Geuceu Komplek,,,
1171072002,117107,Lamlagang,,,
1171072003,117107,Geuceu Iniem,,,
1171072004,117107,Geuceu Kayee Jato,,,
1171072005,117107,Lam Ara,,,
1171072006,117107,Lhong Raya,,,
1171072007,117107,Mibo,,,
1171072008,117107,Peunyerat,,,
1171072009,117107,Lhong Cut,,,
1171072010,117107,Lampeout,,,
1171082001,117108,Punge Blang Cut,,,
1171082002,117108,Bitai,,,
1171082003,117108,Lamjamee,,,
1171082004,117108,Ulee Pata,,,
1171082005,117108,Lampoh Daya,,,
1171082006,117108,Emperom,,,
1171082007,117108,Geuceu Meunara,,,
1171082008,117108,Lamteumen Timur,,,
1171082009,117108,Lamteumen Barat,,,
1171092001,117109,Lambhuk,,,
1171092002,117109,Lamteh,,,
1171092003,117109,Ilie,,,
1171092004,117109,Pango Raya,,,
1171092005,117109,Pango Deah,,,
1171092006,117109,Ceurih,,,
1171092007,117109,Doy,,,
1171092008,117109,Lamglumpang,,,
1171092009,117109,Ie Masen Ulee Kareng,,,
1172012001,117201,Iboih,,,
1172012002,117201,Batee Shoek,,,
1172012003,117201,Paya Seunara,,,
1172012004,117201,Krueng Raya,,,
1172012005,117201,Aneuk Laot,,,
1172012006,117201,Kuta Timu,,,
1172012007,117201,Kuta Barat,,,
1172012008,117201,Kuta Ateuh,,,
1172022001,117202,Paya,,,
1172022002,117202,Keuneukai,,,
1172022003,117202,Beurawang,,,
1172022004,117202,Jaboi,,,
1172022005,117202,Balohan,,,
1172022006,117202,Cot Abeuk,,,
1172022007,117202,Cot Ba U,,,
1172022008,117202,Ie Meulee,,,
1172022009,117202,Ujoeng Kareung,,,
1172022010,117202,Anoe Itam,,,
1173012002,117301,Alue Awe,,,
1173012003,117301,Blang Crum,,,
1173012004,117301,Cut Mamplam,,,
1173012005,117301,Meunasah Mee,,,
1173012006,117301,Cot Girek Kandang,,,
1173012007,117301,Keude Cunda,,,
1173012008,117301,Uteunkot,,,
1173012009,117301,Lhok Mon Puteh,,,
1173012010,117301,Meunasah Mesjid,,,
1173012011,117301,Mns. Panggoi,,,
1173012013,117301,Paya Bili,,,
1173012014,117301,Meunasah Alue,,,
1173012015,117301,Paya Punteuet,,,
1173012016,117301,Blang Poroh,,,
1173012024,117301,Meunasah Manyang,,,
1173012025,117301,Meunasah Blang,,,
1173012026,117301,Paloh Batee,,,
1173022001,117302,Kuta Blang,,,
1173022002,117302,Tumpok Teungoh,,,
1173022003,117302,Simpang Empat,,,
1173022004,117302,Kampung Jawa Lhokseumawe,,,
1173022005,117302,Kota Lhokseumawe,,,
1173022006,117302,Mon Geudong,,,
1173022007,117302,Keude Aceh,,,
1173022008,117302,Pusong Lhokseumawe,,,
1173022009,117302,Hagu Teungoh,,,
1173022010,117302,Uteun Bayi,,,
1173022011,117302,Ujong Blang,,,
1173022012,117302,Hagu Selatan,,,
1173022013,117302,Pusong Baru,,,
1173022014,117302,Ulee Jalan,,,
1173022015,117302,Banda Masen,,,
1173022016,117302,Lancang Garam,,,
1173022017,117302,Jawa Baroe,,,
1173022018,117302,Hagu Barat Laut,,,
1173032001,117303,Kuala,,,
1173032002,117303,Blang Cut,,,
1173032003,117303,Jambo Mesjid,,,
1173032004,117303,Jambo Timu,,,
1173032005,117303,Tunong,,,
1173032006,117303,Blang Teue,,,
1173032007,117303,Teungoh,,,
1173032008,117303,Baloi,,,
1173032009,117303,Mane Kareung,,,
1173032010,117303,Asan Kareung,,,
1173032011,117303,Rayeuk Kareung,,,
1173032012,117303,Blang Punteuet,,,
1173032013,117303,Kumbang Punteuet,,,
1173032014,117303,Mesjid Punteuet,,,
1173032015,117303,Ulee Blang Mane,,,
1173032016,117303,Keude Punteuet,,,
1173032017,117303,Alue Lim,,,
1173032018,117303,Blang Buloh,,,
1173032019,117303,Blang Weu Panjoe,,,
1173032020,117303,Jeulikat,,,
1173032021,117303,Blang Weu Baroh,,,
1173032022,117303,Seuneubok,,,
1173042001,117304,Batuphat Barat,,,
1173042002,117304,Blang Panyang,,,
1173042003,117304,Meunasah Dayah,,,
1173042004,117304,Paloh Punti,,,
1173042005,117304,Blang Pulo,,,
1173042006,117304,Batuphat Timur,,,
1173042007,117304,Blang Naleung Mameh,,,
1173042008,117304,Cot Trieng,,,
1173042009,117304,Padang Sakti,,,
1173042010,117304,Meuria Paloh,,,
1173042011,117304,Ujong Pacu,,,
1174012007,117401,Buket Medang Ara,,,
1174012009,117401,Matang Seutui,,,
1174012010,117401,Buket Pulo,,,
1174012011,117401,Matang Panyang,,,
1174012012,117401,Simpang Wie,,,
1174012013,117401,Buket Rata,,,
1174012014,117401,Buket Meutuah,,,
1174012015,117401,Alue Merbau,,,
1174012016,117401,Matang Cengai,,,
1174012017,117401,Seunebok Antara,,,
1174012018,117401,Alue Pineung,,,
1174012019,117401,Sukarejo,,,
1174012020,117401,Cinta Raja,,,
1174012021,117401,Sungai Lueng,,,
1174012025,117401,Alue Pineung Timue,,,
1174012026,117401,Kapa,,,
1174022005,117402,Lhok Banie,,,
1174022006,117402,PB. Teungoh,,,
1174022007,117402,PB. Beuramo,,,
1174022008,117402,Simpang Lhee,,,
1174022009,117402,Seuriget,,,
1174022015,117402,Matang Seulimeng,,,
1174022016,117402,Sungai Pauh,,,
1174022017,117402,Kuala Langsa,,,
1174022018,117402,Teulaga Tujuh,,,
1174022019,117402,Serambi Indah,,,
1174022020,117402,Sungai Pauh Pusaka,,,
1174022021,117402,Sungai Pauh Tanjong,,,
1174022022,117402,Sungai Pauh Firdaus,,,
1174032001,117403,Teungoh,,,
1174032002,117403,Peukan Langsa,,,
1174032004,117403,Jawa,,,
1174032005,117403,Paya Bujok Blang Pase,,,
1174032006,117403,Blang,,,
1174032007,117403,Alue Beurawe,,,
1174032009,117403,Daulat,,,
1174032010,117403,Meutia,,,
1174032011,117403,Blang Seunibong,,,
1174032013,117403,Tualang Teungoh,,,
1174042001,117404,Pondok Kemuning,,,
1174042002,117404,Seulalah,,,
1174042003,117404,Pondok Pabrik,,,
1174042004,117404,Sidodadi,,,
1174042005,117404,Sidorejo,,,
1174042006,117404,Baro,,,
1174042007,117404,Meurandeh,,,
1174042008,117404,Asam Peutik,,,
1174042009,117404,Baroh Langsa Lama,,,
1174042010,117404,Seulalah Baru,,,
1174042011,117404,Sukajadi Kebun Ireng,,,
1174042012,117404,Meurandeh Tengah,,,
1174042013,117404,Meurandeh Dayah,,,
1174042014,117404,Meurandeh Aceh,,,
1174042015,117404,Batee Puteh,,,
1174052001,117405,Timbang Langsa,,,
1174052002,117405,Alue Dua,,,
1174052003,117405,Birem Puntong,,,
1174052004,117405,Paya Bujok Seuleumak,,,
1174052005,117405,Pondok Kelapa,,,
1174052006,117405,Karang Anyar,,,
1174052007,117405,Paya Bujok Tunong,,,
1174052008,117405,Geudubang Jawa,,,
1174052009,117405,Geudubang Aceh,,,
1174052010,117405,Alue Dua Bakaran Batee,,,
1174052011,117405,Lengkong,,,
1174052012,117405,Sukajadi Makmur,,,
1175012001,117501,Subulussalam,,,
1175012002,117501,Pegayo,,,
1175012003,117501,Sikalondang,,,
1175012004,117501,Buluh Dori,,,
1175012005,117501,Subulussalam Utara,,,
1175012006,117501,Subulussalam Selatan,,,
1175012007,117501,Subulussalam Barat,,,
1175012008,117501,Suka Makmur,,,
1175012009,117501,Tangga Besi,,,
1175012010,117501,Kuta Cepu,,,
1175012011,117501,Pasar Panjang,,,
1175012012,117501,Mukti Makmur,,,
1175012013,117501,Lae Oram,,,
1175012014,117501,Makmur Jaya,,,
1175012015,117501,Belegen Mulia,,,
1175012016,117501,Danau Tras,,,
1175012017,117501,Subulussalam Timur,,,
1175022001,117502,Penanggalan,,,
1175022002,117502,Cepu,,,
1175022003,117502,Kuta Tengah,,,
1175022004,117502,Kampung Baru,,,
1175022005,117502,Sikelang,,,
1175022006,117502,Penuntungan,,,
1175022007,117502,Jontor,,,
1175022008,117502,Lae Motong,,,
1175022009,117502,Lae Ikan,,,
1175022010,117502,Lae Bersih,,,
1175022011,117502,Dasan Raja,,,
1175022012,117502,Penanggalan Timur,,,
1175022013,117502,Penanggalan Barat,,,
1175032001,117503,Pasar Rundeng,,,
1175032002,117503,Dah,,,
1175032003,117503,Oboh,,,
1175032004,117503,Sepadan,,,
1175032005,117503,Sibuasan,,,
1175032006,117503,Binanga,,,
1175032007,117503,Kuta Beringin,,,
1175032008,117503,Muara Batu-batu,,,
1175032009,117503,Siperkas,,,
1175032010,117503,Lae Mate,,,
1175032011,117503,Sibungke,,,
1175032012,117503,Harapan Baru,,,
1175032013,117503,Teladan Baru,,,
1175032014,117503,Bulukur Makmur,,,
1175032015,117503,Badar,,,
1175032016,117503,Lae Pemulaan,,,
1175032017,117503,Panglima Saman,,,
1175032018,117503,Suak Jampak,,,
1175032019,117503,Geruguh,,,
1175032020,117503,Mandilam,,,
1175032021,117503,Tualang,,,
1175032022,117503,Kuala Kepeng,,,
1175032023,117503,Tanah Tumbuh,,,
1175042001,117504,Pasir Belo,,,
1175042002,117504,Bawan,,,
1175042003,117504,Sigrun,,,
1175042004,117504,Jabi-jabi,,,
1175042005,117504,Lae Simolap,,,
1175042006,117504,Lae Langge,,,
1175042007,117504,Suka Maju,,,
1175042008,117504,Gunung Bakti,,,
1175042009,117504,Jambi Baru,,,
1175042010,117504,Pulo Kedep,,,
1175042011,117504,Pulo Belen,,,
1175042012,117504,Singgersing,,,
1175042013,117504,Namo Buaya,,,
1175042014,117504,Cipare Pare,,,
1175042015,117504,Bunga Tanjung,,,
1175042016,117504,Cipar-Pari Timur,,,
1175042018,117504,Darul Makmur,,,
1175042019,117504,Jabi-Jabi Barat,,,
1175042020,117504,Batu Napal,,,
1175052001,117505,Longkib,,,
1175052002,117505,Sepang,,,
1175052003,117505,Panji,,,
1175052004,117505,Lae Saga,,,
1175052005,117505,Sikerabang,,,
1175052006,117505,Rantau Panjang,,,
1175052007,117505,Bukit Panjang,,,
1175052008,117505,Darul Aman,,,
1175052009,117505,Bangun Sari,,,
1175052010,117505,Darussalam,,,
1201011001,120101,Pasar Batu Gerigis,,,
1201011002,120101,Padang Masiang,,,
1201012003,120101,Kampung Solok,,,
1201012004,120101,Pasar Terandam,,,
1201012005,120101,Sigambo Gambo,,,
1201012006,120101,Ujung Batu,,,
1201012007,120101,Kinali,,,
1201012008,120101,Kampung Mudik,,,
1201012009,120101,Aek Dakka,,,
1201012010,120101,Patupangan,,,
1201012011,120101,Gabungan Hasang,,,
1201012017,120101,Bungo Tanjung,,,
1201012018,120101,Kedai Gedang,,,
1201021001,120102,Sorkam,,,
1201021002,120102,Pargarutan,,,
1201021004,120102,Tarutung Bolak,,,
1201021009,120102,Naipospos Barat,,,
1201022003,120102,Teluk Roban,,,
1201022005,120102,Fajar,,,
1201022006,120102,Pardamean,,,
1201022007,120102,Pelita,,,
1201022008,120102,Rianiate,,,
1201022010,120102,Gonting Mahe,,,
1201022011,120102,Dolok Pantis,,,
1201022014,120102,Pea Raja,,,
1201022015,120102,Bottot,,,
1201022016,120102,Sorkam Tengah,,,
1201022017,120102,Sorkam Kiri,,,
1201022018,120102,Pananggahan,,,
1201022019,120102,Pagaran Julu,,,
1201022020,120102,Hite Urat,,,
1201022021,120102,Sihapas,,,
1201022022,120102,Nauli,,,
1201022023,120102,Muara Nauli,,,
1201031001,120103,Pandan,,,
1201031002,120103,Hajoran,,,
1201031003,120103,Aek Tolang,,,
1201031004,120103,Lubuk Tukko,,,
1201031005,120103,Sibuluan Indah,,,
1201031006,120103,Sibuluan Nauli,,,
1201031011,120103,Aek Sitio-tio,,,
1201031012,120103,Sibuluan Raya,,,
1201031013,120103,Kalangan,,,
1201031016,120103,Pandan Wangi,,,
1201031017,120103,Lubuk Tukko Baru,,,
1201031018,120103,Sibuluan Baru,,,
1201031019,120103,Sibuluan Terpadu,,,
1201031020,120103,Sihaporas Nauli,,,
1201031021,120103,Pasar Baru,,,
1201031022,120103,Budi Luhur,,,
1201031023,120103,Kalangan Indah,,,
1201031024,120103,Mangga Dua,,,
1201031025,120103,Muara Nibung,,,
1201031026,120103,Hajoran Indah,,,
1201032014,120103,Aek Garut,,,
1201032015,120103,Sitio-Tio Hilir,,,
1201041001,120104,Pinangsori,,,
1201041004,120104,Sitonong Bangun,,,
1201041007,120104,Pinangbaru,,,
1201041009,120104,Albion Prancis,,,
1201041010,120104,Sori Nauli,,,
1201042002,120104,Gunung Marijo,,,
1201042003,120104,Sihaporas,,,
1201042005,120104,Toga Basir,,,
1201042006,120104,Parjalihotan Baru,,,
1201042008,120104,Danau Pandan,,,
1201051001,120105,P.O. Manduamas,,,
1201051003,120105,Binjohara,,,
1201051020,120105,Perluasan,,,
1201052002,120105,Saragih,,,
1201052004,120105,Pagaran Nauli,,,
1201052005,120105,Sarma Nauli,,,
1201052006,120105,Manduamas Lama,,,
1201052007,120105,Tumba,,,
1201052008,120105,Tumba Jae,,,
1201052009,120105,Lae Monong,,,
1201052010,120105,Saragih Barat,,,
1201052011,120105,Saragih Timur,,,
1201052012,120105,Binjohara Uruk,,,
1201052013,120105,Binjohara Baru,,,
1201052014,120105,Tumba Nauli,,,
1201052015,120105,Manduamas Baru,,,
1201052016,120105,Muara Tapus,,,
1201052017,120105,Pagaran Baru,,,
1201052018,120105,Parsihotangan,,,
1201052019,120105,Tambahan Nanjur,,,
1201061006,120106,P.O. Hurlang,,,
1201061007,120106,Kolang Nauli,,,
1201062001,120106,Unte Mungkur IV,,,
1201062002,120106,Unte Mungkur III,,,
1201062003,120106,Unte Mungkur II,,,
1201062004,120106,Unte Mungkur I,,,
1201062005,120106,Satahi Nauli,,,
1201062008,120106,Hurlang Muara Nauli,,,
1201062009,120106,Sipakpahi Aek Lobu,,,
1201062010,120106,Hodopa Nauli,,,
1201062011,120106,Makarti Nauli,,,
1201062012,120106,Rawa Makmur,,,
1201062013,120106,Simarpinggang,,,
1201062014,120106,Pargaringan,,,
1201071001,120107,Tapian Nauli II,,,
1201072002,120107,Tapian Nauli I,,,
1201072003,120107,Tapian Nauli III,,,
1201072004,120107,Tapian Nauli IV,,,
1201072005,120107,Aloban Bair,,,
1201072006,120107,Mela Dolok,,,
1201072007,120107,Mela I,,,
1201072008,120107,Mela II,,,
1201072009,120107,Bair,,,
1201081002,120108,Sibabangun,,,
1201082005,120108,Mombang Boru,,,
1201082006,120108,Anggoli,,,
1201082007,120108,Muara Sibuntuon,,,
1201082008,120108,Sibio bio,,,
1201082010,120108,Simanosor,,,
1201082011,120108,Hutagur-gur,,,
1201091001,120109,Sosor Gadong,,,
1201092002,120109,Unte Boang,,,
1201092003,120109,Sibintang,,,
1201092004,120109,Barambang,,,
1201092005,120109,Siantar Ca.,,,
1201092006,120109,Muara Bolak,,,
1201092007,120109,Huta Tombak,,,
1201092008,120109,Siantar Dolok,,,
1201092009,120109,Baringin,,,
1201101001,120110,Sorkam Kanan,,,
1201101019,120110,Binasi,,,
1201102002,120110,Sipea Pea,,,
1201102003,120110,Pahieme I,,,
1201102004,120110,Pasar Sorkam,,,
1201102005,120110,Aek Raso,,,
1201102006,120110,Pasaribu Tobing Jae,,,
1201102014,120110,Maduma,,,
1201102016,120110,Sidikalang,,,
1201102017,120110,Pahieme II,,,
1201102018,120110,Sorkam Kanan,,,
1201102020,120110,Madani,,,
1201111001,120111,Bajamas,,,
1201112002,120111,Sampang Maruhur,,,
1201112003,120111,Siordang,,,
1201112004,120111,Pardomuan,,,
1201112005,120111,Simpang III Lae Bingke,,,
1201112006,120111,Sigodung,,,
1201112007,120111,Masnauli,,,
1201112008,120111,Muara Ode,,,
1201121007,120112,Rina Bolak,,,
1201122001,120112,Sijungkang,,,
1201122002,120112,Pangaribuan,,,
1201122003,120112,Sogar,,,
1201122004,120112,Sirami Ramian,,,
1201122005,120112,Sigolang,,,
1201122006,120112,Sosor Gonting,,,
1201122008,120112,Bondar Sihudon I,,,
1201122009,120112,Uratan,,,
1201122010,120112,Ladang Tengah,,,
1201122011,120112,Lobu Tua,,,
1201122012,120112,Bondar Sihudon II,,,
1201122013,120112,Sitiris-Tiris,,,
1201122014,120112,Sawah Lamo,,,
1201131003,120113,Nauli,,,
1201132001,120113,Bonandolok,,,
1201132002,120113,Rampa,,,
1201132004,120113,Mardame,,,
1201132005,120113,Naga Timbul,,,
1201132006,120113,Simaninggir,,,
1201141001,120114,Tukka,,,
1201141002,120114,Bona Lumban,,,
1201141003,120114,Huta Nabolon,,,
1201141007,120114,Sipange,,,
1201141009,120114,Aek Tolang Induk,,,
1201142004,120114,Sigiring Giring,,,
1201142005,120114,Tapian Nauli/ Saurmanggita,,,
1201142006,120114,Sait Kalangan II,,,
1201142008,120114,Aek Bottar,,,
1201151001,120115,Hutabalang,,,
1201151002,120115,Lopian,,,
1201152003,120115,Jago Jago,,,
1201152004,120115,Aek Horsik,,,
1201152005,120115,Gunung Kelambu,,,
1201152006,120115,Kebun Pisang,,,
1201152007,120115,Lubuk Ampolu,,,
1201152008,120115,Pagaran Honas,,,
1201152009,120115,Sitardas,,,
1201162001,120116,Suga Suga Hutagodang,,,
1201162002,120116,Suka Maju,,,
1201162003,120116,Makmur,,,
1201162004,120116,Pasaribu Tobing,,,
1201162005,120116,Aek Nadua,,,
1201162006,120116,Simargarap,,,
1201162007,120116,Sidaling,,,
1201162008,120116,Sipakpahi,,,
1201162009,120116,PO Simargarap,,,
1201172001,120117,Hutaginjang,,,
1201172002,120117,Sihorbo,,,
1201172003,120117,Parik Sinomba,,,
1201172004,120117,Purba Tua,,,
1201172005,120117,Pananggahan,,,
1201172006,120117,Siharbangan,,,
1201182001,120118,Pulo Pakkat,,,
1201182002,120118,Tebing Tinggi,,,
1201182003,120118,Pulo Pakkat II,,,
1201182004,120118,Janji Maria,,,
1201182005,120118,Sihadatuon,,,
1201182006,120118,Sihapas,,,
1201191001,120119,Lumut,,,
1201192002,120119,Aek Gambir,,,
1201192003,120119,Masundung,,,
1201192005,120119,Lumut Nauli,,,
1201192006,120119,Lumut Maju,,,
1201192007,120119,Sialogo,,,
1201201001,120120,Sibuluan Nalambok,,,
1201201002,120120,Sarudik,,,
1201201004,120120,Pasir Bidang,,,
1201201005,120120,Pondok Batu,,,
1201202003,120120,Sipan,,,
1202011001,120201,Partoli Toruan,,,
1202011002,120201,Hutatoruan V,,,
1202011003,120201,Hutatoruan VI,,,
1202011004,120201,Hutatoruan VII,,,
1202011005,120201,Hutatoruan IX,,,
1202011006,120201,Hutatoruan X,,,
1202011007,120201,Hutatoruan XI,,,
1202012008,120201,Parbubu I,,,
1202012009,120201,Parbubu II,,,
1202012010,120201,Hutapea Banuarea,,,
1202012011,120201,Siandor-andor,,,
1202012012,120201,Hutauruk,,,
1202012013,120201,Hapoltahan,,,
1202012014,120201,Parbubu Dolok,,,
1202012015,120201,Aek Siansimun,,,
1202012016,120201,Htgalung Siwaluompo,,,
1202012017,120201,Parbubu Pea,,,
1202012018,120201,Hutatoruan IV,,,
1202012019,120201,Sosunggulon,,,
1202012020,120201,Hutatoruan VIII,,,
1202012021,120201,Simamora,,,
1202012022,120201,Parbaju Toruan,,,
1202012023,120201,Parbaju Julu,,,
1202012024,120201,Parbaju Tonga,,,
1202012025,120201,Sitampurung,,,
1202012026,120201,Siraja Oloan,,,
1202012027,120201,Jambur Nauli,,,
1202012028,120201,Sihujur,,,
1202012029,120201,Partali Julu,,,
1202012030,120201,Hutatoruan I,,,
1202012031,120201,Hutatoruan III,,,
1202022001,120202,Siraja Hutagalung,,,
1202022002,120202,Pansur Napitu,,,
1202022003,120202,Simanampang,,,
1202022004,120202,Sidagal,,,
1202022005,120202,Simarakir Julu,,,
1202022006,120202,Enda Portibi,,,
1202022007,120202,Simorangkir Habinsaran,,,
1202022008,120202,Sangkaran,,,
1202022009,120202,Lumban Siagian Jae,,,
1202022010,120202,Lumban Siagian Julu,,,
1202022011,120202,Sitompul,,,
1202022012,120202,Lobu Hole,,,
1202032001,120203,Dolok Nauli,,,
1202032002,120203,Pansurbatu,,,
1202032003,120203,Pardomuan Nauli,,,
1202032004,120203,Siantar Naipospos,,,
1202032005,120203,Sibalanga,,,
1202032006,120203,Pagaran Lambung III,,,
1202032007,120203,Pagaran Lambung IV,,,
1202032008,120203,Adian Koting,,,
1202032009,120203,Pangaran Pisang,,,
1202032010,120203,Banuaji IV,,,
1202032011,120203,Banuaji I,,,
1202032012,120203,Banuaji II,,,
1202032013,120203,Pangaran Lambung I,,,
1202032014,120203,Pangaran Lambung II,,,
1202032015,120203,Pansurbatu I,,,
1202032016,120203,Pansurbatu II,,,
1202041001,120204,Situmeang Habinsaran,,,
1202042002,120204,Hutauruk,,,
1202042003,120204,Simanungkalit,,,
1202042004,120204,Situmeang Hasundutan,,,
1202042005,120204,Sipahutar,,,
1202042007,120204,Tapian Nauli,,,
1202042008,120204,Huta Raja,,,
1202042009,120204,Lobu Singkam,,,
1202042010,120204,Rura Julu Dolok,,,
1202042011,120204,Rura Julu Toruan,,,
1202042012,120204,Hutaraja Hasundutan,,,
1202042013,120204,Pagarbatu,,,
1202042014,120204,Hutaraja Simanungkalit,,,
1202042015,120204,Hutauruk Hasundutan,,,
1202051001,120205,Onan Hasang,,,
1202052002,120205,Simasom,,,
1202052003,120205,Janji Natogu,,,
1202052004,120205,Pagur Dotan,,,
1202052005,120205,Sibaganding,,,
1202052006,120205,Lumban Garaga,,,
1202052007,120205,Sitolu Ama,,,
1202052008,120205,Lumban Tonga,,,
1202052009,120205,Lumban Dolok,,,
1202052010,120205,Simataniari,,,
1202052011,120205,Lumban Jaean,,,
1202052012,120205,Huta Barat,,,
1202052013,120205,Lontung Dolok,,,
1202052014,120205,Simanampang,,,
1202052015,120205,Lobu Pining,,,
1202052016,120205,Pantis,,,
1202052017,120205,Lumban Gaol,,,
1202052018,120205,Simardangiang,,,
1202052019,120205,Simasom Toruan,,,
1202061001,120206,Sarulla,,,
1202062002,120206,Tordolok Nauli,,,
1202062003,120206,Sigurung-gurung,,,
1202062004,120206,Silangkitang,,,
1202062005,120206,Sitoluompu,,,
1202062006,120206,Siopat Bahal,,,
1202062007,120206,Pardomuan Nainggolan,,,
1202062008,120206,Nahornop Marsada,,,
1202062009,120206,Parsaoran Samosir,,,
1202062010,120206,Suka Maju,,,
1202062011,120206,Setia,,,
1202062012,120206,Parsaoran Nainggolan,,,
1202062013,120206,Pardamean Nainggolan,,,
1202072001,120207,Silosung,,,
1202072002,120207,Dolok Sanggul,,,
1202072003,120207,Simangumban Jae,,,
1202072004,120207,Aek Nabara,,,
1202072005,120207,Dolok Saut,,,
1202072006,120207,Simangumban Julu,,,
1202072007,120207,Lobu Sihim,,,
1202072008,120207,Pardomuan,,,
1202082001,120208,Sidua Bahal,,,
1202082002,120208,Sibulan Bulan,,,
1202082003,120208,Bonani Dolok,,,
1202082004,120208,Pardomuan J. Angkola,,,
1202082005,120208,Hutanagodang,,,
1202082006,120208,Robean,,,
1202082007,120208,Janji Nauli,,,
1202082008,120208,Selamat,,,
1202082009,120208,Purba Tua,,,
1202082010,120208,Sitolu Bahal,,,
1202082011,120208,Parsaoran J. Angkola,,,
1202091001,120209,Psr Siborong Borong,,,
1202092002,120209,Siborong Borong I,,,
1202092003,120209,Siborong Borong II,,,
1202092004,120209,Sitampurung,,,
1202092005,120209,Sitabotabo,,,
1202092006,120209,Bahal Batu I,,,
1202092007,120209,Bahal Batu II,,,
1202092008,120209,Bahal Batu III,,,
1202092009,120209,Lobu Siregar I,,,
1202092010,120209,Lobu Siregar II,,,
1202092011,120209,Pohan Julu,,,
1202092012,120209,Pohan Tonga,,,
1202092013,120209,Pohan Jae,,,
1202092014,120209,Paniaran,,,
1202092015,120209,Parik Sabungan,,,
1202092016,120209,Hutabulu,,,
1202092017,120209,Lumban Tonga Tonga,,,
1202092018,120209,Sigumbang,,,
1202092019,120209,Siaro,,,
1202092020,120209,Silait-Lait,,,
1202092021,120209,Sitabotabo Toruan,,,
1202102001,120210,Simamora Hasibuan,,,
1202102002,120210,Lumban Julu,,,
1202102003,120210,Pagaran,,,
1202102004,120210,Sibaragas,,,
1202102005,120210,Sipultak,,,
1202102006,120210,Lubis,,,
1202102007,120210,Banualuhu,,,
1202102008,120210,Parhorboan,,,
1202102009,120210,Lumban Motung,,,
1202102010,120210,Lumban Ina Ina,,,
1202102011,120210,Doloksaribu,,,
1202102012,120210,Lumban Silintong,,,
1202102013,120210,Sipultak Dolok,,,
1202102014,120210,Hasibuan,,,
1202112001,120211,Manalu,,,
1202112002,120211,Manalu Purba,,,
1202112003,120211,Manalu Dolok,,,
1202112004,120211,Hutajulu,,,
1202112005,120211,Aek Raja,,,
1202112006,120211,Hutatinggi,,,
1202112007,120211,Lobusunut,,,
1202112008,120211,Sisordak,,,
1202112009,120211,Pertengahan,,,
1202112010,120211,Hutatua,,,
1202112011,120211,Hutajulu Parbalik,,,
1202112012,120211,Horisan Ranggitgit,,,
1202112013,120211,Purba Dolok,,,
1202112014,120211,Batuarimo,,,
1202122001,120212,Sabungannihuta IV,,,
1202122002,120212,Sabungannihuta I,,,
1202122003,120212,Sipahutar I,,,
1202122004,120212,Sipahutar II,,,
1202122005,120212,Sipahutar III,,,
1202122006,120212,Onan Runggu I,,,
1202122007,120212,Tapian Nauli III,,,
1202122008,120212,Onan Runggu III,,,
1202122009,120212,Siabal-abal III,,,
1202122010,120212,Siabal-abal I,,,
1202122011,120212,Aek Nauli II,,,
1202122012,120212,Tapian Nauli II,,,
1202122013,120212,Sabungannihuta III,,,
1202122014,120212,Onan Runggu IV,,,
1202122015,120212,Siabal-abal II,,,
1202122016,120212,Aek Nauli I,,,
1202122017,120212,Aek Nauli III,,,
1202122018,120212,Onan Runggu II,,,
1202122019,120212,Tapian Nauli I,,,
1202122020,120212,Sabungannihuta II,,,
1202122021,120212,Sabungannihuta V,,,
1202122022,120212,Siabal-abal IV,,,
1202122023,120212,Aek Nauli IV,,,
1202122024,120212,Siabal-abal V,,,
1202122025,120212,Siabal-abal VI,,,
1202132001,120213,Pakpahan,,,
1202132002,120213,Sampagul,,,
1202132003,120213,Godung Borotan,,,
1202132004,120213,Parratusan,,,
1202132005,120213,Lumban Siregar,,,
1202132006,120213,Sigotom Julu,,,
1202132007,120213,Rahut Bosi,,,
1202132008,120213,Batu Nadua,,,
1202132009,120213,Silantom Tonga,,,
1202132010,120213,Silantom Julu,,,
1202132011,120213,Pansurnatolu,,,
1202132012,120213,Parlombuan,,,
1202132013,120213,Purbatua,,,
1202132014,120213,Lumban Sinaga Simatupang,,,
1202132015,120213,Batumanumpak,,,
1202132016,120213,Sibingke,,,
1202132017,120213,Najumambe,,,
1202132018,120213,Parsibarungan,,,
1202132019,120213,Harianja,,,
1202132020,120213,Silantom Jae,,,
1202132021,120213,Padang Parsadaan,,,
1202132022,120213,Parsorminan I,,,
1202132023,120213,Hutaraja,,,
1202132024,120213,Rahut Bosi Onan,,,
1202132025,120213,Sigotom Timur,,,
1202132026,120213,Sigotom Dolok Nauli,,,
1202142001,120214,Garoga Sibargot,,,
1202142002,120214,Lontung Jae I,,,
1202142003,120214,Parsosoran,,,
1202142004,120214,Padang Siandomang,,,
1202142005,120214,Sibaganding,,,
1202142006,120214,Sirmpang Bolon,,,
1202142007,120214,Gonting Garoga,,,
1202142008,120214,Lontung Jae II,,,
1202142009,120214,Gonting Salak,,,
1202142010,120214,Sibalanga,,,
1202142011,120214,Aek Tangga,,,
1202142012,120214,Parinsoran,,,
1202142013,120214,Parmanuhan,,,
1202152001,120215,Hutanagodang,,,
1202152002,120215,Unte Mungkur,,,
1202152003,120215,Hutalontung,,,
1202152004,120215,Hutaginjang,,,
1202152005,120215,Dolok Matumbur,,,
1202152006,120215,Mariba Ni Aek,,,
1202152007,120215,Sampuran,,,
1202152008,120215,Silando,,,
1202152009,120215,Sibandang,,,
1202152010,120215,Simatupang,,,
1202152011,120215,Silali Toruan,,,
1202152012,120215,Batubinumbun,,,
1202152013,120215,Sitanggor,,,
1202152014,120215,Papande,,,
1202152015,120215,Aritonang,,,
1203011001,120301,Sitinjak,,,
1203011003,120301,Simatorkis Sisoma,,,
1203012002,120301,Panobasan,,,
1203012004,120301,Siuhom,,,
1203012005,120301,Sigumuru,,,
1203012006,120301,Sibangkua,,,
1203012007,120301,Sisundung,,,
1203012008,120301,Aek Nabara,,,
1203012011,120301,Parsalakan,,,
1203012015,120301,Sitaratoit,,,
1203012016,120301,Sialogo,,,
1203012024,120301,Lembah Lubuk Raya,,,
1203012031,120301,Lobu Layan Sigordang,,,
1203012035,120301,Panobasan Lombang,,,
1203021001,120302,Wek I,,,
1203021002,120302,Wek II,,,
1203021011,120302,Perkebunan Batang Toru,,,
1203021030,120302,Padang Lancat,,,
1203021032,120302,Aek Pining,,,
1203022003,120302,Garoga,,,
1203022004,120302,Huta Godang,,,
1203022005,120302,Batu Horing,,,
1203022008,120302,Batu Hula,,,
1203022009,120302,Sumuran,,,
1203022015,120302,Napa,,,
1203022016,120302,Wek IV,,,
1203022017,120302,Hapesong Baru,,,
1203022018,120302,Telo,,,
1203022019,120302,Wek III,,,
1203022020,120302,Perkebunan Sigala-Gala,,,
1203022021,120302,Perkebunan Hapesong,,,
1203022022,120302,Hapesong Lama,,,
1203022023,120302,Sipenggeng,,,
1203022025,120302,Sianggunan,,,
1203022026,120302,Huta Baru,,,
1203022036,120302,Aek Ngadol Sitinjak,,,
1203022037,120302,Sisipa,,,
1203031098,120303,Pasar Pargarutan,,,
1203031099,120303,Batang Tura Sirumambe,,,
1203032003,120303,Panompuan Jae,,,
1203032004,120303,Pargarutan Tonga,,,
1203032008,120303,Huraba,,,
1203032012,120303,Marisi,,,
1203032013,120303,Pargarutan Julu,,,
1203032014,120303,Huta Ginjang,,,
1203032069,120303,Lantosan Rogas,,,
1203032079,120303,Sijungkang,,,
1203032083,120303,Pargarutan Jae,,,
1203032094,120303,Panompuan,,,
1203032095,120303,Pargarutan Dolok,,,
1203032096,120303,Sanggapati,,,
1203032097,120303,Pall XI,,,
1203041001,120304,Pasar Sipirok,,,
1203041003,120304,Hutasuhut,,,
1203041004,120304,Baringin,,,
1203041005,120304,Bunga Bondar,,,
1203041061,120304,Parau Sorat,,,
1203041114,120304,Sipirok Godang,,,
1203042010,120304,Bagas Lombang,,,
1203042017,120304,Batu Satail,,,
1203042025,120304,Hasang Marsada,,,
1203042034,120304,Janji Mauli,,,
1203042048,120304,Paran Julu,,,
1203042051,120304,Pangaribuan,,,
1203042052,120304,Pargarutan,,,
1203042054,120304,Panaungan,,,
1203042059,120304,Padang Bujur,,,
1203042060,120304,Paran Padang,,,
1203042064,120304,Pangurabaan,,,
1203042068,120304,Ramba Sihasur,,,
1203042069,120304,Tolang,,,
1203042072,120304,Sampean,,,
1203042075,120304,Simaninggir,,,
1203042076,120304,Sibadoar,,,
1203042085,120304,Sialagundi,,,
1203042096,120304,Bulu Mario,,,
1203042097,120304,Barnang Koling,,,
1203042101,120304,Dolok Sordang Julu,,,
1203042102,120304,Situmba Julu,,,
1203042103,120304,Situmba,,,
1203042104,120304,Kilang Papan,,,
1203042105,120304,Sialaman,,,
1203042106,120304,Paran Dolok Mardomu,,,
1203042107,120304,Batang Tura Julu,,,
1203042108,120304,Batang Tura,,,
1203042109,120304,Dolok Sordang,,,
1203042110,120304,Pahae Aek Sagala,,,
1203042111,120304,Marsada,,,
1203042112,120304,Luat Lombang,,,
1203042113,120304,Aek Batang Paya,,,
1203042115,120304,Saba Batang Miha,,,
1203042116,120304,Sarogodung,,,
1203051001,120305,Pasar Sipagimbar,,,
1203051080,120305,Aek Simotung,,,
1203052018,120305,Simangambat,,,
1203052069,120305,Sidapdap Simanosor,,,
1203052070,120305,Saut Banua Simanosor,,,
1203052071,120305,Damparan Haunatas,,,
1203052072,120305,Somba Debata Purba,,,
1203052073,120305,Padang Mandailing Garugur,,,
1203052074,120305,Ulu Mamis Situnggaling,,,
1203052075,120305,Parau Sorat Sitabo-tabo,,,
1203052076,120305,Pintu Padang Mandalasena,,,
1203052077,120305,Sunge Sigiring-giring,,,
1203052078,120305,Silangkitang Tambiski,,,
1203052079,120305,Batang Parsuluman,,,
1203061001,120306,Simarpinggan,,,
1203061007,120306,Napa,,,
1203061014,120306,Tapian Nauli,,,
1203061019,120306,Pardomuan,,,
1203062004,120306,Situmbaga,,,
1203062005,120306,Sinyior,,,
1203062006,120306,Pintu Padang,,,
1203062008,120306,Sibong-bong,,,
1203062009,120306,Siamporik Dolok,,,
1203062010,120306,Siamporik Lombang,,,
1203062011,120306,Sihopur,,,
1203062012,120306,Tandihat,,,
1203062013,120306,Perkebunan Marpinggan,,,
1203062015,120306,Aek Natas,,,
1203062016,120306,Dolok Godang,,,
1203062017,120306,Sihuik-huik,,,
1203062018,120306,Gunung Baringin,,,
1203071001,120307,Sigalangan,,,
1203071060,120307,Pintu Padang I,,,
1203071061,120307,Pintu Padang II,,,
1203071068,120307,Bangun Purba,,,
1203072005,120307,Aek Nauli,,,
1203072016,120307,Sidadi I,,,
1203072018,120307,Janji Manaon,,,
1203072020,120307,Sitampa Simatoras,,,
1203072021,120307,Pasar Lama,,,
1203072027,120307,Benteng Huraba,,,
1203072029,120307,Padang Kahombu,,,
1203072030,120307,Sorik,,,
1203072045,120307,Sibulele Muara,,,
1203072047,120307,Bargot Topong,,,
1203072053,120307,Sigulang Losung,,,
1203072055,120307,Hurase,,,
1203072057,120307,Sorimadingin PP,,,
1203072058,120307,Huta Padang,,,
1203072062,120307,Tahalak Ujung Gading,,,
1203072063,120307,Sidadi II,,,
1203072067,120307,Aek Gunung,,,
1203141039,120314,Arse,,,
1203141040,120314,Lancat,,,
1203142028,120314,Sipogu,,,
1203142032,120314,Pinagar,,,
1203142033,120314,Pardomuan,,,
1203142034,120314,Aek Haminjon,,,
1203142035,120314,Nanggar Jati Huta Padang,,,
1203142036,120314,Nanggar Jati,,,
1203142037,120314,Natambang Roncitan,,,
1203142038,120314,Dalihan Natolu,,,
1203201004,120320,Pasar Sempurna,,,
1203202002,120320,Huraba,,,
1203202014,120320,Gunung Binanga,,,
1203202015,120320,Marancar Godang,,,
1203202016,120320,Simaninggir,,,
1203202023,120320,Sugi,,,
1203202028,120320,Haunatas,,,
1203202032,120320,Aek Nabara,,,
1203202033,120320,Gapuk Tua,,,
1203202034,120320,Marancar Julu,,,
1203202035,120320,Aek Sabaon,,,
1203202036,120320,Tanjung Dolok,,,
1203211063,120321,Sayur Matinggi,,,
1203212003,120321,Janji Mauli Baringin,,,
1203212004,120321,Mondang,,,
1203212005,120321,Sialang,,,
1203212006,120321,Sipange Julu,,,
1203212007,120321,Sipange Godang,,,
1203212008,120321,Tolang Julu,,,
1203212009,120321,Tolang Jae,,,
1203212012,120321,Bange,,,
1203212013,120321,Bulu Gading,,,
1203212018,120321,Aek Libung,,,
1203212023,120321,Aek Badak Jae,,,
1203212024,120321,Aek Badak Julu,,,
1203212026,120321,Huta Pardomuan,,,
1203212056,120321,Sipange Siunjam,,,
1203212057,120321,Silaiya,,,
1203212058,120321,Somanggal Parmonangan,,,
1203212059,120321,Lumban Huayan,,,
1203212062,120321,Silaiya Tanjung Leuk,,,
1203222003,120322,Sigolang,,,
1203222005,120322,Biru,,,
1203222008,120322,Tapus Godang,,,
1203222017,120322,Lobu Tayas,,,
1203222020,120322,Silangkitang,,,
1203222033,120322,Sihulambu,,,
1203222043,120322,Tolang,,,
1203222044,120322,Tapus Sipagabu,,,
1203222045,120322,Huta baru,,,
1203222046,120322,Aek Latong,,,
1203222047,120322,Aek Urat,,,
1203222048,120322,Gorahut,,,
1203291002,120329,Hutaraja,,,
1203291008,120329,Muara Manompas,,,
1203291009,120329,Muara Ampolu,,,
1203292001,120329,Bandar Hapinis,,,
1203292003,120329,Pardamean,,,
1203292004,120329,Tarapung Raya,,,
1203292007,120329,Muara Opu,,,
1203292010,120329,Simarlelan,,,
1203292011,120329,Muara Huta Raja,,,
1203301001,120330,Panabari Hutatonga,,,
1203302002,120330,Aek Uncim,,,
1203302003,120330,Panindoan,,,
1203302004,120330,Aek Kahombu,,,
1203302005,120330,Batu Horpak,,,
1203302006,120330,Situmba,,,
1203302007,120330,Purba Tua,,,
1203302008,120330,Lumban Jabi-jabi,,,
1203302009,120330,Ingul Jae,,,
1203302010,120330,Sisoma,,,
1203302011,120330,Lumban Ratus,,,
1203302012,120330,Kota Tua,,,
1203302013,120330,Simaninggir Tano Tombangan,,,
1203302014,120330,Huta Raja,,,
1203302015,120330,Harean,,,
1203302016,120330,Aek Parupuk,,,
1203302017,120330,Tanjung Medan,,,
1203311001,120331,Sangkunur,,,
1203311002,120331,Rianiate,,,
1203312003,120331,Simatohir,,,
1203312004,120331,Perkebunan,,,
1203312005,120331,Bandar Tarutung,,,
1203312006,120331,Aek Pardomuan,,,
1203312007,120331,Tindoan Laut,,,
1203312008,120331,Simataniari,,,
1203312009,120331,Batu Godang,,,
1203312010,120331,Malombu,,,
1203321001,120332,Bintuju,,,
1203321002,120332,Huta Tonga,,,
1203322003,120332,Basilam Baru,,,
1203322004,120332,Sipangko,,,
1203322005,120332,Huta Holbung,,,
1203322006,120332,Muara Tais I,,,
1203322007,120332,Muara Tais II,,,
1203322008,120332,Muara Tais III,,,
1203322009,120332,Janji Mauli MT,,,
1203322010,120332,Pargumbangan,,,
1203322011,120332,Pangaribuan,,,
1203322012,120332,Pasir Matogu,,,
1203322013,120332,Sori Manaon,,,
1203322014,120332,Muara Purba Nauli,,,
1203322015,120332,Tatengger,,,
1204052001,120405,Ononamolo I Bot,,,
1204052021,120405,Dima,,,
1204052022,120405,Sinarikhi,,,
1204052023,120405,Ombolata Salo'o,,,
1204052024,120405,Sisobalauru,,,
1204052025,120405,Tuhegafoa II,,,
1204052027,120405,Fadoro Lauru,,,
1204052028,120405,Lasara Tanose'o,,,
1204052030,120405,Hiliduho,,,
1204052031,120405,Hiligodu Tanoseo,,,
1204052032,120405,Sisobahili I Tanoseo,,,
1204052033,120405,Onozitolidulu,,,
1204052034,120405,Mazingo Tanose'o,,,
1204052040,120405,Onowaembo Hiligara,,,
1204052041,120405,Silimabanua,,,
1204052042,120405,Ombolata Sisarahili,,,
1204062006,120406,Hiliotalua,,,
1204062008,120406,Akhelauwe,,,
1204062016,120406,Hilisebua,,,
1204062017,120406,Somi,,,
1204062018,120406,Sirete,,,
1204062019,120406,Heliweto Gido,,,
1204062020,120406,Loloana'a Gido,,,
1204062022,120406,Sisobahili,,,
1204062023,120406,Lahemo,,,
1204062024,120406,Ladea,,,
1204062027,120406,Umbu,,,
1204062028,120406,Soewe,,,
1204062029,120406,Lolozasai,,,
1204062030,120406,Lazara Idanoi,,,
1204062050,120406,Lasela,,,
1204062051,120406,Ladea Orahua,,,
1204062052,120406,Tulumbaho Salo'o,,,
1204062053,120406,Nifolo'o Lauru,,,
1204062054,120406,Hilizoi,,,
1204062055,120406,Somi Botogo'o,,,
1204062056,120406,Olindrawa Sisarahili,,,
1204102005,120410,Hilimoasio,,,
1204102006,120410,Tetegeona'ai,,,
1204102007,120410,Laowo Hilimbaruzo,,,
1204102008,120410,Hililawae,,,
1204102009,120410,Tuhewaebu,,,
1204102014,120410,Sisobahili Iraono Hura,,,
1204102015,120410,Bozihona,,,
1204102016,120410,Oladano,,,
1204102017,120410,Ahedano,,,
1204102018,120410,Hilina'a Tafuo,,,
1204102019,120410,Hiliono Zega,,,
1204102020,120410,Mondrali,,,
1204102022,120410,Tetehosi,,,
1204102023,120410,Saiwahili Hili'adulo,,,
1204102024,120410,Maliwa'a,,,
1204102025,120410,Biouti,,,
1204102026,120410,Awoni Lauso,,,
1204102027,120410,Bobozioli Loloana'a,,,
1204102028,120410,Sandruta,,,
1204102029,120410,Laira,,,
1204102030,120410,Otalua,,,
1204102031,120410,Baruzo,,,
1204102032,120410,Orahili Zuzundrao,,,
1204102033,120410,Tiga Serangkai Maliwa'a,,,
1204102034,120410,Hiligogowaya Maliwa'a,,,
1204102035,120410,Hili'adulo,,,
1204102036,120410,Hilimoasio Dua,,,
1204102037,120410,Biouti Timur,,,
1204112002,120411,Sisarahili Bawolato,,,
1204112003,120411,Hiliganoita,,,
1204112004,120411,Gazamanu,,,
1204112005,120411,Hilihoru,,,
1204112006,120411,Hilialawa,,,
1204112007,120411,Hilifaosi,,,
1204112008,120411,Hiliwarokha,,,
1204112009,120411,Sitolu Banua,,,
1204112010,120411,Siofaewali,,,
1204112011,120411,Sohoya,,,
1204112012,120411,Botohaenga,,,
1204112013,120411,Orahili,,,
1204112014,120411,Tagaule,,,
1204112015,120411,Siofabanua,,,
1204112016,120411,Sifaoroasi Ulu Hou,,,
1204112017,120411,Dahana,,,
1204112018,120411,Orahua,,,
1204112019,120411,Banua Sibohou Silima Ewali,,,
1204112020,120411,Si'ofaewali Selatan,,,
1204112021,120411,Lagasimahe,,,
1204112022,120411,Hilihao Cugala,,,
1204112023,120411,Orahua Faondrato,,,
1204112024,120411,Hou,,,
1204112025,120411,Sindrondro,,,
1204112026,120411,Balale Toba'a,,,
1204202001,120420,Fadoro Hunogoa,,,
1204202002,120420,Lolofaoso Lalai,,,
1204202003,120420,Fulolo Lalai,,,
1204202004,120420,Lawa-Lawa,,,
1204202005,120420,Lalai I/II,,,
1204202006,120420,Lolowua,,,
1204202007,120420,Dahadano Botombawo,,,
1204202008,120420,Fadoro Lalai,,,
1204202009,120420,Lolowua Hiliwarasi,,,
1204202010,120420,Hilizia Lauru,,,
1204202011,120420,Ehosakhozi,,,
1204202012,120420,Awela,,,
1204202013,120420,Onombongi,,,
1204202014,120420,Orahili Idanoi,,,
1204202015,120420,Lolofaoso,,,
1204212001,120421,Hiligodu Botomuzoi,,,
1204212002,120421,Lasara Botomuzoi,,,
1204212003,120421,Hiliwaele I,,,
1204212004,120421,Hilimbowo Botomuzoi,,,
1204212005,120421,Simanaere Botomuzoi,,,
1204212006,120421,Hiliwaele II,,,
1204212007,120421,Tuhegafoa I,,,
1204212008,120421,Balohili Botomuzoi,,,
1204212009,120421,Hilihambawa Botomuzoi,,,
1204212010,120421,Fulolo Botomuzoi,,,
1204212011,120421,Loloana'a,,,
1204212012,120421,Ononamolo Talafu,,,
1204212013,120421,Sisobahili Dola,,,
1204212014,120421,Banua Sibohou Botomuzoi,,,
1204212015,120421,Mohili Berua Botomuzoi,,,
1204212016,120421,Tetehosi Botomuzoi,,,
1204212017,120421,Talafu,,,
1204212018,120421,Ola Nori,,,
1204272001,120427,Orahili,,,
1204272002,120427,Hiliwetogela,,,
1204272003,120427,Lawalawa Luo,,,
1204272004,120427,Hilimbowo,,,
1204272005,120427,Hilibadalu,,,
1204272006,120427,Fatodano,,,
1204272007,120427,Fahandrona,,,
1204272008,120427,Onodalinga,,,
1204272009,120427,Holi,,,
1204272010,120427,Sisobahili Ulu Gawo,,,
1204272011,120427,Sifaro'asi Ulu Gawo,,,
1204272012,120427,Mohili,,,
1204272013,120427,Hiligafoa,,,
1204272014,120427,Sisarahili Soroma'asi,,,
1204282001,120428,Balodano,,,
1204282002,120428,Lewuoguru II,,,
1204282003,120428,Sihare'o III,,,
1204282004,120428,Sisarahilima'u,,,
1204282005,120428,Lasara Siwalu Banua,,,
1204282006,120428,Tuhemberua,,,
1204282007,120428,Atualuo,,,
1204282008,120428,Lewa Lewa,,,
1204282009,120428,Dekha,,,
1204282010,120428,Sihare'o III Bawosalo'o Berua,,,
1204282011,120428,Sihare'o III Hilibadalu,,,
1204292001,120429,Sisobawino I,,,
1204292002,120429,I'odano,,,
1204292003,120429,Huno,,,
1204292004,120429,Sisaratandrawa,,,
1204292005,120429,Somolo Molo,,,
1204292006,120429,Lewuoguru I,,,
1204292007,120429,Sifaoro Asi,,,
1204292008,120429,Lewuombanua,,,
1204292009,120429,Hiligodu Somolo-Molo,,,
1204292010,120429,Hiliborodano,,,
1204292011,120429,So'ewali,,,
1204352001,120435,Tuhembuasi,,,
1204352002,120435,Hilibadalu,,,
1204352003,120435,La'uri,,,
1204352004,120435,Hilimbana,,,
1204352005,120435,Saitagaramba,,,
1204352006,120435,Sogae'adu,,,
1204352007,120435,Baruzo,,,
1204352008,120435,Tulumbaho,,,
1204352009,120435,Sisarahili Sogae'adu,,,
1204352010,120435,We'a-we'a,,,
1204352011,120435,Sihare'o Sogae'adu,,,
1205011001,120501,Pekan Bahorok,,,
1205012002,120501,Lau Damak,,,
1205012003,120501,Timbang Lawan,,,
1205012004,120501,Sampe Raya,,,
1205012005,120501,Tanjung Lenggang,,,
1205012006,120501,Suka Rakyat,,,
1205012007,120501,Perkebunan Turangi,,,
1205012008,120501,Perkebunan Bungara,,,
1205012009,120501,Perkebunan B. Lawang,,,
1205012011,120501,Empus,,,
1205012012,120501,Simpang Pulo Rambung,,,
1205012013,120501,Perkebunan Sei Musam,,,
1205012014,120501,Batu Jong - Jong,,,
1205012015,120501,Sematar,,,
1205012016,120501,Perkebunan Pulo Rambung,,,
1205012017,120501,Sei Musam Kendit,,,
1205012020,120501,Timbang Jaya,,,
1205012021,120501,Musam Pembangunan,,,
1205012022,120501,Ujung Bandar,,,
1205021007,120502,Tanjung Langkat,,,
1205022002,120502,Perkebunan Tanjung Keliling,,,
1205022004,120502,Perkebunan Gelugur Langkat,,,
1205022005,120502,Perkebunan Tambunan,,,
1205022006,120502,Perkebunan Bandar Telu,,,
1205022008,120502,Naman Jahe,,,
1205022009,120502,Turangi,,,
1205022010,120502,Ujung Teran,,,
1205022011,120502,Pamah Tambunan,,,
1205022014,120502,Minta Kasih,,,
1205022019,120502,Ujung Bandar,,,
1205022020,120502,Lau Tepu,,,
1205022021,120502,Parangguam,,,
1205022023,120502,Ponco Warno,,,
1205022024,120502,Adin Tengah,,,
1205022025,120502,Lau Lugur,,,
1205022026,120502,Pancur Ido,,,
1205031001,120503,Pekan Kuala,,,
1205031019,120503,Bela Rakyat,,,
1205032002,120503,Dalan Naman,,,
1205032003,120503,Balai Kasih,,,
1205032004,120503,Bekiung,,,
1205032005,120503,Blankahan,,,
1205032006,120503,Besadi,,,
1205032007,120503,Beruam,,,
1205032009,120503,Raja Tengah,,,
1205032011,120503,Namo Mbelin,,,
1205032012,120503,Parit Bindu,,,
1205032013,120503,Sei Penjara,,,
1205032015,120503,Perkebunan Bekiun,,,
1205032016,120503,Garunggang,,,
1205032017,120503,Suka Damai,,,
1205032018,120503,Sido Makmur,,,
1205041005,120504,Namu Ukur Selatan,,,
1205042001,120504,Telagah,,,
1205042002,120504,Rumah Galuh,,,
1205042003,120504,Simpang Kuta Buluh,,,
1205042004,120504,Gunung Ambat,,,
1205042006,120504,Belinteng,,,
1205042007,120504,Namu Ukur Utara,,,
1205042008,120504,Pasar VI Kwala Mencirim,,,
1205042009,120504,Emplasmen Kwala Mencirim,,,
1205042010,120504,Purwobinangun,,,
1205042011,120504,Pasar IV.Namo Terasi,,,
1205042012,120504,Pasar VIII.Namo Terasi,,,
1205042013,120504,Durian Lingga,,,
1205042014,120504,Pekan Sawah,,,
1205042015,120504,Tanjung Gunung,,,
1205042016,120504,Mekar Jaya,,,
1205051001,120505,Kwala Begumit,,,
1205052002,120505,Sambi Rejo,,,
1205052003,120505,Sendang Rejo,,,
1205052004,120505,Tanjung Jati,,,
1205052005,120505,Sidomulyo,,,
1205052006,120505,Perdamaian,,,
1205052007,120505,Suka Makmur,,,
1205061001,120506,Pekan Selesai,,,
1205062002,120506,Sei Limbat,,,
1205062003,120506,Padang Brahrang,,,
1205062004,120506,Tanjung Merahe,,,
1205062005,120506,Nambiki,,,
1205062006,120506,Lau Mulgap,,,
1205062007,120506,Kuta Parit,,,
1205062008,120506,Bekulap,,,
1205062009,120506,Perhiasan,,,
1205062010,120506,Selayang,,,
1205062011,120506,Mancang,,,
1205062012,120506,Kwala Air Hitam,,,
1205062013,120506,Padang Cermin,,,
1205062014,120506,Selayang Baru,,,
1205071004,120507,Perdamaian,,,
1205071005,120507,Kwala Bingai,,,
1205071006,120507,Sidomulyo,,,
1205071010,120507,Stabat Baru,,,
1205071011,120507,Dendang,,,
1205071012,120507,Paya Mabar,,,
1205072001,120507,Karang Rejo,,,
1205072002,120507,Kwala Begumit,,,
1205072003,120507,Mangga,,,
1205072007,120507,Banyumas,,,
1205072008,120507,Pantai Gemi,,,
1205072009,120507,Ara Condong,,,
1205081001,120508,Bingai,,,
1205082002,120508,Gohor Lama,,,
1205082003,120508,Stabat Lama,,,
1205082004,120508,Besilam Bukit Lembasa,,,
1205082005,120508,Kebun Balok,,,
1205082006,120508,Bukit Melintang,,,
1205082007,120508,Gergas,,,
1205082008,120508,Stabat Lama Barat,,,
1205082009,120508,Sumber Mulyo,,,
1205082010,120508,Pertumbukan,,,
1205082011,120508,Paya Tusam,,,
1205082012,120508,Mekar Jaya,,,
1205082013,120508,Jentera Stabat,,,
1205082014,120508,Stungkit,,,
1205091004,120509,Hinai Kiri,,,
1205092001,120509,Kepala Sungai,,,
1205092002,120509,Teluk,,,
1205092003,120509,Cinta Raja,,,
1205092005,120509,Kebun Kelapa,,,
1205092006,120509,Sungai Ular,,,
1205092007,120509,Tanjung Ibus,,,
1205092008,120509,Secanggang,,,
1205092009,120509,Selotong,,,
1205092010,120509,Karang Gading,,,
1205092011,120509,Jaring Halus,,,
1205092012,120509,Telaga Jernih,,,
1205092013,120509,Perkotaan,,,
1205092014,120509,Kwala Besar,,,
1205092015,120509,Karang Anyar,,,
1205092016,120509,Pantai Gading,,,
1205092017,120509,Suka Mulia,,,
1205101008,120510,Kebun Lada,,,
1205102001,120510,Cempa,,,
1205102002,120510,Batu Malenggang,,,
1205102003,120510,Tamaran,,,
1205102004,120510,Tanjung Mulia,,,
1205102005,120510,Muka Paya,,,
1205102006,120510,Hinai Kanan,,,
1205102007,120510,Suka Damai,,,
1205102009,120510,Baru Pasar VIII,,,
1205102010,120510,Perkebunan Tanjung Beringin,,,
1205102011,120510,Suka Jadi,,,
1205102012,120510,Paya Rengas,,,
1205102013,120510,Suka Damai Timur,,,
1205111005,120511,Pekan Tanjung Pura,,,
1205112001,120511,Serapuh Asli,,,
1205112002,120511,Pematang Tengah,,,
1205112003,120511,Paya Perupuk,,,
1205112004,120511,Lalang,,,
1205112006,120511,Pekubuan,,,
1205112007,120511,Teluk Bakung,,,
1205112008,120511,Pantai Cermin,,,
1205112009,120511,Pematang Serai,,,
1205112010,120511,Baja Kuning,,,
1205112011,120511,Pulau Banyak,,,
1205112012,120511,Pematang Cengal,,,
1205112013,120511,Kwala Serapuh,,,
1205112014,120511,Kwala Langkat,,,
1205112015,120511,Bubun,,,
1205112016,120511,Tapak Kuda,,,
1205112017,120511,Suka Maju,,,
1205112018,120511,Karya Maju,,,
1205112019,120511,Pematang Cengal Barat,,,
1205121006,120512,Tanjung Selamat,,,
1205122001,120512,Serapuh ABC,,,
1205122002,120512,Padang Tualang,,,
1205122003,120512,Kwala Besilam,,,
1205122004,120512,Buluh Telang,,,
1205122005,120512,Besilam,,,
1205122007,120512,Tebing Tanjung Selamat,,,
1205122008,120512,Tanjung Putus,,,
1205122009,120512,Suka Ramai,,,
1205122010,120512,Jati Sari,,,
1205122011,120512,Banjaran Raya,,,
1205122012,120512,Bukit Sari,,,
1205131001,120513,Pekan Gebang,,,
1205132002,120513,Paluh Manis,,,
1205132003,120513,Pasar Rawa,,,
1205132004,120513,Padang Langkat,,,
1205132005,120513,Air Hitam,,,
1205132006,120513,Paya Bengkuang,,,
1205132007,120513,Dogang,,,
1205132008,120513,Sangga Lima,,,
1205132009,120513,Kwala Gebang,,,
1205132010,120513,Bukit Mengkirai,,,
1205132011,120513,Pasiran,,,
1205141001,120514,Pelawi Utara,,,
1205141006,120514,Berandan Barat,,,
1205141007,120514,Berandan Timur Baru,,,
1205141008,120514,Berandan Timur,,,
1205142002,120514,Securai Utara,,,
1205142003,120514,Teluk Meku,,,
1205142004,120514,Pelawi Selatan,,,
1205142005,120514,Securai Selatan,,,
1205151009,120515,Beras Basah,,,
1205151010,120515,Bukit Jengkol,,,
1205152001,120515,Alur Cempedak,,,
1205152002,120515,Sei Siur,,,
1205152003,120515,Tanjung Pasir,,,
1205152004,120515,Paya Tampak,,,
1205152005,120515,Pintu Air,,,
1205152006,120515,Sei Meran,,,
1205152007,120515,Pulau Sembilan,,,
1205152008,120515,Pulau Kampai,,,
1205152011,120515,Pangkalan Siata,,,
1205161009,120516,Pekan Besitang,,,
1205161010,120516,Bukit Kubu,,,
1205161011,120516,Kampung Lama,,,
1205162001,120516,Halaban,,,
1205162002,120516,Bukit Mas,,,
1205162005,120516,Pir Adb Besitang,,,
1205162006,120516,Sekoci,,,
1205162007,120516,Suka Jaya,,,
1205162008,120516,Bukit Selamat,,,
1205171001,120517,Sei Bilah,,,
1205171002,120517,Alur Dua,,,
1205171008,120517,Alur Dua Baru,,,
1205171009,120517,Harapan Jaya,,,
1205171010,120517,Sei Bilah Timur,,,
1205172003,120517,Puraka I,,,
1205172004,120517,Puraka II,,,
1205172005,120517,Lama,,,
1205172006,120517,Telaga Said,,,
1205172007,120517,Lama Baru,,,
1205172011,120517,Mekar Makmur,,,
1205172012,120517,Harapan Baru,,,
1205172013,120517,Harapan Maju,,,
1205172014,120517,Harapan Makmur,,,
1205181001,120518,Tangkahan Durian,,,
1205181004,120518,Pangkalan Batu,,,
1205182002,120518,Sei Tualang,,,
1205182003,120518,Lubuk Kasih,,,
1205182005,120518,Lubuk Kertang,,,
1205182006,120518,Perlis,,,
1205182007,120518,Kelantan,,,
1205191001,120519,Batang Serangan,,,
1205192002,120519,Sei Bamban,,,
1205192003,120519,Sei Musam,,,
1205192004,120519,Sei Serdang,,,
1205192005,120519,Namo Sialang,,,
1205192006,120519,Kwala Musam,,,
1205192007,120519,Karya Jadi,,,
1205192008,120519,Paluh Pakeh Babussalam,,,
1205201001,120520,Sawit Seberang,,,
1205202002,120520,Alur Gadung,,,
1205202003,120520,Simpang Tiga,,,
1205202004,120520,Sei Litur Tasik,,,
1205202005,120520,Sawit Hulu,,,
1205202006,120520,Mekar Sawit,,,
1205202007,120520,Alur Melati,,,
1205212001,120521,Serapit,,,
1205212002,120521,Gunung Tinggi,,,
1205212003,120521,Sidorejo,,,
1205212004,120521,Suka Pulung,,,
1205212005,120521,Aman Damai,,,
1205212006,120521,Tanjung Kariahan,,,
1205212007,120521,Sebertung,,,
1205212008,120521,Pulau Semikat,,,
1205212009,120521,Sumber Jaya,,,
1205212010,120521,Perkebunan Amal Tani,,,
1205222001,120522,Namotogan,,,
1205222002,120522,Kuta Gajah,,,
1205222003,120522,Perkebunan Marike,,,
1205222004,120522,Kaperas,,,
1205222005,120522,Namoteras,,,
1205222006,120522,Rampah,,,
1205222007,120522,Sulkam,,,
1205222008,120522,Kutambaru,,,
1205232001,120523,Pematang Tengah,,,
1205232002,120523,Damar Condong,,,
1205232003,120523,Perkebunan Damar Condong,,,
1205232004,120523,Perkebunan Perapen,,,
1205232005,120523,Limau Mungkur,,,
1205232006,120523,Serang Jaya Hilir,,,
1205232007,120523,Serang Jaya,,,
1205232008,120523,Sala Haji,,,
1206011009,120601,Padang Mas,,,
1206011010,120601,Lau Cimba,,,
1206011011,120601,Gung Leto,,,
1206011012,120601,Gung Negeri,,,
1206011013,120601,Kampung Dalam,,,
1206012001,120601,Rumah Kabanjahe,,,
1206012002,120601,Kaban,,,
1206012003,120601,Ketaren,,,
1206012004,120601,Samura,,,
1206012005,120601,Lau Simomo,,,
1206012006,120601,Sumber Mufakat,,,
1206012007,120601,Kandibata,,,
1206012008,120601,Kacaribu,,,
1206021006,120602,Tambak Lau Mulgab I,,,
1206021007,120602,Tambak Lau Mulgab II,,,
1206021008,120602,Gundaling I,,,
1206021009,120602,Gundaling II,,,
1206022001,120602,Daulu,,,
1206022002,120602,Gurusinga,,,
1206022003,120602,Raya,,,
1206022004,120602,Rumah Berastagi,,,
1206022005,120602,Sempajaya,,,
1206022010,120602,Lau Gumba,,,
1206032001,120603,Paribun,,,
1206032002,120603,Rumamis,,,
1206032003,120603,Sinaman,,,
1206032004,120603,Sukanalu,,,
1206032005,120603,Barusjulu,,,
1206032006,120603,Tangkidik,,,
1206032007,120603,Sukajulu,,,
1206032008,120603,Barusjahe,,,
1206032009,120603,Bulanjahe,,,
1206032010,120603,Pertumbuken,,,
1206032011,120603,Talimbaru,,,
1206032012,120603,Sikab,,,
1206032013,120603,Persadanta,,,
1206032014,120603,Bulanjulu,,,
1206032015,120603,Semangat,,,
1206032016,120603,Serdang,,,
1206032017,120603,Tanjung Barus,,,
1206032018,120603,Sarimanis,,,
1206032019,120603,Penampen,,,
1206042001,120604,Kutakepar,,,
1206042002,120604,Ajijulu,,,
1206042004,120604,Singa,,,
1206042007,120604,Ajijahe,,,
1206042008,120604,Bunuraya,,,
1206042010,120604,Kubusimbelang,,,
1206042011,120604,Tigapanah,,,
1206042012,120604,Suka,,,
1206042014,120604,Kacinambun,,,
1206042015,120604,Kutajulu,,,
1206042016,120604,Bertah,,,
1206042017,120604,Manukmulia,,,
1206042018,120604,Lauriman,,,
1206042019,120604,Sukadame,,,
1206042020,120604,Mulawari,,,
1206042023,120604,Sukamaju,,,
1206042024,120604,Kutambelin,,,
1206042025,120604,Kutabale,,,
1206042026,120604,Leparsamura,,,
1206042027,120604,Seberaya,,,
1206042028,120604,Ajimbelang,,,
1206042029,120604,Ajibuhara,,,
1206042030,120604,Lambar,,,
1206042031,120604,Salit,,,
1206042032,120604,Suka Mbayak,,,
1206042033,120604,Suka Sipilihen,,,
1206052001,120605,Partibi Tembe,,,
1206052002,120605,Negeri Tongging,,,
1206052003,120605,Kodon-Kodon,,,
1206052004,120605,Dokan,,,
1206052005,120605,Nagara,,,
1206052006,120605,Sibolangit,,,
1206052007,120605,Sukamandi,,,
1206052008,120605,Nagalingga,,,
1206052009,120605,Pangambatan,,,
1206052010,120605,Tongging,,,
1206052011,120605,Partibi Lama,,,
1206052012,120605,Regaji,,,
1206052013,120605,Ajinembah,,,
1206052014,120605,Situnggaling,,,
1206052015,120605,Garingging,,,
1206052016,120605,Mulia Rayat,,,
1206052017,120605,Bandar Tongging,,,
1206052018,120605,Pancur Batu,,,
1206052019,120605,Merek,,,
1206062001,120606,Nageri,,,
1206062002,120606,Munte,,,
1206062003,120606,Kineppen,,,
1206062004,120606,Bandar Meriah,,,
1206062005,120606,Barung Kersap,,,
1206062006,120606,Kutambaru,,,
1206062007,120606,Buluhnaman,,,
1206062008,120606,Singgamanik,,,
1206062009,120606,Kuta Gerat,,,
1206062010,120606,Pertumbungen,,,
1206062011,120606,Sarimunte,,,
1206062012,120606,Kaban Tua,,,
1206062013,120606,Gunung Manumpak,,,
1206062014,120606,Tanjung Beringin,,,
1206062015,120606,Kuta Suah,,,
1206062016,120606,Sarinembah,,,
1206062017,120606,Selakkar,,,
1206062018,120606,Parimbalang,,,
1206062019,120606,Gunung Saribu,,,
1206062020,120606,Sukarame,,,
1206062021,120606,Gurubenua,,,
1206062022,120606,Biaknampe,,,
1206072001,120607,Juhar Perangin-angin,,,
1206072002,120607,Lau Lingga,,,
1206072003,120607,Kidupen,,,
1206072004,120607,Namosuro,,,
1206072005,120607,Bekilang,,,
1206072006,120607,Sugihen,,,
1206072007,120607,Pernantin,,,
1206072008,120607,Nageri,,,
1206072009,120607,Juhar Ginting,,,
1206072010,120607,Juhar Tarigan,,,
1206072011,120607,Pasar Baru,,,
1206072012,120607,Batu Mamak,,,
1206072013,120607,Naga,,,
1206072014,120607,Kutambelin,,,
1206072015,120607,Mbetong,,,
1206072016,120607,Keriahen,,,
1206072017,120607,Gunung Juhar,,,
1206072018,120607,Ketawaren,,,
1206072019,120607,Jandi,,,
1206072020,120607,Buluh Pancur,,,
1206072021,120607,Kutagugung,,,
1206072022,120607,Sukababo,,,
1206072023,120607,Lau Kidupen,,,
1206072024,120607,Sigenderang,,,
1206072025,120607,Juhar Ginting Sadanioga,,,
1206081019,120608,Tiga Binanga,,,
1206082001,120608,Gunung,,,
1206082002,120608,Kem Kem,,,
1206082003,120608,Pertumbuken,,,
1206082004,120608,Kuala,,,
1206082005,120608,Limang,,,
1206082006,120608,Perbesi,,,
1206082007,120608,Lau Kapur,,,
1206082008,120608,Kuta Bangun,,,
1206082009,120608,Kuta Raya,,,
1206082010,120608,Pergendangen,,,
1206082011,120608,Simolap,,,
1206082012,120608,Simpang Pergendangen,,,
1206082013,120608,Kuta Gerat,,,
1206082014,120608,Suka Julu,,,
1206082015,120608,Kuta Galoh,,,
1206082016,120608,Bunga Baru,,,
1206082017,120608,Kutambaru Punti,,,
1206082018,120608,Kuta Buara,,,
1206082020,120608,Batumamak,,,
1206092001,120609,Martelu,,,
1206092002,120609,Mbal-Mbal Petarum,,,
1206092003,120609,Lau Peranggunen,,,
1206092004,120609,Tanjung Gunung,,,
1206092005,120609,Lau Baleng,,,
1206092006,120609,Durin Rugun,,,
1206092007,120609,Perbulan,,,
1206092008,120609,Kutambelin,,,
1206092009,120609,Lingga Muda,,,
1206092010,120609,Kinangkong,,,
1206092011,120609,Rambah Tampu,,,
1206092012,120609,Lau Peradep,,,
1206092013,120609,Buluh Pancur,,,
1206092014,120609,Batu Rongkam,,,
1206092015,120609,Pintu Angin,,,
1206102001,120610,Lau Pengulu,,,
1206102002,120610,Lau Mulgap,,,
1206102003,120610,Lau Kesumpat,,,
1206102004,120610,Rimo Bunga,,,
1206102005,120610,Tanjung Pamah,,,
1206102006,120610,Kuta Pengkih,,,
1206102007,120610,Bandar Purba,,,
1206102008,120610,Mardingding,,,
1206102009,120610,Lau Pakam,,,
1206102010,120610,Lau Solu,,,
1206102011,120610,Lau Garut,,,
1206102012,120610,Bukit Makmur,,,
1206112001,120611,Payung,,,
1206112004,120611,Rimo Kayu,,,
1206112005,120611,Sukameriah,,,
1206112007,120611,Selandi,,,
1206112012,120611,Batukarang,,,
1206112015,120611,Gurukinayan,,,
1206112017,120611,Cimbang,,,
1206112025,120611,Ujung Payung,,,
1206122005,120612,Kutatengah,,,
1206122006,120612,Tigapancur,,,
1206122007,120612,Pintu Besi,,,
1206122009,120612,Gamber,,,
1206122012,120612,Sirumbia,,,
1206122014,120612,Ndokumsiroga,,,
1206122016,120612,Linggajulu,,,
1206122017,120612,Gajah,,,
1206122018,120612,Lingga,,,
1206122019,120612,Nangbelawan,,,
1206122022,120612,Beganding,,,
1206122024,120612,Torong,,,
1206122025,120612,Berastepu,,,
1206122026,120612,Surbakti,,,
1206122028,120612,Jeraya,,,
1206122030,120612,Perteguhen,,,
1206122035,120612,Bulanbaru,,,
1206132001,120613,Negeri Jahe,,,
1206132002,120613,Kutabuluh Gugung,,,
1206132003,120613,Siabang-abang,,,
1206132004,120613,Lau Buluh,,,
1206132005,120613,Bintang Meriah,,,
1206132006,120613,Jinabun,,,
1206132007,120613,Kuta Male,,,
1206132008,120613,Ujung Deleng,,,
1206132009,120613,Gunung Meriah,,,
1206132010,120613,Buah Raya,,,
1206132011,120613,Tanjung Merahe,,,
1206132012,120613,Rih Tengah,,,
1206132013,120613,Kutabuluh,,,
1206132014,120613,Liang Merdeka,,,
1206132015,120613,Pola Tebu,,,
1206132016,120613,Mburidi,,,
1206142001,120614,Kubu Colia,,,
1206142002,120614,Ujung Sampun,,,
1206142003,120614,Bukit,,,
1206142004,120614,Melas,,,
1206142005,120614,Sampun,,,
1206142006,120614,Sugihen,,,
1206142007,120614,Dolat Rayat,,,
1206152001,120615,Cinta Rakyat,,,
1206152002,120615,Semangat,,,
1206152003,120615,Ujung Teran,,,
1206152004,120615,Gongsol,,,
1206152005,120615,Jaranguda,,,
1206152006,120615,Semangat Gunung,,,
1206152007,120615,Deram,,,
1206152008,120615,Merdeka,,,
1206152009,120615,Sada Perarih,,,
1206162001,120616,Simacem,,,
1206162002,120616,Kutagugung,,,
1206162003,120616,Kuta Tonggal,,,
1206162004,120616,Naman,,,
1206162005,120616,Sukanalu,,,
1206162006,120616,Kebayaken,,,
1206162007,120616,Kutarayat,,,
1206162008,120616,Bekerah,,,
1206162009,120616,Sukandebi,,,
1206162010,120616,Gung Pinto,,,
1206162011,120616,Kutambelin,,,
1206162012,120616,Ndeskati,,,
1206162013,120616,Sukatepu,,,
1206162014,120616,Sigarang-garang,,,
1206172001,120617,Sukatendel,,,
1206172002,120617,Mardingding,,,
1206172003,120617,Kutagaluh,,,
1206172004,120617,Kutambaru,,,
1206172005,120617,Jandimeriah,,,
1206172006,120617,Tiganderket,,,
1206172007,120617,Tanjung Pulo,,,
1206172008,120617,Tanjung Merawa,,,
1206172009,120617,Perbaji,,,
1206172010,120617,Temburun,,,
1206172011,120617,Kutakepar,,,
1206172012,120617,Penampen,,,
1206172013,120617,Tanjung Mbelang,,,
1206172014,120617,Narigunung I,,,
1206172015,120617,Narigunung II,,,
1206172016,120617,Gunung Merlawan,,,
1206172017,120617,Susuk,,,
1207012001,120701,Kuta Bayu,,,
1207012002,120701,Gunung Paribuan,,,
1207012003,120701,Simempar,,,
1207012004,120701,Gunung Seribu,,,
1207012005,120701,Gunung Sinembah,,,
1207012006,120701,Bintang Meriah,,,
1207012007,120701,Kuta Tengah,,,
1207012008,120701,Pekan Gunung Mariah,,,
1207012009,120701,Gunung Meriah,,,
1207012010,120701,Ujung Meriah,,,
1207012011,120701,Marjandi Pematang,,,
1207012012,120701,Marjandi Tongah,,,
1207021026,120702,Pekan Tg Morawa,,,
1207022001,120702,Medan Sinembah,,,
1207022002,120702,Ujung Serdang,,,
1207022003,120702,Limau Manis,,,
1207022004,120702,Bandar Labuhan,,,
1207022005,120702,Bangun Rejo,,,
1207022006,120702,Aek Pancur,,,
1207022007,120702,Sei Merah,,,
1207022008,120702,Naga Timbul,,,
1207022009,120702,Langau Seprang,,,
1207022010,120702,Tanjung Mulia,,,
1207022011,120702,Punden Rejo,,,
1207022012,120702,Tanjung Morawa B,,,
1207022013,120702,Dagang Kerawan,,,
1207022014,120702,Tanjung Morawa A,,,
1207022015,120702,Buntu Badimbar,,,
1207022016,120702,Bangun Sari,,,
1207022017,120702,Dagang Kelambir,,,
1207022018,120702,Dalu Sepuluh-A,,,
1207022019,120702,Dalu Sepuluh-B,,,
1207022020,120702,Wonosari,,,
1207022021,120702,Perdamean,,,
1207022022,120702,Penara Kebun,,,
1207022023,120702,Bangun Sari Baru,,,
1207022024,120702,Telaga Sari,,,
1207022025,120702,Tanjung Baru,,,
1207032001,120703,Bandar Baru,,,
1207032002,120703,Batu Layang,,,
1207032003,120703,Batu Mbelin,,,
1207032004,120703,Betimus Mbaru,,,
1207032005,120703,Bengkurung,,,
1207032006,120703,Bingkawan,,,
1207032007,120703,Buah Nabar,,,
1207032008,120703,Bukum,,,
1207032009,120703,Buluh Awar,,,
1207032010,120703,Cinta Rakyat,,,
1207032011,120703,Durin Serugun,,,
1207032012,120703,Ketangkuhen,,,
1207032013,120703,Kuala,,,
1207032014,120703,Martelu,,,
1207032015,120703,Negeri Gugung,,,
1207032016,120703,Puangaja,,,
1207032017,120703,Rumah Kinangkung SP,,,
1207032018,120703,Rambung Baru,,,
1207032019,120703,Rumah Pil Pil,,,
1207032020,120703,Rumah Sumbul,,,
1207032021,120703,Sala Bulan,,,
1207032022,120703,Sayum Sabah,,,
1207032023,120703,Sembahe,,,
1207032024,120703,Sibolangit,,,
1207032025,120703,Sikeben,,,
1207032026,120703,Suka Maju,,,
1207032027,120703,Suka Makmur,,,
1207032028,120703,Tambunen,,,
1207032029,120703,Tanjung Beringin,,,
1207032030,120703,Ujung Deleng,,,
1207042001,120704,Suka Makmur,,,
1207042002,120704,Namo Mirik,,,
1207042003,120704,Suka Dame,,,
1207042004,120704,Pasar X,,,
1207042005,120704,Perpanden,,,
1207042006,120704,Kutalimbaru,,,
1207042007,120704,Sampe Cita,,,
1207042008,120704,Suka Rende,,,
1207042009,120704,Kwala Lau Bicik,,,
1207042010,120704,Lau Bakeni,,,
1207042011,120704,Silebo Lebo,,,
1207042012,120704,Sawit Rejo,,,
1207042013,120704,Namo Rube Julu,,,
1207042014,120704,Sei Mencirim,,,
1207052001,120705,Bintang Meriah,,,
1207052002,120705,Sugau,,,
1207052003,120705,Tiang Layar,,,
1207052004,120705,Durin Simbelang,,,
1207052005,120705,Namo Riam,,,
1207052006,120705,Durin Tonggal,,,
1207052007,120705,Hulu,,,
1207052008,120705,Pertampilen,,,
1207052009,120705,Salam Tani,,,
1207052010,120705,Tengah,,,
1207052011,120705,Namo Simpur,,,
1207052012,120705,Simalingkar A,,,
1207052013,120705,Namo Bintang,,,
1207052014,120705,Lama,,,
1207052015,120705,Namorih,,,
1207052016,120705,Tuntungan I,,,
1207052017,120705,Gunung Tinggi,,,
1207052018,120705,Tuntungan II,,,
1207052019,120705,Durin Jangak,,,
1207052020,120705,Sembahe Baru,,,
1207052021,120705,Tanjung Anom,,,
1207052022,120705,Sei Glugur,,,
1207052023,120705,Suka Raya,,,
1207052024,120705,Baru,,,
1207052025,120705,Perumnas Simalingkar,,,
1207062001,120706,Deli Tua,,,
1207062002,120706,Jati Kesuma,,,
1207062003,120706,Namo Rambe,,,
1207062004,120706,Gunung Kelawas,,,
1207062005,120706,Ujung Labuhan,,,
1207062006,120706,Lubang Ido,,,
1207062007,120706,Siluelue,,,
1207062008,120706,Timbang Lawan,,,
1207062009,120706,Batu Mbelin,,,
1207062010,120706,Namo Batang,,,
1207062011,120706,Tanjung Selamat,,,
1207062012,120706,Bekukul,,,
1207062013,120706,Namo Pakam,,,
1207062014,120706,Sukamulia Hilir,,,
1207062015,120706,Sukamulia Hulu,,,
1207062016,120706,Rumah Mbacang,,,
1207062017,120706,Cinta Rakyat,,,
1207062018,120706,Batu Penjemuran,,,
1207062019,120706,Kuta Tengah,,,
1207062020,120706,Namo Landur,,,
1207062021,120706,Gunung Berita,,,
1207062022,120706,Tangkahan,,,
1207062023,120706,Uruk Gedang,,,
1207062024,120706,Rumah Keben,,,
1207062025,120706,Namo Pinang,,,
1207062026,120706,Sudirejo,,,
1207062027,120706,Jaba,,,
1207062028,120706,Kuta Tualah,,,
1207062029,120706,Kwala Simeme,,,
1207062030,120706,Batu Gemuk,,,
1207062031,120706,Lau Mulgab,,,
1207062032,120706,Batu Rejo,,,
1207062033,120706,Salang Tungir,,,
1207062034,120706,Namo Mbaru,,,
1207062035,120706,Rimo Mungkur,,,
1207062036,120706,Namo Mbelin,,,
1207072001,120707,Aji Baho,,,
1207072002,120707,Biru-biru,,,
1207072003,120707,Candi Rejo,,,
1207072004,120707,Kuta Mulyo,,,
1207072005,120707,Kuala Dekah,,,
1207072006,120707,Mbaruai,,,
1207072007,120707,Mardinding Julu,,,
1207072008,120707,Namo Suro Baru,,,
1207072009,120707,Peria-ria,,,
1207072010,120707,Penen,,,
1207072011,120707,Rumah Gerat,,,
1207072012,120707,Sidodadi,,,
1207072013,120707,Sidomulyo,,,
1207072014,120707,Selamat,,,
1207072015,120707,Sarilaba Jahe,,,
1207072016,120707,Tanjung Sena,,,
1207072017,120707,Namo Tualang,,,
1207082001,120708,Talun Kenas,,,
1207082002,120708,Gunung Rintih,,,
1207082003,120708,Sumbul,,,
1207082004,120708,Tandukan Raga,,,
1207082005,120708,Limau Mungkur,,,
1207082006,120708,Negara Beringin,,,
1207082007,120708,Lau Barus Baru,,,
1207082008,120708,Juma Tombak,,,
1207082009,120708,Siguci,,,
1207082010,120708,Kuta Jurung,,,
1207082011,120708,Tala Peta,,,
1207082012,120708,Lau Rakit,,,
1207082013,120708,Penungkiren,,,
1207082014,120708,Rambai,,,
1207082015,120708,Lau Rempak,,,
1207092001,120709,Bah Perak,,,
1207092002,120709,Bandar Kuala,,,
1207092003,120709,Bah Balua,,,
1207092005,120709,Bandar Gugung,,,
1207092006,120709,Bandar Meriah,,,
1207092007,120709,Batu Gingging,,,
1207092008,120709,Bangun Purba,,,
1207092009,120709,Bangun Purba Tengah,,,
1207092010,120709,Begerpang,,,
1207092011,120709,Batu Rata,,,
1207092012,120709,Cimahi,,,
1207092014,120709,Damak Maliho,,,
1207092015,120709,Greahan,,,
1207092017,120709,Marombun Ujung Jawi,,,
1207092018,120709,Marombun Barat,,,
1207092019,120709,Mabar,,,
1207092020,120709,Perguroan,,,
1207092023,120709,Rumah Deleng,,,
1207092024,120709,Sibaganding,,,
1207092025,120709,Sialang,,,
1207092027,120709,Sukaluwei,,,
1207092030,120709,Tanjung Purba,,,
1207092032,120709,Urung Ganjang,,,
1207092033,120709,Ujung Rambe,,,
1207191038,120719,Galang Kota,,,
1207192001,120719,Tanjung Gusti,,,
1207192002,120719,Baru Titi Besi,,,
1207192003,120719,Bandar Kuala,,,
1207192004,120719,Batu Lokong,,,
1207192005,120719,Galang Suka,,,
1207192006,120719,Galang Barat,,,
1207192007,120719,Jaharum A,,,
1207192008,120719,Jaharum B,,,
1207192009,120719,Juhar Baru,,,
1207192012,120719,Keramat Gajah,,,
1207192013,120719,Kotasan,,,
1207192015,120719,Kotangan,,,
1207192016,120719,Kelapa Satu,,,
1207192019,120719,Nogorejo,,,
1207192022,120719,Paku,,,
1207192023,120719,Petumbukan,,,
1207192024,120719,Petangguhan,,,
1207192025,120719,Pisang Pala,,,
1207192026,120719,Paya Itik,,,
1207192027,120719,Pulau Tagor Batu,,,
1207192028,120719,Paya Kuda,,,
1207192029,120719,Paya Sampir,,,
1207192030,120719,Sei Putih,,,
1207192031,120719,Sei Karang,,,
1207192034,120719,Tanah Abang,,,
1207192035,120719,Timbang Deli,,,
1207192036,120719,Tanah Merah,,,
1207192037,120719,Tanjung Siporkis,,,
1207202001,120720,Tiga Juhar,,,
1207202002,120720,Tanjung Bampu,,,
1207202003,120720,Rumah Rih,,,
1207202004,120720,Liang Muda,,,
1207202005,120720,Durian IV Mbelang,,,
1207202006,120720,Tanah Gara Hulu,,,
1207202007,120720,Gunung Manupak A,,,
1207202008,120720,Bah Bah Buntu,,,
1207202009,120720,Tanjung Muda,,,
1207202010,120720,Tanjung Raja,,,
1207202011,120720,Kuta Mbelin,,,
1207202012,120720,Rumah Sumbul,,,
1207202013,120720,Ranggit-git,,,
1207202014,120720,Liang Pematang,,,
1207202015,120720,Gunung Manupak B,,,
1207202016,120720,Rumah Lengo,,,
1207202017,120720,Sipinggan,,,
1207202018,120720,Tanjung Timur,,,
1207202019,120720,Durian Tinggung,,,
1207202020,120720,Sibunga Bunga Hilir,,,
1207212001,120721,Lantasan Baru,,,
1207212002,120721,Patumbak I,,,
1207212003,120721,Patumbak II,,,
1207212004,120721,Lantasan Lama,,,
1207212005,120721,Sigara-gara,,,
1207212006,120721,Marendal I,,,
1207212007,120721,Marindal II,,,
1207212008,120721,Patumbak Kampung,,,
1207221004,120722,Deli Tua,,,
1207221005,120722,Deli Tua Timur,,,
1207221006,120722,Deli Tua Barat,,,
1207222001,120722,Kedai Durian,,,
1207222002,120722,Suka Makmur,,,
1207222003,120722,Mekar Sari,,,
1207232001,120723,Sei Semayang,,,
1207232002,120723,Lalang,,,
1207232003,120723,Puji Mulyo,,,
1207232004,120723,Paya Geli,,,
1207232005,120723,Mulio Rejo,,,
1207232006,120723,Purwodadi,,,
1207232007,120723,Sumber Melati Diski,,,
1207232008,120723,Tanjung Gusta,,,
1207232009,120723,Helvetia,,,
1207232010,120723,Medan Krio,,,
1207232011,120723,Sei Mencirim,,,
1207232012,120723,Sukamaju,,,
1207232013,120723,Sunggal Kanan,,,
1207232014,120723,Serbajadi,,,
1207232015,120723,Telaga Sari,,,
1207232016,120723,Tanjung Selamat,,,
1207232017,120723,Sei Beras Sekata,,,
1207242001,120724,Hamparan Perak,,,
1207242002,120724,Sei Baharu,,,
1207242003,120724,Klumpang Kebun,,,
1207242004,120724,Klumpang Kampung,,,
1207242005,120724,Klambir Lima Kampung,,,
1207242006,120724,Tandem Hulu II,,,
1207242007,120724,Klambir,,,
1207242008,120724,Selemak,,,
1207242009,120724,Kelambir Lima Kebun,,,
1207242010,120724,Sialang Muda,,,
1207242011,120724,Paya Bakung,,,
1207242012,120724,Tandem Hulu I,,,
1207242013,120724,Tandem Hilir I,,,
1207242014,120724,Tandem Hilir II,,,
1207242015,120724,Kota Datar,,,
1207242016,120724,Bulu Cina,,,
1207242017,120724,Kota Rantang,,,
1207242018,120724,Paluh Manan,,,
1207242019,120724,Lama,,,
1207242020,120724,Paluh Kurau,,,
1207252001,120725,Helvetia,,,
1207252002,120725,Manunggal,,,
1207252003,120725,Pematang Johar,,,
1207252004,120725,Karang Gading,,,
1207252005,120725,Telaga Tujuh,,,
1207261019,120726,Kenangan,,,
1207261020,120726,Kenangan Baru,,,
1207262001,120726,Pematang Lalang,,,
1207262002,120726,Sambirejo Timur,,,
1207262003,120726,Kolam,,,
1207262004,120726,Percut,,,
1207262005,120726,Laut Dendang,,,
1207262006,120726,Tembung,,,
1207262007,120726,Cinta Rakyat,,,
1207262008,120726,Amplas,,,
1207262009,120726,Saentis,,,
1207262010,120726,Sampali,,,
1207262011,120726,Bandar Khalipah,,,
1207262012,120726,Bandar Klippa,,,
1207262013,120726,Tanjung Selamat,,,
1207262014,120726,Tanjung Rejo,,,
1207262015,120726,Medan Estate,,,
1207262016,120726,Cinta Damai,,,
1207262017,120726,Bandar Setia,,,
1207262018,120726,Sei Rotan,,,
1207272001,120727,Sena,,,
1207272002,120727,Tumpatan Nibung,,,
1207272003,120727,Tanjung Sari,,,
1207272004,120727,Baru,,,
1207272005,120727,Batangkuis Pekan,,,
1207272006,120727,Sidodadi,,,
1207272007,120727,Bintang Meriah,,,
1207272008,120727,Bakaran Batu,,,
1207272009,120727,Paya Gambar,,,
1207272010,120727,Mesjid,,,
1207272011,120727,Sugiharjo,,,
1207281007,120728,"Lubuk Pakam I,II",,,
1207281008,120728,Lubuk Pakam III,,,
1207281009,120728,Paluh Kemiri,,,
1207281010,120728,Cemara,,,
1207281011,120728,Syahmad,,,
1207281012,120728,Petapahan,,,
1207281013,120728,Lubuk Pakam Pekan,,,
1207282001,120728,Sekip,,,
1207282002,120728,Pagar Jati,,,
1207282003,120728,Tanjung Garbus I,,,
1207282004,120728,Pasar Melintang,,,
1207282005,120728,Pagar Merbau III,,,
1207282006,120728,Bakaran Batu,,,
1207312001,120731,Tanjung Mulia,,,
1207312002,120731,Purwodadi,,,
1207312003,120731,Sidodadi Batu B,,,
1207312004,120731,Suka Mulia,,,
1207312005,120731,Jati Rejo,,,
1207312006,120731,Pagar Merbau I,,,
1207312007,120731,Pagar Merbau II,,,
1207312008,120731,Sidoharjo-I Pasar Miring,,,
1207312009,120731,Jati Baru,,,
1207312010,120731,Bandar Dolok,,,
1207312011,120731,Tanjung Garbus II,,,
1207312012,120731,Tanjung Garbus Kampung,,,
1207312013,120731,Perbarakan,,,
1207312014,120731,Sukamandi Hilir,,,
1207312015,120731,Sukamandi Hulu,,,
1207312016,120731,Sumberejo,,,
1207322001,120732,Sei Tuan,,,
1207322002,120732,Tengah,,,
1207322003,120732,Bagan Serdang,,,
1207322004,120732,Rantau Panjang,,,
1207322005,120732,Regemuk,,,
1207322006,120732,Kubah Sentang,,,
1207322007,120732,Pantai Labu Pekan,,,
1207322008,120732,Pantai Labu Baru,,,
1207322009,120732,Ramunia 1,,,
1207322010,120732,Ramunia 2,,,
1207322011,120732,Perkebunan Ramunia,,,
1207322012,120732,Denai Lama,,,
1207322013,120732,Denai Kuala,,,
1207322014,120732,Denai Sarang Burung,,,
1207322015,120732,Binjai Bakung,,,
1207322016,120732,Paluh Sibaji,,,
1207322017,120732,Kelambir,,,
1207322018,120732,Durian,,,
1207322019,120732,Pematang Biara,,,
1207332001,120733,Serdang,,,
1207332002,120733,Sidourip,,,
1207332003,120733,Aras Kabu,,,
1207332004,120733,Pasar VI Kuala Namu,,,
1207332005,120733,Eplasmen Kuala Namu,,,
1207332006,120733,Pasar V Kebun Kelapa,,,
1207332007,120733,Beringin,,,
1207332008,120733,Sidoarjo II Ramunia,,,
1207332009,120733,Karang Anyar,,,
1207332010,120733,Sidodadi Ramunia,,,
1207332011,120733,Tumpatan,,,
1208012001,120801,Silampuyang,,,
1208012002,120801,Marihat Baris,,,
1208012003,120801,Dolok Marlawan,,,
1208012004,120801,Rambung Merah,,,
1208012005,120801,Silou Manik,,,
1208012006,120801,Sejahtera,,,
1208012007,120801,Siantar Estate,,,
1208012008,120801,Karang Bangun,,,
1208012009,120801,Nusa Harapan,,,
1208012010,120801,Sitalasari,,,
1208012011,120801,Lestari Indah,,,
1208012012,120801,Laras Dua,,,
1208012013,120801,Dolok Hataran,,,
1208012014,120801,Pantoan Maju,,,
1208012015,120801,Pematang Simalungun,,,
1208012016,120801,Silau Malaha,,,
1208012017,120801,Pematang Silampuyang,,,
1208022001,120802,Dolok Malela,,,
1208022002,120802,Senio,,,
1208022003,120802,Pematang Asilum,,,
1208022004,120802,Serapuh,,,
1208022005,120802,Margo Mulyo,,,
1208022006,120802,Silulu,,,
1208022007,120802,Silau Malela,,,
1208022008,120802,Bandar Siantar,,,
1208022009,120802,Pamatang Gajing,,,
1208022010,120802,Bangun,,,
1208022011,120802,Nagori Malela,,,
1208022012,120802,Bukit Maraja,,,
1208022013,120802,Pamatang Syahkuda,,,
1208022014,120802,Marihat Bukit,,,
1208022015,120802,Syahkuda Bayu,,,
1208022016,120802,Lingga,,,
1208032001,120803,Silau Bayu,,,
1208032002,120803,Karang Anyer,,,
1208032003,120803,Karang Rejo,,,
1208032004,120803,Karang Sari,,,
1208032005,120803,Tumorang,,,
1208032006,120803,Rabuhit,,,
1208032007,120803,Hutadipar,,,
1208032008,120803,Ganjing,,,
1208032009,120803,Bandar Malela,,,
1208041011,120804,Panei Tongah,,,
1208042001,120804,Janggir Leto,,,
1208042002,120804,Simpang Pane Raya,,,
1208042003,120804,Siborna,,,
1208042004,120804,Sipoldas,,,
1208042005,120804,Bangun Rakyat,,,
1208042006,120804,Sigodang,,,
1208042007,120804,Sigodang Barat,,,
1208042008,120804,Bah Bolon Tonga,,,
1208042009,120804,Mekar Sari Raya,,,
1208042010,120804,Simantin Pane Dame,,,
1208042012,120804,Simpang Raya Dasma,,,
1208042013,120804,Bangun Das Mariah,,,
1208042014,120804,Bangun Sitolu Bah,,,
1208042015,120804,Bah Liran Siborna,,,
1208042016,120804,Nauli Baru,,,
1208042017,120804,Rawang Pardomuan Nauli,,,
1208052001,120805,Panombeian,,,
1208052002,120805,Pematang Panombean,,,
1208052003,120805,Nagori Bosar,,,
1208052004,120805,Marjandi,,,
1208052005,120805,Simpang Panei,,,
1208052006,120805,Talun Kondot,,,
1208052007,120805,Simbolon Tengkoh,,,
1208052008,120805,Pematang Pane,,,
1208052009,120805,Marjandi Pisang,,,
1208052010,120805,Banuh Raya,,,
1208052011,120805,Rukun Mulyo,,,
1208061008,120806,Tiga Balata,,,
1208062001,120806,Kasindir,,,
1208062002,120806,Sibunga Bunga,,,
1208062003,120806,Jorlang Hataran,,,
1208062004,120806,Bah Sampuran,,,
1208062005,120806,Bah Birong Ulu,,,
1208062006,120806,Pinang Ratus,,,
1208062007,120806,Dolok Marlawan,,,
1208062009,120806,Panombean Hutaurung,,,
1208062010,120806,Dipar Hataran,,,
1208062011,120806,Pagar Pinang,,,
1208062012,120806,Dolok Parriasan,,,
1208062013,120806,Parmonangan,,,
1208071008,120807,Sindar Raya,,,
1208072001,120807,Sambosar Raya,,,
1208072002,120807,Panduman,,,
1208072003,120807,Ambarokan Pane Raya,,,
1208072004,120807,Bah Tonang,,,
1208072005,120807,Bah Bulian,,,
1208072006,120807,Bangun Raya,,,
1208072007,120807,Durian Banggal,,,
1208072008,120807,Sorba Dolog,,,
1208072009,120807,Gunung Datas,,,
1208072010,120807,Puli Buah,,,
1208072011,120807,Banu Raya,,,
1208072012,120807,Marubun Siboras,,,
1208072013,120807,Banjaran,,,
1208081013,120808,Bosar Maligas,,,
1208082001,120808,Parbutaran,,,
1208082002,120808,Mayang,,,
1208082003,120808,Boluk,,,
1208082004,120808,Sei Mangkei,,,
1208082005,120808,Gunung Bayu,,,
1208082006,120808,Talun Saragih,,,
1208082007,120808,Dusun Pengkolan,,,
1208082008,120808,Sei Torop,,,
1208082009,120808,Marihat Tanjung,,,
1208082010,120808,Marihat Butar,,,
1208082011,120808,Teladan,,,
1208082012,120808,Adil Makmur,,,
1208082014,120808,Tempel Jaya,,,
1208082015,120808,Sidomulyo,,,
1208082016,120808,Mekar Rejo,,,
1208082017,120808,Nanggar Bayu,,,
1208091013,120809,Sarimatondang,,,
1208092001,120809,Bah Butong I,,,
1208092002,120809,Sidamanik,,,
1208092003,120809,Ambarisan,,,
1208092004,120809,Tiga Bolon,,,
1208092005,120809,Bah Butong II,,,
1208092006,120809,Bahal Gajah,,,
1208092007,120809,Manik Hataran,,,
1208092008,120809,Mekar Sidamanik,,,
1208092009,120809,Manik Maraja,,,
1208092010,120809,Bah Biak,,,
1208092011,120809,Birong Ulu Manriah,,,
1208092012,120809,Kebun Sayur Bah Butong,,,
1208092014,120809,Manik Rambung,,,
1208092015,120809,Bukit Rejo,,,
1208101009,120810,Sipolha Horison,,,
1208102001,120810,Sait Buttu Saribu,,,
1208102002,120810,Pematang Sidamanik,,,
1208102003,120810,Sarimattin,,,
1208102004,120810,Bandar Manik,,,
1208102005,120810,Jorlang Huluan,,,
1208102006,120810,Sihaporas,,,
1208102007,120810,Pematang Tambun Raya,,,
1208102008,120810,Simantin,,,
1208102010,120810,Gorak,,,
1208111018,120811,Pematang Tanah Jawa,,,
1208112001,120811,Tanjung Pasir,,,
1208112002,120811,Totap Majawa,,,
1208112003,120811,Balimbingan,,,
1208112004,120811,Baja Dolok,,,
1208112005,120811,Bosar Galugur,,,
1208112006,120811,Bah Jambi II,,,
1208112007,120811,Bah Kisat,,,
1208112008,120811,Panembean Marjanji,,,
1208112009,120811,Muara Mulia,,,
1208112010,120811,Pardamean Asih,,,
1208112011,120811,Mekar Mulia,,,
1208112012,120811,Maligas Tonga,,,
1208112013,120811,Marubun Jaya,,,
1208112014,120811,Pagar Jambi,,,
1208112015,120811,Baliju,,,
1208112016,120811,Bayu Bagasan,,,
1208112017,120811,Bah Jambi III,,,
1208112019,120811,Parbalogan,,,
1208112020,120811,Marubun Bayu,,,
1208122001,120812,Buttu Bayu,,,
1208122002,120812,Bosar Nauli,,,
1208122003,120812,Tangga Batu,,,
1208122004,120812,Buntu Turunan,,,
1208122005,120812,Saribu Asih,,,
1208122006,120812,Jawa Tonga,,,
1208122007,120812,Tonduhan,,,
1208122008,120812,Parhundalian Jw.Dipar,,,
1208122009,120812,Jawa Tongah II,,,
1208132001,120813,Negeri Dolok,,,
1208132002,120813,Dolok Parmonangan,,,
1208132003,120813,Dolok Tomuan,,,
1208132004,120813,Marihat Dolok,,,
1208132005,120813,Tiga Dolok,,,
1208132006,120813,Ujung Bondar,,,
1208132007,120813,Marihat Raja,,,
1208132008,120813,Bandar Dolok,,,
1208132009,120813,Gunung Mariah,,,
1208132010,120813,Siatasan,,,
1208132011,120813,Marihat Marsada,,,
1208132012,120813,Pondok Buluh,,,
1208132013,120813,Marihat Pondok,,,
1208132014,120813,Lumban Gorat,,,
1208132015,120813,Palianopat,,,
1208141008,120814,Tiga Runggu,,,
1208142001,120814,Purba Tongah,,,
1208142002,120814,Pematang Purba,,,
1208142003,120814,Urung Purba,,,
1208142004,120814,Purba Sipinggan,,,
1208142005,120814,Hinalang,,,
1208142006,120814,Purba Dolok,,,
1208142007,120814,Tano Tinggir,,,
1208142009,120814,Seribu Jandi,,,
1208142010,120814,Huta Raja,,,
1208142011,120814,Bandar Sauhur,,,
1208142012,120814,Bunga Sampang,,,
1208142013,120814,Nagori Tongah,,,
1208142014,120814,Urung Pane,,,
1208151005,120815,Haranggaol,,,
1208152001,120815,Nagori Purba,,,
1208152002,120815,Nagori Sihalpe,,,
1208152003,120815,Nagori Purba Horison,,,
1208152004,120815,Nagori Purba Pasir,,,
1208161003,120816,Girsang,,,
1208161004,120816,Parapat,,,
1208161005,120816,Tiga Raja,,,
1208162001,120816,Sipangan Bolon,,,
1208162002,120816,Sabaganding,,,
1208162006,120816,Sipangan Bolon Mekar,,,
1208171015,120817,Serbelawan,,,
1208171016,120817,Aman Sari,,,
1208172001,120817,Silenduk,,,
1208172002,120817,Bah Tobu,,,
1208172003,120817,Bandar Selamat,,,
1208172004,120817,Dolok Ilir I,,,
1208172005,120817,Dolok Ilir II,,,
1208172006,120817,Bahung Kahean,,,
1208172007,120817,Dolok Mainu,,,
1208172008,120817,Dolok Merangir I,,,
1208172009,120817,Dolok Merangir II,,,
1208172010,120817,Kahean,,,
1208172011,120817,Dolok Tenera,,,
1208172012,120817,Dolok Kataran,,,
1208172013,120817,Padang Mainu,,,
1208172014,120817,Bahung Huluan,,,
1208181013,120818,Huta Bayu,,,
1208182001,120818,Mariah Hombang,,,
1208182002,120818,Pulo Bayu,,,
1208182003,120818,Silakkidir,,,
1208182004,120818,Raja Maligas,,,
1208182005,120818,Dolok Sinumbah,,,
1208182006,120818,Maligas Bayu,,,
1208182007,120818,Jawa Baru,,,
1208182008,120818,Mancuk,,,
1208182009,120818,Marihat Mayang,,,
1208182010,120818,Bosar Bayu,,,
1208182011,120818,Raja Maligas I,,,
1208182012,120818,Bahal Batu,,,
1208182014,120818,Pokan Baru,,,
1208182015,120818,Manrayap Baru,,,
1208182016,120818,Talang Bayu,,,
1208192001,120819,Jawa Maraja,,,
1208192002,120819,Moho,,,
1208192003,120819,Bahalat Bayu,,,
1208192004,120819,Mekar Bahalat,,,
1208192005,120819,Tanjung Maraja,,,
1208192006,120819,Mariah Jambi,,,
1208192007,120819,Bah Joga,,,
1208192008,120819,Bah Jambi,,,
1208202001,120820,Tigaras,,,
1208202002,120820,Parik Sabungan,,,
1208202003,120820,Sibuntuon,,,
1208202004,120820,Dolok Saribu,,,
1208202007,120820,Butu Bayu Pane Raja,,,
1208202009,120820,Silabah Jaya,,,
1208202010,120820,Togu Domu Nauli,,,
1208202011,120820,Sirube-rube Gunung Purba,,,
1208202014,120820,Tanjung Saribu,,,
1208202015,120820,Sihemum Baru,,,
1208202016,120820,Nagori Bayu,,,
1208211009,120821,Kerasaan I,,,
1208211010,120821,Pematang Bandar,,,
1208212001,120821,Purwosari,,,
1208212002,120821,Talun Madear,,,
1208212003,120821,Mariah Bandar,,,
1208212004,120821,Kandangan,,,
1208212005,120821,Pardomuan Nauli,,,
1208212006,120821,Purba Ganda,,,
1208212007,120821,Kerasaan II,,,
1208212008,120821,Bandar Manis,,,
1208212011,120821,Wana Rejo,,,
1208212012,120821,Talun Rejo,,,
1208212013,120821,Purwodadi,,,
1208222001,120822,Naga Jaya I,,,
1208222002,120822,Bah Gunung,,,
1208222003,120822,Bandar Tonga,,,
1208222004,120822,Dolok Parmonangan,,,
1208222005,120822,Laras,,,
1208222006,120822,Naga Jaya II,,,
1208222007,120822,Tanjung Hataran,,,
1208222008,120822,Bandar Betsy I,,,
1208222009,120822,Bandar Betsy II,,,
1208222010,120822,Naga Soppa,,,
1208231014,120823,Perdagangan I,,,
1208231015,120823,Perdagangan III,,,
1208232001,120823,Pematang Kerasaan,,,
1208232002,120823,Marihat Bandar,,,
1208232003,120823,Nagori Bandar,,,
1208232004,120823,Bandar Rakyat,,,
1208232005,120823,Bandar Pulo,,,
1208232006,120823,Bah Lias,,,
1208232007,120823,Pardagangan II,,,
1208232008,120823,Perlanaan,,,
1208232009,120823,Sugarang Bayu,,,
1208232010,120823,Pem.Kerasaan Rejo,,,
1208232011,120823,Timbaan,,,
1208232012,120823,Bandar Jawa,,,
1208232013,120823,Sidotani,,,
1208232016,120823,Landbouw,,,
1208242001,120824,Bandar Masilam,,,
1208242002,120824,Lias Baru,,,
1208242003,120824,Bandar Silou,,,
1208242004,120824,Panombean Baru,,,
1208242005,120824,Gunung Serawan,,,
1208242006,120824,Bandar Masilam II,,,
1208242007,120824,Patimbalan,,,
1208242008,120824,Bandar Tinggi,,,
1208242009,120824,Bandar Rejo,,,
1208242010,120824,Bandar Gunung,,,
1208251012,120825,Seribu Dolok,,,
1208252003,120825,Bangun Mariah,,,
1208252004,120825,Purba Sinombah,,,
1208252006,120825,Purba Tua,,,
1208252009,120825,Purba Tua Baru,,,
1208252014,120825,Sinar Baru,,,
1208252016,120825,Purbatua Etek,,,
1208262001,120826,Cingkes,,,
1208262002,120826,Paribuan,,,
1208262003,120826,Saran Padang,,,
1208262004,120826,Mariah Dolok,,,
1208262005,120826,Marubun Lokkung,,,
1208262006,120826,Dolok Mariah,,,
1208262007,120826,Bawang,,,
1208262008,120826,Huta Saing,,,
1208262009,120826,Togur,,,
1208262010,120826,Perasmian,,,
1208262011,120826,Tanjung Purba,,,
1208262012,120826,Silau Marawan,,,
1208262013,120826,Bosi Sinumbah,,,
1208262014,120826,Ujung Bawang,,,
1208272001,120827,Simanabun,,,
1208272002,120827,Pardomuan Tongah,,,
1208272003,120827,Negeri Dolok,,,
1208272004,120827,Bandar Maruhur,,,
1208272005,120827,Silou Dunia,,,
1208272006,120827,Dolok Marawa,,,
1208272007,120827,Maria Buttu,,,
1208272008,120827,Dolok Saribu Bangun,,,
1208272009,120827,Bandar Nagori,,,
1208272010,120827,Silou Paribuan,,,
1208272011,120827,Buttu Bayu,,,
1208272012,120827,Nagori Tani,,,
1208272013,120827,Bah Sarimah,,,
1208272014,120827,Damaritang,,,
1208272015,120827,Sinasih,,,
1208272016,120827,Pardomuan Bandar,,,
1208281009,120828,Sinaksak,,,
1208282001,120828,Batu Silangit,,,
1208282002,120828,Dolok Maraja,,,
1208282003,120828,Dolok Ulu,,,
1208282004,120828,Nagur Usang,,,
1208282005,120828,Dolok Kahean,,,
1208282006,120828,Naga Dolok,,,
1208282007,120828,Purbasari,,,
1208282008,120828,Pematang Dolok Kahean,,,
1208282010,120828,Negri Bayu Muslimin,,,
1208282011,120828,Dolok Simbolon,,,
1208291001,120829,Merek Raya,,,
1208291002,120829,Dalig Raya,,,
1208291005,120829,Sondi Raya,,,
1208291011,120829,Pematang Raya,,,
1208291018,120829,Baringin Raya,,,
1208292004,120829,Raya Bayu,,,
1208292007,120829,Bahapal Raya,,,
1208292010,120829,Siporkas,,,
1208292012,120829,Sihubu Raya,,,
1208292013,120829,Raya Bosi,,,
1208292014,120829,Silou Huluan,,,
1208292015,120829,Silou Buttu,,,
1208292016,120829,Bongguran Kariahan,,,
1208292017,120829,Simbou Baru,,,
1208292020,120829,Dame Raya,,,
1208292021,120829,Limag Raya,,,
1208292022,120829,Lokkung Raya,,,
1208301001,120830,Ujung Padang,,,
1208302002,120830,Huta Parik,,,
1208302003,120830,Dusun Ulu,,,
1208302004,120830,Tinjoan,,,
1208302005,120830,Sayur Matinggi,,,
1208302006,120830,Taratak Nagodang,,,
1208302007,120830,Sordang Bolon,,,
1208302008,120830,Teluk Lapian,,,
1208302009,120830,Tanjung Rapuan,,,
1208302010,120830,Pagar Bosi,,,
1208302011,120830,Bangun Sordang,,,
1208302012,120830,Aek Gerger Sidodadi,,,
1208302013,120830,Pulo Pitu Marihat,,,
1208302014,120830,Siringan Ringan,,,
1208302015,120830,Riah Na Poso,,,
1208302016,120830,Sei Merbau,,,
1208302017,120830,Kampung Lalang,,,
1208302018,120830,Sordang Baru,,,
1208302019,120830,Banjar Hulu,,,
1208302020,120830,Rawa Masin,,,
1208312001,120831,Ujung Saribu,,,
1208312002,120831,Silimakuta Barat,,,
1208312003,120831,Siboras,,,
1208312004,120831,Mardingding,,,
1208312005,120831,Naga Saribu,,,
1208312007,120831,Saribu Jandi,,,
1208312008,120831,Sinar Naga Mariah,,,
1208312009,120831,Ujung Mariah,,,
1208312010,120831,Bandar Saribu,,,
1208312011,120831,Naga Bosar,,,
1208322001,120832,Raya Huluan,,,
1208322002,120832,Dolog Huluan,,,
1208322003,120832,Bintang Mariah,,,
1208322004,120832,Bah Bolon,,,
1208322005,120832,Raya Usang,,,
1208322006,120832,Bangun Pane,,,
1208322007,120832,Parjalangan,,,
1208322008,120832,Partuahan,,,
1208322009,120832,Sinaman Labah,,,
1208322010,120832,Pamatang Sinaman,,,
1209082002,120908,Meranti,,,
1209082004,120908,Perkebunan Sei Balai,,,
1209082011,120908,Sei Beluru,,,
1209082012,120908,Serdang,,,
1209082019,120908,Gajah,,,
1209082021,120908,Air Putih,,,
1209082022,120908,Sukajadi,,,
1209091001,120909,Binjai Serbangan,,,
1209092002,120909,Air Joman,,,
1209092003,120909,Air Joman Baru,,,
1209092005,120909,Banjar,,,
1209092007,120909,Pasar Lembu,,,
1209092008,120909,Punggulan,,,
1209092012,120909,Subur,,,
1209102001,120910,Asahan Mati,,,
1209102002,120910,Bagan Asahan,,,
1209102003,120910,Bagan Asahan Baru,,,
1209102004,120910,Bagan Asahan Pekan,,,
1209102005,120910,Kapias Batu VIII,,,
1209102006,120910,Pematang Sei Baru,,,
1209102007,120910,Sei Apung,,,
1209102008,120910,Sei Apung Jaya,,,
1209112008,120911,Sei Kepayang Tengah,,,
1209112010,120911,Sei Kepayang Kanan,,,
1209112011,120911,Sei Paham,,,
1209112014,120911,Pertahanan,,,
1209112015,120911,Perbangunan,,,
1209112016,120911,Bangun Baru,,,
1209122002,120912,Perkebunan Suka Raja,,,
1209122004,120912,Perkebunan Hessa,,,
1209122006,120912,Sei Dua Hulu,,,
1209122007,120912,Sei Lama,,,
1209122008,120912,Silomlom,,,
1209122009,120912,Simpang Empat,,,
1209122012,120912,Sipaku Area,,,
1209122013,120912,Anjung Ganjang,,,
1209132001,120913,Sei Alim Ulu,,,
1209132003,120913,Pinanggiripan,,,
1209132006,120913,Perkebunan Pulahan,,,
1209132007,120913,Hessa Perlompongan,,,
1209132008,120913,Perkebunan Air Batu I/II,,,
1209132009,120913,Perkebunan Air Batu III/IX,,,
1209132010,120913,Danau Sijabut,,,
1209132012,120913,Air Teluk Hessa,,,
1209132013,120913,Air Genting,,,
1209132014,120913,Hessa Air Genting,,,
1209132018,120913,Sijabut Teratai,,,
1209132019,120913,Pulau Pule,,,
1209142001,120914,Sei Piring,,,
1209142002,120914,Pulau Rakyat Tua,,,
1209142003,120914,Pulau Rakyat Pekan,,,
1209142004,120914,Orika,,,
1209142005,120914,Manis,,,
1209142006,120914,Tunggul 45,,,
1209142007,120914,Bangun,,,
1209142008,120914,Persatuan,,,
1209142009,120914,Padang Mahondang,,,
1209142010,120914,Ofa Padang Mahondang,,,
1209142011,120914,Baru,,,
1209142012,120914,Mekar Sari,,,
1209152003,120915,Bandar Pulau Pekan,,,
1209152005,120915,Buntu Maraja,,,
1209152006,120915,Gonting Malaha,,,
1209152010,120915,Padang Pulau,,,
1209152012,120915,Perkebunan Aek Tarum,,,
1209152016,120915,Perkebunan Padang Pulau,,,
1209152019,120915,Huta Rao,,,
1209152020,120915,Aek Nagali,,,
1209152021,120915,Gajah Sakti,,,
1209152022,120915,Gunung Berkat,,,
1209162001,120916,Ambalutu,,,
1209162002,120916,Buntu Pane,,,
1209162003,120916,Lestari,,,
1209162005,120916,Prapat Janji,,,
1209162007,120916,Sei Silau Timur,,,
1209162016,120916,Sionggang,,,
1209162017,120916,Mekar Sari,,,
1209162018,120916,Perkebunan Sei Silau,,,
1209162019,120916,Karya Ambalutu,,,
1209172001,120917,Bandar Pasir Mandoge,,,
1209172002,120917,Huta Bagasan,,,
1209172003,120917,Sei Nadoras,,,
1209172004,120917,Silau Jawa,,,
1209172005,120917,Suka Makmur,,,
1209172006,120917,Sei Kopas,,,
1209172007,120917,Huta Padang,,,
1209172008,120917,Tomuan Holbung,,,
1209172009,120917,Gotting Sidodadi,,,
1209181001,120918,Aek Loba Pekan,,,
1209182002,120918,Aek Loba Afd I,,,
1209182003,120918,Alang Bonbon,,,
1209182009,120918,Sengon Sari,,,
1209182010,120918,Lobu Jiur,,,
1209182011,120918,Rawa Sari,,,
1209182013,120918,Aek Loba,,,
1209191001,120919,Bunut,,,
1209191002,120919,Bunut Barat,,,
1209191003,120919,Dadimulyo,,,
1209191004,120919,Kisaran Barat,,,
1209191005,120919,Kisaran Baru,,,
1209191006,120919,Kisaran Kota,,,
1209191007,120919,Mekar Baru,,,
1209191008,120919,Sei Renggas,,,
1209191009,120919,Sendang Sari,,,
1209191010,120919,Sidodadi,,,
1209191011,120919,Sidomukti,,,
1209191012,120919,Tebing Kisaran,,,
1209191013,120919,Tegal Sari,,,
1209201001,120920,Teladan,,,
1209201002,120920,Siumbut Umbut,,,
1209201003,120920,Siumbut Baru,,,
1209201004,120920,Sentang,,,
1209201005,120920,Selawan,,,
1209201006,120920,Mutiara,,,
1209201007,120920,Lestari,,,
1209201008,120920,Kisaran Timur,,,
1209201009,120920,Kisaran Naga,,,
1209201010,120920,Kedai Ledang,,,
1209201011,120920,Karang Anyer,,,
1209201012,120920,Gambir Baru,,,
1209212001,120921,Aek Songsongan,,,
1209212002,120921,Perkebunan Bandar Selamat,,,
1209212003,120921,Perkebunan Bandar Pulau,,,
1209212004,120921,Aek Bamban,,,
1209212005,120921,Marjanji Aceh,,,
1209212006,120921,Lobu Rappa,,,
1209212007,120921,Tangga,,,
1209212008,120921,Situnjak,,,
1209212009,120921,Mekar Marjanji,,,
1209222001,120922,Rahuning,,,
1209222002,120922,Perkebunan Gunung Melayu,,,
1209222003,120922,Gunung Melayu,,,
1209222004,120922,Batu Anam,,,
1209222005,120922,Perkebunan Aek Nagaga,,,
1209222006,120922,Rahuning I,,,
1209222007,120922,Rahuning II,,,
1209232001,120923,Tanjung Alam,,,
1209232002,120923,Perkebunan Sei Dadap I/II,,,
1209232003,120923,Perkebunan Sei Dadap III/IV,,,
1209232004,120923,Sei Kamah I,,,
1209232005,120923,Sei Kamah II,,,
1209232006,120923,Bahung Sibatu-batu,,,
1209232007,120923,Sei Alim Hasak,,,
1209232008,120923,Tanjung Asri,,,
1209232009,120923,Sei Kamah Baru,,,
1209232010,120923,Pasiran,,,
1209242001,120924,Sei Nangka,,,
1209242002,120924,Sei Jawi-Jawi,,,
1209242003,120924,Sei Serindan,,,
1209242004,120924,Sei Tualang Pandau,,,
1209242005,120924,Sei Lendir,,,
1209242006,120924,Sei Kepayang Kiri,,,
1209252001,120925,Sei Lunang,,,
1209252002,120925,Sei Pasir,,,
1209252003,120925,Sei Tempurung,,,
1209252004,120925,Sarang Helang,,,
1209252005,120925,Sei Sembilang,,,
1209262001,120926,Tinggi Raja,,,
1209262002,120926,Sumber Harapan,,,
1209262003,120926,Terusan Tengah,,,
1209262004,120926,Piasa Ulu,,,
1209262005,120926,Sidomulyo,,,
1209262006,120926,Teladan,,,
1209262007,120926,Padang Sari,,,
1209272001,120927,Urung Pane,,,
1209272002,120927,Sei Silau Tua,,,
1209272003,120927,Sei Silau Barat,,,
1209272004,120927,Silau Maraja,,,
1209272005,120927,Bangun Sari,,,
1209282001,120928,Silo Baru,,,
1209282002,120928,Silo Lama,,,
1209282003,120928,Silo Bonto,,,
1209282004,120928,Lubuk Palas,,,
1209282005,120928,Bangun Sari,,,
1209292001,120929,Rawang Lama,,,
1209292002,120929,Rawang Baru,,,
1209292003,120929,Rawang Pasar IV,,,
1209292004,120929,Rawang Pasar V,,,
1209292005,120929,Pondok Bungur,,,
1209292006,120929,Panca Arga,,,
1209292007,120929,Rawang Pasar VI,,,
1209302001,120930,Suka Damai,,,
1209302002,120930,Perhutaan Silau,,,
1209302003,120930,Tanah Rakyat,,,
1209302004,120930,Taman Sari,,,
1209302005,120930,Gedangan,,,
1209302006,120930,Suka Makmur,,,
1209302007,120930,Pulo Bandring,,,
1209302008,120930,Sidomulyo,,,
1209302009,120930,Suka Damai Barat,,,
1209302010,120930,Bunut Seberang,,,
1209312001,120931,Air Teluk Kiri,,,
1209312002,120931,Teluk Dalam,,,
1209312003,120931,Perkebunan Teluk Dalam,,,
1209312004,120931,Pulau Maria,,,
1209312005,120931,Pulau Tanjung,,,
1209312006,120931,Mekar Tanjung,,,
1209322001,120932,Aek Bange,,,
1209322002,120932,Aek Korsik,,,
1209322003,120932,Aek Ledong,,,
1209322004,120932,Ledong Barat,,,
1209322005,120932,Aek Nabuntu,,,
1209322006,120932,Ledong Timur,,,
1209322007,120932,Padang Sipirok,,,
1210011001,121001,Padang Matinggi,,,
1210011002,121001,Siringo-Ringo,,,
1210011003,121001,Sirandorung,,,
1210011004,121001,Rantauprapat,,,
1210011005,121001,Kartini,,,
1210011006,121001,Cendana,,,
1210011007,121001,Binaraga,,,
1210011008,121001,Pulo Padang,,,
1210011009,121001,Padang Bulan,,,
1210011010,121001,Aek Paing,,,
1210021001,121002,Bakaran Batu,,,
1210021002,121002,Sioldengan,,,
1210021003,121002,Urung Kompas,,,
1210021004,121002,Ujung Bandar,,,
1210021005,121002,Sigambal,,,
1210021006,121002,Lobusona,,,
1210021007,121002,Pardamean,,,
1210021008,121002,Danau Bale,,,
1210021009,121002,Sidorejo,,,
1210072001,121007,Sibargot,,,
1210072002,121007,Bandar Kumbul,,,
1210072003,121007,Tanjung Medan,,,
1210072004,121007,Janji,,,
1210072005,121007,Tebing Linggahara,,,
1210072006,121007,AFD.I Rantauprapat,,,
1210072007,121007,AFD.II Rantauprapat,,,
1210072008,121007,Aek Buru Selatan,,,
1210072009,121007,Kampung Baru,,,
1210072010,121007,Tebing Linggahara Baru,,,
1210081001,121008,Negeri Lama,,,
1210081002,121008,Negeri Baru,,,
1210082003,121008,Perkebunan Sennah,,,
1210082004,121008,Perkebunan Negeri Lama,,,
1210082005,121008,Perkebunan Bilah,,,
1210082006,121008,Kampung Bilah,,,
1210082007,121008,Negeri Lama Seberang,,,
1210082008,121008,Sei Tampang,,,
1210082009,121008,Selat Besar,,,
1210082010,121008,Tanjung Haloban,,,
1210082011,121008,Sidomulyo,,,
1210082012,121008,Sei Tarolat,,,
1210082013,121008,Sei Kasih,,,
1210092001,121009,Lingga Tiga,,,
1210092002,121009,Tanjung Siram,,,
1210092003,121009,Pematang Seleng,,,
1210092004,121009,Perbaungan,,,
1210092005,121009,Gunung Selamat,,,
1210092006,121009,Emplasemen Aek Nabara,,,
1210092007,121009,Bandar Tinggi,,,
1210092008,121009,Kampung Dalam,,,
1210092009,121009,Pondok Batu,,,
1210092010,121009,Meranti,,,
1210092011,121009,N-1 Aek Nabara,,,
1210092012,121009,N-2 Aek Nabara,,,
1210092013,121009,N-3 Aek Nabara,,,
1210092014,121009,N-4 Aek Nabara,,,
1210092015,121009,N-5 Aek Nabara,,,
1210092016,121009,N-6 Aek Nabara,,,
1210092017,121009,N-7 Aek Nabara,,,
1210092018,121009,N-8 Aek Nabara,,,
1210092019,121009,S-1 Aek Nabara,,,
1210092020,121009,S-2 Aek Nabara,,,
1210092021,121009,S-3 Aek Nabara,,,
1210092022,121009,S-4 Aek Nabara,,,
1210092023,121009,S-5 Aek Nabara,,,
1210092024,121009,S-6 Aek Nabara,,,
1210142001,121014,Sidorukun,,,
1210142002,121014,Tebing Tinggi Pangkatan,,,
1210142003,121014,Perkebunan Pangkatan,,,
1210142004,121014,Kampung Padang,,,
1210142005,121014,Pangkatan,,,
1210142006,121014,Sennah,,,
1210142007,121014,Tanjung Harapan,,,
1210181001,121018,Labuhan Bilik,,,
1210182002,121018,Sei Pelancang,,,
1210182003,121018,Sei Siarti,,,
1210182004,121018,Sei Nahodaris,,,
1210182005,121018,Sei Merdeka,,,
1210182006,121018,Sei Rakyat,,,
1210182007,121018,Selat Beting,,,
1210182008,121018,Bagan Bilah,,,
1210182009,121018,Telaga Suka,,,
1210182010,121018,Pasar Tiga,,,
1210191001,121019,Sei Berombang,,,
1210192002,121019,Sei Penggantungan,,,
1210192003,121019,Sei Lumut,,,
1210192004,121019,Sei Tawar,,,
1210192005,121019,Sei Sanggul,,,
1210192006,121019,Sei Sakat,,,
1210192007,121019,Sei Baru,,,
1210192008,121019,Wonosari,,,
1210202001,121020,Tanjung Sarang Elang,,,
1210202002,121020,Perkebunan Ajamu,,,
1210202003,121020,Teluk Sentosa,,,
1210202004,121020,Cinta Makmur,,,
1210202005,121020,Sei Sentosa,,,
1210202006,121020,Meranti Paham,,,
1210202007,121020,Sei Jawi-Jawi,,,
1211011005,121101,Kuta Gambir,,,
1211011007,121101,Sidiangkat,,,
1211011009,121101,Batang Beruh,,,
1211011010,121101,Sidikalang,,,
1211011015,121101,Bintang Hulu,,,
1211012008,121101,Belang Malum,,,
1211012011,121101,Huta Rakyat,,,
1211012012,121101,Kalang,,,
1211012013,121101,Bintang,,,
1211012014,121101,Kalang Simbara,,,
1211012017,121101,Bintang Mersada,,,
1211021007,121102,Pagagan Julu I,,,
1211022001,121102,Pagagan Julu X,,,
1211022002,121102,Pagagan Julu IX,,,
1211022003,121102,Pagagan Julu VIII,,,
1211022004,121102,Pagagan Julu VII,,,
1211022005,121102,Pagagan Julu VI,,,
1211022006,121102,Pagagan Julu V,,,
1211022008,121102,Pagagan Julu IV,,,
1211022009,121102,Pagagan Julu III,,,
1211022010,121102,Pagagan Julu II,,,
1211022014,121102,Tanjung Beringin,,,
1211022015,121102,Dolok Tolong,,,
1211022017,121102,Pargambiran,,,
1211022018,121102,Perjuangan,,,
1211022020,121102,Kuta Gugung,,,
1211022024,121102,Sileuh-leuh Parsaoran,,,
1211022025,121102,Barisan Nauli,,,
1211022026,121102,Pangguruan,,,
1211022027,121102,Tanjung Beringin I,,,
1211032001,121103,Sumbul Tengah,,,
1211032002,121103,Ujung Teran,,,
1211032003,121103,Juma Gerat,,,
1211032004,121103,Sarintonu,,,
1211032005,121103,Tigalingga,,,
1211032006,121103,Palding,,,
1211032007,121103,Lau Bagot,,,
1211032008,121103,Bertungen Julu,,,
1211032009,121103,Lau Molgap,,,
1211032010,121103,Lau Pak-Pak,,,
1211032012,121103,Sukandebi,,,
1211032013,121103,Lau Mil,,,
1211032014,121103,Lau Sireme,,,
1211032019,121103,Polding Jaya Sumbul,,,
1211042001,121104,Sinampang,,,
1211042002,121104,Sihorbo,,,
1211042003,121104,Soban,,,
1211042004,121104,Adian Nangka,,,
1211042005,121104,Bunturaja,,,
1211042006,121104,Juma Siulok,,,
1211042007,121104,Juma Teguh,,,
1211042008,121104,Sosor Lontung,,,
1211042009,121104,Huta Imbaru,,,
1211042010,121104,Jumantuang,,,
1211042011,121104,Gomit,,,
1211042012,121104,Adian Gupa,,,
1211042013,121104,Maju,,,
1211051014,121105,Parongil,,,
1211052008,121105,Palipi,,,
1211052010,121105,Longkotan,,,
1211052011,121105,Bongkaras,,,
1211052012,121105,Tungtung Batu,,,
1211052013,121105,Polling Anak-Anak,,,
1211052015,121105,Siratah,,,
1211052016,121105,Uruk Mblin,,,
1211052017,121105,Siboras,,,
1211052018,121105,Bonian,,,
1211052019,121105,Sumbari,,,
1211052020,121105,Bakal Gajah,,,
1211052021,121105,Lae Panginuman,,,
1211052022,121105,Lae Ambat,,,
1211052023,121105,Lae Rambong,,,
1211052024,121105,Lae Pangaroan,,,
1211062001,121106,Sukadame,,,
1211062002,121106,Gunung Tua,,,
1211062003,121106,Harapan,,,
1211062004,121106,Lau Primbon,,,
1211062005,121106,Kuta Gamber,,,
1211062006,121106,Kempawa,,,
1211062007,121106,Tanah Pinem,,,
1211062008,121106,Pamah,,,
1211062009,121106,Kuta Buluh,,,
1211062010,121106,Pasir Tengah,,,
1211062011,121106,Renun,,,
1211062012,121106,Lau Tawar,,,
1211062013,121106,Balandua,,,
1211062014,121106,Mangan Molih,,,
1211062015,121106,Liang Jering,,,
1211062016,121106,Alur Subur,,,
1211062017,121106,Lau Njuhar I,,,
1211062018,121106,Pasir Mbelang,,,
1211062019,121106,Sinar Pagi,,,
1211072001,121107,Tambahan,,,
1211072002,121107,Kuta Tengah,,,
1211072003,121107,Lae Nuaha,,,
1211072004,121107,Sungai Raya,,,
1211072005,121107,Gunung Meriah,,,
1211072006,121107,Silumboyah,,,
1211072007,121107,Pandan,,,
1211072008,121107,Tualang,,,
1211072009,121107,Pangaribuan,,,
1211072010,121107,Sigambir-gambir,,,
1211072011,121107,Bakal Julu,,,
1211072012,121107,Sipoltong,,,
1211082001,121108,Lae Itam,,,
1211082002,121108,Lae Luhung,,,
1211082003,121108,Pardomuan,,,
1211082004,121108,Lae Markelang,,,
1211082005,121108,Jambur Indonesia,,,
1211082006,121108,Simungun,,,
1211082007,121108,Janji,,,
1211082008,121108,Sopo Butar,,,
1211082009,121108,Lae Sering,,,
1211082010,121108,Lae Haporas,,,
1211092001,121109,Simanduma,,,
1211092002,121109,Bandar Huta Usang,,,
1211092003,121109,Onan Lama,,,
1211092004,121109,Lingga Raja,,,
1211092005,121109,Laksa,,,
1211092006,121109,Tanjung Saluksuk,,,
1211092007,121109,Bukit Tinggi,,,
1211092008,121109,Simartugan,,,
1211092009,121109,Kuta Usang,,,
1211092010,121109,Lingga Raja II,,,
1211092011,121109,Mbinanga,,,
1211092012,121109,Bukit Baru,,,
1211092013,121109,Perrik Mbue,,,
1211102001,121110,Bangun,,,
1211102002,121110,Lae Hole,,,
1211102003,121110,Parbuluan IV,,,
1211102004,121110,Parbuluan III,,,
1211102005,121110,Parbuluan II,,,
1211102006,121110,Parbuluan I,,,
1211102007,121110,Parbuluan V,,,
1211102008,121110,Parbuluan VI,,,
1211102009,121110,Lae Hole I,,,
1211102010,121110,Lae Hole II,,,
1211102011,121110,Bangun I,,,
1211112001,121111,Sumbul,,,
1211112002,121111,Kentara,,,
1211112003,121111,Lae Parira,,,
1211112004,121111,Buluduri,,,
1211112005,121111,Sempung Polling,,,
1211112006,121111,Lumban Sihite,,,
1211112007,121111,Lumban Toruan,,,
1211112008,121111,Pandiangan,,,
1211112009,121111,Kaban Julu,,,
1211122001,121112,Bukit Lau Kersik,,,
1211122002,121112,Gunung Sitember,,,
1211122003,121112,Batu Gun Gun,,,
1211122004,121112,Rante Besi,,,
1211122005,121112,Gundaling,,,
1211122006,121112,Kendit Liang,,,
1211122007,121112,Lau Lebah,,,
1211122008,121112,Tupak Raja,,,
1211132001,121113,Sambaliang,,,
1211132002,121113,Pasi,,,
1211132003,121113,Banjar Toba,,,
1211132004,121113,Berampu,,,
1211132005,121113,Karing,,,
1211142001,121114,Silalahi II,,,
1211142002,121114,Silalahi I,,,
1211142003,121114,Paropo,,,
1211142004,121114,Silalahi III,,,
1211142005,121114,Paropo I,,,
1211151004,121115,Panji Dabutar,,,
1211152001,121115,Sitinjo,,,
1211152002,121115,Sitinjo I,,,
1211152003,121115,Sitinjo II,,,
1212011034,121201,Balige I,,,
1212011035,121201,Balige III,,,
1212011036,121201,Pardede Onan,,,
1212011037,121201,Sangkar Nihuta,,,
1212011038,121201,Lumban Dolok Hauma Bange,,,
1212011039,121201,Napitupulu Bagasan,,,
1212012003,121201,Hutanamora,,,
1212012004,121201,Hutagaol Peatalun,,,
1212012005,121201,Hinalang Bagasan,,,
1212012006,121201,Matio,,,
1212012007,121201,Lumban Pea,,,
1212012008,121201,Hutabulu Mejan,,,
1212012010,121201,Lumban Gaol,,,
1212012011,121201,Parsuratan,,,
1212012012,121201,Baruara,,,
1212012013,121201,Aek Bolon Julu,,,
1212012014,121201,Sibolahotang SAS,,,
1212012015,121201,Lumban Bulbul,,,
1212012016,121201,Sianipar Sihailhail,,,
1212012017,121201,Silalahi Pagar Batu,,,
1212012018,121201,Lumban Silintong,,,
1212012019,121201,Saribu Raja Janji Maria,,,
1212012022,121201,Longat,,,
1212012023,121201,Balige II,,,
1212012024,121201,Aek Bolon Jae,,,
1212012025,121201,Lumban Gorat,,,
1212012026,121201,Sibuntuon,,,
1212012027,121201,Siboruon,,,
1212012028,121201,Paindoan,,,
1212012029,121201,Bonan Dolok I,,,
1212012030,121201,Bonan Dolok II,,,
1212012031,121201,Bonan Dolok III,,,
1212012032,121201,Huta Dame,,,
1212012040,121201,Lumban Pea Timur,,,
1212012041,121201,Tambunan Sunge,,,
1212021001,121202,Pasar Laguboti,,,
1212022002,121202,Sibuea,,,
1212022003,121202,Sintong Marnipi,,,
1212022004,121202,Sibarani Nasampulu/Namungk,,,
1212022005,121202,Aruan,,,
1212022006,121202,Sidulang,,,
1212022007,121202,Ujung Tanduk,,,
1212022008,121202,Haunatas II,,,
1212022009,121202,Pardomuan Nauli,,,
1212022010,121202,Sitangkola,,,
1212022011,121202,Tinggir Nipasir,,,
1212022012,121202,Haunatas I,,,
1212022013,121202,Pintu Bosi,,,
1212022014,121202,Simatibung,,,
1212022015,121202,Lumban Binanga,,,
1212022016,121202,Ompu Raja Hutapea,,,
1212022017,121202,Gasaribu,,,
1212022018,121202,Pardinggaran,,,
1212022019,121202,Sitoluama,,,
1212022020,121202,Lumban Bagasan,,,
1212022021,121202,Siraja Gorat,,,
1212022022,121202,Ompu Raja Hutapea Timur,,,
1212022023,121202,Ompu Raja Hatulian,,,
1212032001,121203,Pintu Batu,,,
1212032002,121203,Sitorang,,,
1212032003,121203,Parsambilan,,,
1212032004,121203,Huta Gur- Gur II,,,
1212032005,121203,Silaen,,,
1212032006,121203,Ombur,,,
1212032008,121203,Natolutali,,,
1212032009,121203,Dalihan Natolu,,,
1212032010,121203,Sigodang Tua,,,
1212032014,121203,Sinta Dame,,,
1212032015,121203,Hutanamora,,,
1212032017,121203,Pardomuan,,,
1212032018,121203,Huta Gur-Gur I,,,
1212032022,121203,Lumban Dolok,,,
1212032023,121203,Napitupulu,,,
1212032024,121203,Hutagaol Sihujur,,,
1212032025,121203,Meranti Barat,,,
1212032026,121203,Sibide Barat,,,
1212032027,121203,Sibide,,,
1212032028,121203,Simanobak,,,
1212032029,121203,Panindi,,,
1212032030,121203,Siringkiron,,,
1212032031,121203,Marbulang,,,
1212041009,121204,Parsoburan Tengah,,,
1212042002,121204,Lumban Rau Selatan,,,
1212042004,121204,Lumban Rau Barat,,,
1212042006,121204,Lumban Balik,,,
1212042007,121204,Panamparan,,,
1212042008,121204,Lumban Pinasa,,,
1212042010,121204,Parsoburan Barat,,,
1212042011,121204,Lumban Ruhap,,,
1212042012,121204,Lumban Pea,,,
1212042014,121204,Hitetano,,,
1212042017,121204,Lobu Hole,,,
1212042018,121204,Batu Nabolon,,,
1212042019,121204,Lumban Gaol,,,
1212042020,121204,Tornagodang,,,
1212042021,121204,Taon Marisi,,,
1212042022,121204,Pagar Batu,,,
1212042023,121204,Sibuntuon,,,
1212042024,121204,Pararungan,,,
1212042025,121204,Lumban Lintong,,,
1212042026,121204,Pangunjungan,,,
1212042027,121204,Lumban Pinasa Saroba,,,
1212042028,121204,Aek Ulok,,,
1212052001,121205,Meranti Utara,,,
1212052002,121205,Meranti Timur,,,
1212052003,121205,Meranti Tengah,,,
1212052007,121205,Pintu Pohan,,,
1212052008,121205,Ambar Halim,,,
1212052009,121205,Pintu Pohan Dolok,,,
1212052010,121205,Halado,,,
1212062001,121206,Natumingka,,,
1212062002,121206,Pangururan,,,
1212062003,121206,Pardomuan Nauli,,,
1212062004,121206,Lintong,,,
1212062005,121206,Rianiate,,,
1212062006,121206,Aek Unsim,,,
1212062007,121206,Purba Tua,,,
1212062008,121206,Janji Maria,,,
1212062009,121206,Pangururan II,,,
1212062010,121206,Pangururan III,,,
1212062011,121206,Hutagurgur,,,
1212062012,121206,Simare,,,
1212062013,121206,Lumban Sewa,,,
1212062014,121206,Riganjang,,,
1212062015,121206,Pasar Borbor,,,
1212071037,121207,Pasar Porsea,,,
1212071038,121207,Patane III,,,
1212071039,121207,Parparean III,,,
1212072001,121207,Patane IV,,,
1212072003,121207,Lumban Gurning,,,
1212072004,121207,Amborgang,,,
1212072005,121207,Nalela,,,
1212072007,121207,Patane II,,,
1212072022,121207,Gala Gala Pangkailan,,,
1212072023,121207,Silamosik I,,,
1212072030,121207,Parparean IV,,,
1212072031,121207,Parparean I,,,
1212072033,121207,Parparean II,,,
1212072036,121207,Patane I,,,
1212072040,121207,Patane V,,,
1212072041,121207,Simpang Sigura-Gura,,,
1212072042,121207,Raut Bosi,,,
1212081009,121208,Parsaoran Ajibata,,,
1212082001,121208,Sigapiton,,,
1212082002,121208,Pardomuan Ajibata,,,
1212082003,121208,Pardamean Ajibata,,,
1212082004,121208,Motung,,,
1212082005,121208,Horsik,,,
1212082006,121208,Sirungkungon,,,
1212082007,121208,Parsaoran Sibisa,,,
1212082008,121208,Pardamean Sibisa,,,
1212082010,121208,Pardomuan Motung,,,
1212092002,121209,Lintong Julu,,,
1212092003,121209,Hatinggian,,,
1212092004,121209,Sibaruang,,,
1212092005,121209,Jangga Toruan,,,
1212092006,121209,Sionggang Selatan,,,
1212092007,121209,Pasar Lumban Julu,,,
1212092008,121209,Sionggang Utara,,,
1212092014,121209,Sionggang Tengah,,,
1212092015,121209,Jangga Dolok,,,
1212092016,121209,Hutanamora,,,
1212092017,121209,Jonggi Nihuta,,,
1212092018,121209,Aek Natolu Jaya,,,
1212102001,121210,Dolok Saribu Janji Matogu,,,
1212102002,121210,Dolok Nagodang,,,
1212102003,121210,Lumban Binanga,,,
1212102004,121210,Partor Janji Matogu,,,
1212102005,121210,Parhabinsaran Janji Matogu,,,
1212102006,121210,Parik,,,
1212102007,121210,Sibuntuon,,,
1212102008,121210,Sigaol Barat,,,
1212102009,121210,Marom,,,
1212102010,121210,Sigaol Timur,,,
1212102012,121210,Siregar Aek Nalas,,,
1212102014,121210,Lumban Holbung,,,
1212102015,121210,Parbagasan Janji Matogu,,,
1212102016,121210,Partoruan Janji Matogu,,,
1212102017,121210,Lumban Nabolon,,,
1212102018,121210,Sampuara,,,
1212102019,121210,Dolok Saribu Lumban Nabolon,,,
1212191007,121219,Sigumpar Dangsina,,,
1212192001,121219,Marsangap,,,
1212192002,121219,Nauli,,,
1212192003,121219,Situa-tua,,,
1212192004,121219,Sigumpar,,,
1212192005,121219,Maju,,,
1212192006,121219,Dolok Jior,,,
1212192008,121219,Sigumpar Julu,,,
1212192009,121219,Sigumpar Barat,,,
1212192010,121219,Banua Huta,,,
1212202001,121220,Narumonda I,,,
1212202002,121220,Narumonda II,,,
1212202003,121220,Narumonda III,,,
1212202004,121220,Narumonda IV,,,
1212202005,121220,Narumonda V,,,
1212202006,121220,Narumonda VI,,,
1212202007,121220,Narumonda VII,,,
1212202008,121220,Narumonda VIII,,,
1212202009,121220,Siantar Sitio Tio,,,
1212202010,121220,Siantar Dangsina,,,
1212202011,121220,Siantar Tonga-tonga I,,,
1212202012,121220,Siantar Tonga-Tonga II,,,
1212202013,121220,Siantar Sigordang,,,
1212202014,121220,Siantar Tonga-Tonga III,,,
1212212001,121221,Lumban Rau Tengah,,,
1212212002,121221,Lumban Rau Timur,,,
1212212003,121221,Lumban Rau Utara,,,
1212212004,121221,Sipagabu,,,
1212212005,121221,Napajoring,,,
1212212006,121221,Liat Tondung,,,
1212212007,121221,Batu Manumpak,,,
1212212008,121221,Lumban Rau Tenggara,,,
1212212009,121221,Cinta Damai,,,
1212212010,121221,Siantarasa,,,
1212222001,121222,Lintong Nihuta,,,
1212222002,121222,Tarabunga,,,
1212222003,121222,Meat,,,
1212222004,121222,Gurgur Aek Raja,,,
1212222005,121222,Tangga Batu Barat,,,
1212222006,121222,Tangga Batu Timur,,,
1212232001,121223,Sihiong,,,
1212232002,121223,Sinar Sabungan,,,
1212232003,121223,Lumban Lobu,,,
1212232004,121223,Harungguan,,,
1212232005,121223,Naga Timbul,,,
1212232006,121223,Sibadihon,,,
1212232007,121223,Silamosik II,,,
1212232011,121223,Partoruan Lumban Lobu,,,
1212232012,121223,Pardolok Lumban Lobu,,,
1212232013,121223,Silombu,,,
1212232014,121223,Lumban Sangkalan,,,
1212232015,121223,Nagatimbul Timur,,,
1212242001,121224,Siantar Utara,,,
1212242002,121224,Lumban Sitorus,,,
1212242003,121224,Banjar Ganjang,,,
1212242004,121224,Tangga Batu I,,,
1212242005,121224,Tangga Batu II,,,
1212242006,121224,Pangombusan,,,
1212242007,121224,Jonggi Manulus,,,
1212242008,121224,Lumban Huala,,,
1212242009,121224,Dolok Nauli,,,
1212242010,121224,Bius Gu Barat,,,
1212242011,121224,Lumban Manurung,,,
1213011011,121301,Kota Siantar,,,
1213011014,121301,Kayu Jati,,,
1213011022,121301,Pasar Hilir,,,
1213011023,121301,Pidoli Dolok,,,
1213011031,121301,Panyabungan II,,,
1213011032,121301,Panyabungan III,,,
1213011033,121301,Panyabungan I,,,
1213011035,121301,Sipolu-Polu,,,
1213011036,121301,Dalan Lidang,,,
1213012001,121301,Adian Jior,,,
1213012002,121301,Aek Banir,,,
1213012003,121301,Aek Mata,,,
1213012004,121301,Darussalam,,,
1213012005,121301,Gunung Barani,,,
1213012006,121301,Gunung Manaon,,,
1213012007,121301,Gunung Tua Jae,,,
1213012008,121301,Gunung Tua Julu,,,
1213012009,121301,Gunung Tua Tonga,,,
1213012010,121301,Huta Lombang Lubis,,,
1213012012,121301,Ipar Bondar,,,
1213012013,121301,Kampung Padang,,,
1213012015,121301,Lumban Pasir,,,
1213012016,121301,Manyabar,,,
1213012017,121301,Pagaran Tonga,,,
1213012018,121301,Panyabungan Jae,,,
1213012019,121301,Panyabungan Julu,,,
1213012020,121301,Panyabungan Tonga,,,
1213012021,121301,Perbangunan,,,
1213012024,121301,Pidoli Lombang,,,
1213012025,121301,Salam Bue,,,
1213012026,121301,Sarak Matua,,,
1213012027,121301,Sigalapang Julu,,,
1213012028,121301,Siobon Julu,,,
1213012029,121301,Sipapaga,,,
1213012030,121301,Sopobatu,,,
1213012037,121301,Siobon Jae,,,
1213012038,121301,Panggorengan,,,
1213012039,121301,Saba Jambu,,,
1213012040,121301,Manyabar Jae,,,
1213021012,121302,Mompang Jae,,,
1213022002,121302,Beringin Jaya,,,
1213022007,121302,Huta damai,,,
1213022008,121302,Jambur Padang Matinggi,,,
1213022009,121302,Kampung Baru,,,
1213022010,121302,Mompang Julu,,,
1213022014,121302,Rumbio,,,
1213022015,121302,Suka Ramai,,,
1213022017,121302,Sopo Sorik,,,
1213022018,121302,Simanondong,,,
1213022019,121302,Torbanua Raja,,,
1213022020,121302,Tanjung Mompang,,,
1213031002,121303,Gunung Baringin,,,
1213032001,121303,Aek Nabara,,,
1213032003,121303,Hutaimbaru,,,
1213032004,121303,Huta Bangun,,,
1213032005,121303,Huta Tinggi,,,
1213032006,121303,Pagur,,,
1213032007,121303,Pardomuan,,,
1213032008,121303,Parmompang,,,
1213032009,121303,Ranto Natas,,,
1213032010,121303,Sirangkap,,,
1213032011,121303,Tanjung,,,
1213032012,121303,Tebing Tinggi,,,
1213032013,121303,Tanjung Julu,,,
1213032014,121303,Banjar Lancat,,,
1213032015,121303,Padang Laru,,,
1213041009,121304,Tano Bato,,,
1213042001,121304,Aek Ngali,,,
1213042002,121304,Hutarimbaru,,,
1213042003,121304,Hayuraja,,,
1213042004,121304,Huta Julu,,,
1213042005,121304,Kayu Laut,,,
1213042006,121304,Lumban Dolok,,,
1213042007,121304,Roburan Dolok,,,
1213042008,121304,Roburan Lombang,,,
1213042010,121304,Huta Raja,,,
1213042011,121304,Pagaran Gala-Gala,,,
1213051006,121305,Longat,,,
1213052001,121305,Barbaran,,,
1213052002,121305,Barbaran Jae,,,
1213052003,121305,Batang Gadis,,,
1213052004,121305,Huta Baringin,,,
1213052005,121305,Huta Tonga BB,,,
1213052007,121305,Runding,,,
1213052008,121305,Sirambas,,,
1213052009,121305,Saba Jior,,,
1213052010,121305,Batang Gadis Jae,,,
1213061014,121306,Siabu,,,
1213061023,121306,Simangambat,,,
1213062001,121306,Aek Mual,,,
1213062002,121306,Bonan Dolok,,,
1213062003,121306,Huta Raja,,,
1213062004,121306,Huta Puli,,,
1213062005,121306,Huta Baringin,,,
1213062006,121306,Huta Godang Muda,,,
1213062007,121306,Huraba I,,,
1213062008,121306,Huraba II,,,
1213062009,121306,Lumban Pinasa,,,
1213062010,121306,Lumban Dolok,,,
1213062011,121306,Muara Btg. Angkola,,,
1213062012,121306,Pintu Padang Jae,,,
1213062013,121306,Pintu Padang Julu,,,
1213062015,121306,Sibaruang,,,
1213062016,121306,Sihepeng,,,
1213062017,121306,Simaninggir,,,
1213062018,121306,Sinonoan,,,
1213062019,121306,Tangga Bosi II,,,
1213062020,121306,Tanjung Sialang,,,
1213062021,121306,Tangga Bosi I,,,
1213062022,121306,Tangga Bosi III,,,
1213062024,121306,Sihepeng Sada,,,
1213062025,121306,Sihepeng Dua,,,
1213062026,121306,Sihepeng Tolu,,,
1213062027,121306,Sihepeng Opat,,,
1213062028,121306,Sihepeng Lima,,,
1213072001,121307,Bange,,,
1213072003,121307,Huta Bangun,,,
1213072005,121307,Janji Matogu,,,
1213072006,121307,Malintang Jae,,,
1213072007,121307,Malintang Julu,,,
1213072008,121307,Pasar Baru Malintang,,,
1213072010,121307,Sidojadi,,,
1213072013,121307,Lambou Darul Ihsan,,,
1213072014,121307,Huta Bangun Jae,,,
1213072015,121307,Bange Nauli,,,
1213072016,121307,Malintang,,,
1213081032,121308,Tamiang,,,
1213081036,121308,Pasar Kotanopan,,,
1213082001,121308,Batahan,,,
1213082002,121308,Botung,,,
1213082003,121308,Gading Bain,,,
1213082004,121308,Gunung Tua MS,,,
1213082005,121308,Gunung Tua SM,,,
1213082006,121308,Hutapuli,,,
1213082007,121308,Huta Padang MS,,,
1213082008,121308,Hutarimbaru SM,,,
1213082009,121308,Huta Baringin TB,,,
1213082010,121308,Huta Pungkut Jae,,,
1213082011,121308,Huta Pungkut Tonga,,,
1213082012,121308,Huta Pungkut Julu,,,
1213082014,121308,Muara Potan,,,
1213082015,121308,Muara Siambak,,,
1213082016,121308,Manambin,,,
1213082017,121308,Muara Pungkut,,,
1213082018,121308,Muara Botung,,,
1213082019,121308,Pagar Gunung,,,
1213082020,121308,Padang Bulan,,,
1213082021,121308,Patialo,,,
1213082022,121308,Saba Dolok,,,
1213082023,121308,Singengu Jae,,,
1213082024,121308,Singengu Julu,,,
1213082025,121308,Sayur Maincat,,,
1213082026,121308,Simpang Tolang Jae,,,
1213082027,121308,Simpang Tolang Julu,,,
1213082028,121308,Sibio Bio,,,
1213082029,121308,Sopo Sorik,,,
1213082030,121308,Simandolam,,,
1213082031,121308,Tombang Bustak,,,
1213082033,121308,Tobang,,,
1213082034,121308,Ujung Marisi,,,
1213082035,121308,Usor Tolang,,,
1213091008,121309,Pasar Maga,,,
1213092001,121309,Aek Marian MG,,,
1213092002,121309,Bangun Purba,,,
1213092003,121309,Maga Lombang,,,
1213092004,121309,Maga Dolok,,,
1213092005,121309,Purba Baru,,,
1213092006,121309,Purba Lamo,,,
1213092007,121309,Pangkat,,,
1213092009,121309,Siantona,,,
1213101010,121310,Laru Lombang,,,
1213102001,121310,Angin Barat,,,
1213102006,121310,Huta Tonga AB,,,
1213102007,121310,Laru Baringin,,,
1213102008,121310,Laru Bolak,,,
1213102009,121310,Laru Dolok,,,
1213102011,121310,Lumban Pasir,,,
1213102012,121310,Muara Mais,,,
1213102013,121310,Muara Mais Jambur,,,
1213102014,121310,Padang Sanggar,,,
1213102015,121310,Panjaringan,,,
1213102016,121310,Pasar Laru,,,
1213102017,121310,Pastap,,,
1213102018,121310,Pastap Julu,,,
1213102020,121310,Rao Rao Dolok,,,
1213102021,121310,Rao Rao Lombang,,,
1213102025,121310,Simangambat TB,,,
1213102026,121310,Tambangan Jae,,,
1213102027,121310,Tambangan Pasoman,,,
1213102028,121310,Tambangan Tonga,,,
1213111003,121311,Huta Godang,,,
1213112001,121311,Alahan Kae,,,
1213112002,121311,Habincaran,,,
1213112004,121311,Huta Padang UP,,,
1213112005,121311,Hutaimbaru UP,,,
1213112006,121311,Muara Saladi,,,
1213112007,121311,Patahajang,,,
1213112008,121311,Simpang Banyak Jae,,,
1213112009,121311,Simpang Banyak Julu,,,
1213112010,121311,Simpang Duhu Dolok,,,
1213112011,121311,Simpang Duhu Lombang,,,
1213112012,121311,Simpang Pining,,,
1213112013,121311,Tolang,,,
1213121019,121312,Pasar Muara Sipongi,,,
1213122001,121312,Bandar Panjang,,,
1213122002,121312,Bandar Panjang Tuo,,,
1213122007,121312,Kampung Pinang,,,
1213122008,121312,Koto Baringin,,,
1213122009,121312,Limau Manis,,,
1213122012,121312,Ranjo Batu,,,
1213122013,121312,Sibinail,,,
1213122015,121312,Simpang Mandepo,,,
1213122016,121312,Tamiang Mudo,,,
1213122017,121312,Tanjung Alai,,,
1213122020,121312,Tanjung Medan,,,
1213122021,121312,Muara Kumpulan,,,
1213122022,121312,Aek Botung,,,
1213122023,121312,Koto Boru,,,
1213122024,121312,Tanjung Larangan,,,
1213131017,121313,Muara Soma,,,
1213132001,121313,Aek Guo,,,
1213132002,121313,Aek Holbung,,,
1213132003,121313,Aek Manggis,,,
1213132004,121313,Aek Nabara,,,
1213132005,121313,Aek Nangali,,,
1213132006,121313,Ampung Julu,,,
1213132007,121313,Ampung Padang,,,
1213132008,121313,Ampung Siala,,,
1213132009,121313,Bangkelang,,,
1213132010,121313,Banjar Malayu,,,
1213132011,121313,Batu Madinding,,,
1213132012,121313,Bulu Soma,,,
1213132013,121313,Guo Batu,,,
1213132014,121313,Hadangkahan,,,
1213132015,121313,Hatupangan,,,
1213132016,121313,Muara Parlampungan,,,
1213132018,121313,Rantobi,,,
1213132019,121313,Rao Rao,,,
1213132020,121313,Simanguntong,,,
1213132021,121313,Sipogu,,,
1213132022,121313,Sopo Tinjak,,,
1213132023,121313,Tarlola,,,
1213132024,121313,Tombang Kaluang,,,
1213132025,121313,Huta Lobu,,,
1213132026,121313,Lubuk Samboa,,,
1213132027,121313,Jambur Baru,,,
1213132028,121313,Aek Baru Jae,,,
1213132029,121313,Aek Baru Julu,,,
1213132030,121313,Lubuk Bondar Panjang,,,
1213132031,121313,Tor Naincat,,,
1213141024,121314,Simpang Gambir,,,
1213141028,121314,Tapus,,,
1213142001,121314,Aek Garingging,,,
1213142002,121314,Aek Manyuruk,,,
1213142003,121314,Bandar Limabung,,,
1213142006,121314,Lancat,,,
1213142010,121314,Kampung Baru,,,
1213142011,121314,Lobung,,,
1213142014,121314,Pangkalan,,,
1213142015,121314,Perk. Simpang Gambir,,,
1213142019,121314,Sikumbu,,,
1213142021,121314,Simpang Bajole,,,
1213142022,121314,Simpang Duku,,,
1213142023,121314,Simpang Durian,,,
1213142025,121314,Simpang Koje,,,
1213142029,121314,Dalan Lidang,,,
1213142031,121314,Bonca Bayuon,,,
1213142034,121314,Perbatasan,,,
1213142035,121314,Tangsi Atas,,,
1213151011,121315,Pasar Baru Batahan,,,
1213152001,121315,Banjar Aur,,,
1213152003,121315,Batahan I,,,
1213152004,121315,Batu Sondat,,,
1213152005,121315,Bintungan Bejangkar,,,
1213152007,121315,Kampung Kapas,,,
1213152008,121315,Kuala Batahan,,,
1213152009,121315,Kubangan Tompek,,,
1213152010,121315,Muara Pertemuan,,,
1213152012,121315,Pasar Batahan,,,
1213152013,121315,Pulau Tamang,,,
1213152014,121315,Sari Kenanga Batahan,,,
1213152019,121315,Batahan II,,,
1213152020,121315,Batahan III,,,
1213152021,121315,Batahan IV,,,
1213152022,121315,Sinunukan VI,,,
1213152023,121315,Kampung Kapas I,,,
1213152024,121315,Kubangan Pandan Sari,,,
1213161008,121316,Pasar II Natal,,,
1213161025,121316,Pasar I Natal,,,
1213162001,121316,Balimbing,,,
1213162002,121316,Bintuas,,,
1213162003,121316,Bonda Kase,,,
1213162004,121316,Buburan,,,
1213162005,121316,Kampung Sawah,,,
1213162006,121316,Panggautan,,,
1213162007,121316,Pardamean Baru,,,
1213162009,121316,Pasar III Natal,,,
1213162010,121316,Pasar V Natal,,,
1213162011,121316,Patiluban Hilir,,,
1213162012,121316,Patiluban Mudik,,,
1213162013,121316,Perkebunan Patiluban,,,
1213162014,121316,Rukun Jaya,,,
1213162015,121316,Setia Karya,,,
1213162016,121316,Sikara Kara,,,
1213162017,121316,Sikara Kara I,,,
1213162018,121316,Sikara Kara II,,,
1213162019,121316,Sikara Kara III,,,
1213162020,121316,Sikara Kara IV,,,
1213162021,121316,Sundutan Tigo,,,
1213162022,121316,Taluk,,,
1213162023,121316,Tegal Sari,,,
1213162024,121316,Tunas Karya,,,
1213162026,121316,Pasar VI Natal,,,
1213162027,121316,Sinunukan V,,,
1213162028,121316,Suka Maju,,,
1213162029,121316,Sasaran,,,
1213162030,121316,Kun-Kun,,,
1213172001,121317,Batu Mundom,,,
1213172002,121317,Hutaimbaru,,,
1213172003,121317,Lubuk Kapundung,,,
1213172004,121317,Manuncang,,,
1213172005,121317,Panunggulan,,,
1213172006,121317,Pasar Singkuang I,,,
1213172007,121317,Pasar Singkuang II,,,
1213172008,121317,Rantau Panjang,,,
1213172009,121317,Sikapas,,,
1213172010,121317,Tabuyung,,,
1213172011,121317,Tagilang Julu,,,
1213172012,121317,Sali Baru,,,
1213172013,121317,Lubuk Kapundung II,,,
1213172014,121317,Suka Makmur,,,
1213182001,121318,Manisak,,,
1213182002,121318,Simpang Talap,,,
1213182003,121318,Sampuran,,,
1213182004,121318,Tandikek,,,
1213182005,121318,Gonting,,,
1213182006,121318,Bangun Saroha,,,
1213182007,121318,Huta Baringin,,,
1213182008,121318,Muara Bangko,,,
1213182009,121318,Ranto Nalinjang,,,
1213182010,121318,Banjar Maga,,,
1213182011,121318,Huta Raja,,,
1213182012,121318,Simaninggir,,,
1213182013,121318,Ranto Panjang,,,
1213182014,121318,Huta Nauli,,,
1213182015,121318,Lubuk Kancah,,,
1213182016,121318,Dua Sepakat,,,
1213182017,121318,Gunung Godang,,,
1213182018,121318,Padang Silojongan,,,
1213192001,121319,Bangun Sejati,,,
1213192002,121319,Hutarimbaru,,,
1213192003,121319,Pasar Huta Bargot,,,
1213192004,121319,Huta Bargot Lombang,,,
1213192005,121319,Huta Bargot Dolok,,,
1213192006,121319,Huta Bargot Setia,,,
1213192007,121319,Huta Bargot Nauli,,,
1213192008,121319,Mondan,,,
1213192009,121319,Sayur Maincat,,,
1213192010,121319,Kumpulan Setia,,,
1213192011,121319,Simalagi,,,
1213192012,121319,Saba Padang,,,
1213192013,121319,Binanga,,,
1213192014,121319,Huta Naingkan,,,
1213192015,121319,Huta Dangka,,,
1213202001,121320,Huta Lombang,,,
1213202002,121320,Huta Baru,,,
1213202003,121320,Handel,,,
1213202004,121320,Hutatinggi,,,
1213202005,121320,Hutanamale,,,
1213202006,121320,Hutabaringin Julu,,,
1213202007,121320,Sibanggor Jae,,,
1213202008,121320,Sibanggor Tonga,,,
1213202009,121320,Sibanggor Julu,,,
1213202010,121320,Purba Julu,,,
1213202011,121320,Huta Baringin,,,
1213212001,121321,Pakantan Dolok,,,
1213212002,121321,Pakantan Lombang,,,
1213212003,121321,Huta Gambir,,,
1213212004,121321,Huta Lancat,,,
1213212005,121321,Huta Julu,,,
1213212006,121321,Huta Toras,,,
1213212007,121321,Huta Padang,,,
1213212008,121321,Silogun,,,
1213222001,121322,Sinunukan I,,,
1213222002,121322,Sinunukan II,,,
1213222003,121322,Sinunukan III,,,
1213222004,121322,Sinunukan IV,,,
1213222005,121322,Bintungan Bejangkar Baru,,,
1213222006,121322,Banjar Aur Utara,,,
1213222007,121322,Kampung Kapas II,,,
1213222008,121322,Airapa,,,
1213222009,121322,Sido Makmur,,,
1213222010,121322,Wido Daren,,,
1213222011,121322,Wono Sari,,,
1213222012,121322,Suka Damai,,,
1213222013,121322,Pasir Putih,,,
1213222014,121322,Sinunukan I Central,,,
1213232001,121323,Tambiski,,,
1213232002,121323,Tarutung Panjang,,,
1213232003,121323,Humbang I,,,
1213232004,121323,Banua Rakyat,,,
1213232005,121323,Sayur Matua,,,
1213232006,121323,Banua Simanosor,,,
1213232007,121323,Tambiski Nauli,,,
1214012002,121401,Hilisangowola,,,
1214012005,121401,Hiliotalua,,,
1214012006,121401,Koendrafo,,,
1214012008,121401,Lawa-lawa Luo,,,
1214012016,121401,Tuhemberua,,,
1214012017,121401,Tesikhori,,,
1214012021,121401,Tumari,,,
1214012023,121401,Ewo,,,
1214012024,121401,Ko'olotano,,,
1214012026,121401,Botohilindruria,,,
1214012027,121401,Caritas Sogawunasi,,,
1214012028,121401,Orudua Lawa-lawa Luo,,,
1214012029,121401,Hilifaondrato,,,
1214022005,121402,Doli-doli Idanotae,,,
1214022007,121402,Hiliana'a Gomo,,,
1214022015,121402,Lawa-lawa Luo Gomo,,,
1214022017,121402,Lolosoni,,,
1214022023,121402,Orahili Gomo,,,
1214022024,121402,Sifaoro'asi Gomo,,,
1214022035,121402,Tanoniko'o,,,
1214022040,121402,Suka Maju Mohili,,,
1214022041,121402,Orahili Sibohou,,,
1214022042,121402,Gunung Gabungan,,,
1214022043,121402,Umbu Orahua,,,
1214032001,121403,Bawolato,,,
1214032002,121403,Bawozihono,,,
1214032003,121403,Bawo'otalua,,,
1214032004,121403,Golambanua I,,,
1214032007,121403,Hilisimaetano Balaekha,,,
1214032009,121403,Lahusa,,,
1214032014,121403,Tetezou,,,
1214032016,121403,Orahili Balaekha,,,
1214032017,121403,Harenoro,,,
1214032018,121403,Sarahililaza,,,
1214032024,121403,Hiliabolata,,,
1214032025,121403,Hiligambukha,,,
1214032026,121403,Sinar Baru Darodaro,,,
1214032027,121403,Hiliorudua,,,
1214032032,121403,Hilizomboi,,,
1214032036,121403,Oikhoda Balaekha,,,
1214032037,121403,Angorudua Balaekha,,,
1214032038,121403,Hilinawalo Balaekha,,,
1214032039,121403,Sobawagoli,,,
1214032040,121403,Lahusa I,,,
1214032041,121403,Hiliwatema,,,
1214032042,121403,Mogae,,,
1214032043,121403,Sinar Baho,,,
1214042001,121404,Duru,,,
1214042002,121404,Tuwaso,,,
1214042003,121404,Hilioromao,,,
1214042004,121404,Eho,,,
1214042005,121404,Sialema,,,
1214042006,121404,Bowonifaoso,,,
1214042007,121404,Hilianombasela,,,
1214042008,121404,Lumbui Melayu,,,
1214042009,121404,Hiliorodua Tebolo,,,
1214042010,121404,Tebolo Melayu,,,
1214042021,121404,Lumbui Nias,,,
1214042022,121404,Baruyu Sibohou,,,
1214042023,121404,Sepakat,,,
1214042024,121404,Tano Mokinu,,,
1214042025,121404,Hilikana,,,
1214042026,121404,Hilinifaese,,,
1214042027,121404,Omega,,,
1214051046,121405,Pasar Pulau Tello,,,
1214052001,121405,Hiliotalua,,,
1214052002,121405,Bawodobara,,,
1214052003,121405,Bawo'amahelato,,,
1214052004,121405,Bawo'omasio,,,
1214052005,121405,Loboi,,,
1214052006,121405,Hiliamaodula,,,
1214052007,121405,Baruyu Lasara,,,
1214052008,121405,Sifitu Ewali,,,
1214052009,121405,Rapa-rapa Melayu,,,
1214052010,121405,Sinauru,,,
1214052011,121405,Siofa Ewali,,,
1214052012,121405,Simaluaya,,,
1214052013,121405,Silima Ewali,,,
1214052014,121405,Sidua Ewali,,,
1214052027,121405,Balogia,,,
1214052029,121405,Lasonde,,,
1214052041,121405,Koto,,,
1214052048,121405,Onaya,,,
1214052049,121405,Sisarahili,,,
1214052051,121405,Sebuasi,,,
1214052054,121405,Orahili,,,
1214061008,121406,Pasar Teluk Dalam,,,
1214062006,121406,Hiligeho,,,
1214062007,121406,Hilitobara,,,
1214062009,121406,Bawonifaoso,,,
1214062010,121406,Bawozaua,,,
1214062011,121406,Hiliganowo,,,
1214062023,121406,Bawodobara,,,
1214062024,121406,Bawolowalani,,,
1214062025,121406,Hilisao'otoniha,,,
1214062026,121406,Hilisondrekha,,,
1214062040,121406,Hiliamuri,,,
1214062042,121406,Hiliana'a,,,
1214062043,121406,Hiliganowo Salo'o,,,
1214062044,121406,Ganowo Saua,,,
1214062045,121406,Nanowa,,,
1214062046,121406,Hililaza,,,
1214072004,121407,Sifaoroasi,,,
1214072005,121407,Hilihoru,,,
1214072006,121407,Hilimbulawa,,,
1214072008,121407,Tuindrao,,,
1214072009,121407,Hilimbowo,,,
1214072011,121407,Mohili,,,
1214072012,121407,Lolozaria,,,
1214072013,121407,Lolomoyo,,,
1214072014,121407,Hilifadolo,,,
1214072015,121407,Orahili Eho,,,
1214072016,121407,Sisobahili,,,
1214072023,121407,Loloabolo,,,
1214072024,121407,Hilisalo'o,,,
1214072026,121407,Sirofi,,,
1214072027,121407,Hilindraso,,,
1214072028,121407,Hilimaera,,,
1214072029,121407,Boholu,,,
1214072030,121407,Amandraya,,,
1214072031,121407,Sinar Ino'o,,,
1214072032,121407,Tuindrao I,,,
1214072033,121407,Tuhemberua Amandraya,,,
1214082001,121408,Amuri,,,
1214082004,121408,Bawosalo'o Siwalawa,,,
1214082009,121408,Hilifadolo,,,
1214082014,121408,Lolofaoso,,,
1214082015,121408,Lolomoyo,,,
1214082016,121408,Lolowau,,,
1214082017,121408,Lolohowa,,,
1214082022,121408,Sisarahili Ekholo,,,
1214082030,121408,Tuhegafoa,,,
1214082033,121408,Botohili,,,
1214082035,121408,Hilikara,,,
1214082044,121408,Samiri,,,
1214082047,121408,Hilimbowo Siwalawa,,,
1214082048,121408,Nituwu Boho,,,
1214092001,121409,Sifalago Susua,,,
1214092002,121409,Orahili Susua,,,
1214092003,121409,Hiliana'a Susua,,,
1214092004,121409,Hiliorahua,,,
1214092005,121409,Hilimboe,,,
1214092006,121409,Hilimboho,,,
1214092008,121409,Hiliwaebu,,,
1214092009,121409,Hilidanayao,,,
1214092010,121409,Hilizamurugo,,,
1214092011,121409,Sisobahili,,,
1214092012,121409,Dao-dao Zanuwo,,,
1214092013,121409,Hiliorudua,,,
1214092014,121409,Bintang Baru,,,
1214092015,121409,Hilitobara Susua,,,
1214092016,121409,Orahua Uluzoi,,,
1214092017,121409,Hilisibohou,,,
1214092018,121409,Hiliadulosoi,,,
1214092019,121409,Orahili Bo'e,,,
1214102001,121410,Hilisimaetano,,,
1214102002,121410,Bawogosali,,,
1214102003,121410,Hilifalawu,,,
1214102005,121410,Samadaya Hilisimaetano,,,
1214102006,121410,Idala Jaya Hilisimaetano,,,
1214102007,121410,Pekan Hilisimaetano,,,
1214102008,121410,Bonia Hilisimaetano,,,
1214102009,121410,Ndraso Hilisimaetano,,,
1214102010,121410,Faomasi Hilisimaetano,,,
1214102011,121410,Eho Hilisimaetano,,,
1214102012,121410,Soto'o Hilisimaetano,,,
1214102013,121410,Hiliaurifa Hilisimaetano,,,
1214102015,121410,Bawohosi Maniamolo,,,
1214102016,121410,Bawosaodano,,,
1214112001,121411,Togizita,,,
1214112002,121411,Soledua,,,
1214112003,121411,Bawosalo'o Dao-dao,,,
1214112004,121411,Tuho'owo,,,
1214112005,121411,Togizita I,,,
1214112007,121411,Hilitoese,,,
1214112008,121411,Dao-dao Sowo,,,
1214112009,121411,Hiliadulo,,,
1214112010,121411,Soledua I,,,
1214112011,121411,Soledua II,,,
1214122001,121412,Hilisataro,,,
1214122002,121412,Hilinamoniha,,,
1214122003,121412,Hiliamaetaluo,,,
1214122004,121412,Bawoganowo,,,
1214122005,121412,Hili'alawa,,,
1214122006,121412,Hilindrasoniha,,,
1214122007,121412,Hilimagari,,,
1214122008,121412,Hilisataro Raya,,,
1214122009,121412,Hilisataro Gewa,,,
1214122010,121412,Hilisoromi,,,
1214122011,121412,Hiliasi,,,
1214122012,121412,Hilindraso Raya,,,
1214122013,121412,Hilisataro Nandisa,,,
1214122014,121412,Hilisataro Eho Sofayo,,,
1214132001,121413,Hilizalo'otano,,,
1214132002,121413,Hilinawalo Mazino,,,
1214132003,121413,Lawindra,,,
1214132004,121413,Bawolahusa,,,
1214132005,121413,Hilizoroi Lawa,,,
1214132006,121413,Hilizalo'otano Laowo,,,
1214132007,121413,Hilizalo'otano Larono,,,
1214132008,121413,Hililaza Hilinawalo Mazino,,,
1214132009,121413,Hilifondege Hilizoroilawa,,,
1214132010,121413,Lolomboli,,,
1214132011,121413,Bawolahusa Doli-doli,,,
1214142001,121414,Lawindra,,,
1214142003,121414,Sifaoro'asi Mola,,,
1214142004,121414,Hiliuso,,,
1214142005,121414,Balohili Mola,,,
1214142006,121414,Ambukha,,,
1214142007,121414,Tobualo,,,
1214142008,121414,Hilibadalu,,,
1214142009,121414,Foikhugaga,,,
1214142010,121414,Orlin,,,
1214142011,121414,Orahili Mola,,,
1214142012,121414,Umbunasi,,,
1214152001,121415,Hilitotao,,,
1214152002,121415,Hiliorudua,,,
1214152003,121415,Sisobambowo,,,
1214152004,121415,Hiliamauzula,,,
1214152005,121415,Aramo,,,
1214152006,121415,Sikhorilafau,,,
1214152007,121415,Hilifadolo,,,
1214152008,121415,Hume,,,
1214152009,121415,Dao-dao,,,
1214152010,121415,Hilimagiao,,,
1214152011,121415,Hilisawato,,,
1214152012,121415,Balohao,,,
1214152013,121415,Hiligafoa,,,
1214152014,121415,Hilimbowo,,,
1214152015,121415,Hilimezaya,,,
1214152016,121415,Hiliadolowa,,,
1214152017,121415,Hiligumbu,,,
1214152018,121415,Bagoa,,,
1214162001,121416,Labuhan Hiu,,,
1214162002,121416,Labuhan Bazau,,,
1214162003,121416,Labuan Rima,,,
1214162004,121416,Lambak,,,
1214162005,121416,Bais,,,
1214162006,121416,Mahang Labara,,,
1214162007,121416,Adam,,,
1214162008,121416,Labara,,,
1214162009,121416,Bais Baru,,,
1214162010,121416,Labuan Rima Baru,,,
1214172001,121417,Tetegawa'ai,,,
1214172002,121417,Hilimbaruzo,,,
1214172003,121417,Luahandroito,,,
1214172005,121417,Orahuahili,,,
1214172006,121417,Ulu Mazo,,,
1214172007,121417,Guigui,,,
1214172009,121417,Hilimaufa,,,
1214172010,121417,Siofabanua,,,
1214172011,121417,Tetegawa'ai Ehomo,,,
1214172013,121417,Tafulu,,,
1214182001,121418,Bawomataluo,,,
1214182002,121418,Orahili Fau,,,
1214182003,121418,Bawonahono,,,
1214182005,121418,Siwalawa,,,
1214182006,121418,Onohondro,,,
1214182007,121418,Hilinawalo Fau,,,
1214182008,121418,Lahusa Fau,,,
1214182011,121418,Hilizihono,,,
1214182012,121418,Hiliofonaluo,,,
1214182015,121418,Bawofanayama,,,
1214182017,121418,Hilikara Maha,,,
1214182018,121418,Hilisalawa,,,
1214182019,121418,Hiligito,,,
1214182020,121418,Siliwulawa,,,
1214182021,121418,Hilifarokha Lawa,,,
1214182022,121418,Eho Orahili,,,
1214182023,121418,Ete Batu,,,
1214192001,121419,Sambulu,,,
1214192002,121419,Orahili Ulunoyo,,,
1214192003,121419,Hiliwaebu,,,
1214192004,121419,Amorosa,,,
1214192005,121419,Marao,,,
1214192006,121419,Borowosi,,,
1214192007,121419,Hilimaera,,,
1214192008,121419,Suka Maju,,,
1214192009,121419,Loloana'a,,,
1214192010,121419,Hilifakhe,,,
1214192011,121419,Bawo Lolomatua,,,
1214192012,121419,Ambukha I,,,
1214192013,121419,Puncak Lolomatua,,,
1214202001,121420,Ehosakhozi,,,
1214202002,121420,Bawohosi,,,
1214202003,121420,Hilizoliga,,,
1214202004,121420,Olayama,,,
1214202005,121420,Sifaoroasi,,,
1214202006,121420,Sifalago,,,
1214202007,121420,Lalimanawa,,,
1214202008,121420,Tundrumbaho,,,
1214202009,121420,Hiliuso,,,
1214202010,121420,Sisarahili Huruna,,,
1214202011,121420,Tarewe,,,
1214202012,121420,Fadoro Tuhemberua,,,
1214202013,121420,Hilifalawu,,,
1214202014,121420,Luahamofakhe,,,
1214202015,121420,Sifaoroasi Huruna,,,
1214202016,121420,Hilimanawa,,,
1214202017,121420,Mombawa Oladano,,,
1214212001,121421,Hilinamazihono,,,
1214212002,121421,Hilimbowo,,,
1214212003,121421,Simandraolo,,,
1214212004,121421,Bawosalo'o Bawoluo,,,
1214212005,121421,Hilimbuasi,,,
1214212006,121421,Simandraolo O'o'u,,,
1214212007,121421,Lolomaya,,,
1214212008,121421,Suka Maju,,,
1214212009,121421,Hiliorudua,,,
1214212010,121421,Hilinamazihono Moale,,,
1214212011,121421,Balohili O'o'u,,,
1214222001,121422,Fadoro Ewo,,,
1214222002,121422,Soroma'asi,,,
1214222003,121422,Lauso,,,
1214222004,121422,Sisarahili Oyo,,,
1214222005,121422,Sisobahili Huruna,,,
1214222006,121422,Onohazumba,,,
1214222007,121422,Hiliweto,,,
1214222008,121422,Orahili Huruna,,,
1214222009,121422,Tetehosi,,,
1214222010,121422,Helefanikha,,,
1214232001,121423,Maluo,,,
1214232002,121423,Hiliadulo,,,
1214232003,121423,Umbuasi,,,
1214232004,121423,Sisobahili Siwalawa,,,
1214232005,121423,Manawadano,,,
1214232006,121423,Talio,,,
1214232007,121423,Anaoma,,,
1214232008,121423,Berua Siwalawa,,,
1214232009,121423,Umbuasi Barat,,,
1214232010,121423,Hiligodu,,,
1214232011,121423,Bukit Burasi,,,
1214242001,121424,Fondrakoraya,,,
1214242002,121424,Orudua Sibohou,,,
1214242003,121424,Sisarahili Susua,,,
1214242004,121424,Susua,,,
1214242005,121424,Lahusa Susua,,,
1214242006,121424,Ramba-ramba,,,
1214242007,121424,Hilinifaoso,,,
1214242008,121424,Sifaoroasi,,,
1214242009,121424,Amandraya,,,
1214242010,121424,Foikhu Fondrako,,,
1214242011,121424,Hiliwosi,,,
1214242012,121424,Orahili Fondrako,,,
1214252001,121425,Mondrowe,,,
1214252002,121425,Hilidohona,,,
1214252003,121425,Hililaora,,,
1214252004,121425,Uluidanoduo,,,
1214252005,121425,Umbu Sohahau,,,
1214252006,121425,Hilisao'oto,,,
1214252007,121425,Taluzusua,,,
1214252008,121425,Hilizanuwo,,,
1214252009,121425,Hoya,,,
1214252010,121425,Na'ai,,,
1214252011,121425,Olanori,,,
1214262001,121426,Sifitubanua,,,
1214262002,121426,Siwalu Banua,,,
1214262003,121426,Sitolu Banua,,,
1214262004,121426,Silima Banua,,,
1214262005,121426,Mehaga,,,
1214262006,121426,Sihare'o,,,
1214262007,121426,Golambanua II,,,
1214262008,121426,Oladano,,,
1214262009,121426,Fanedanu,,,
1214262010,121426,Hiliorahua Tasua,,,
1214262011,121426,Somambawa,,,
1214262012,121426,Gabungan Tasua,,,
1214262013,121426,Hilialawa,,,
1214262014,121426,Sinar Susua,,,
1214272001,121427,Sifalago Gomo,,,
1214272002,121427,Balohili Gomo,,,
1214272003,121427,Bohalu,,,
1214272004,121427,Orsedes,,,
1214272005,121427,Sinar Helaowo,,,
1214272006,121427,Siholi,,,
1214272007,121427,Tuhegafoa,,,
1214272008,121427,Perjuangan,,,
1214272009,121427,Lewa-lewa,,,
1214272010,121427,Siraha,,,
1214282001,121428,Gobo,,,
1214282002,121428,Silina,,,
1214282003,121428,Maufa,,,
1214282004,121428,Gondia,,,
1214282005,121428,Gobo Baru,,,
1214282006,121428,Silina Baru,,,
1214292001,121429,Fuge,,,
1214292002,121429,Luaha Idano Pono,,,
1214292003,121429,Sigese,,,
1214292004,121429,Bawositora,,,
1214292005,121429,Bintuang,,,
1214292006,121429,Sibaranun,,,
1214292007,121429,Bawolawindra,,,
1214292008,121429,Hayo,,,
1214292009,121429,Hilizamorogotano,,,
1214302001,121430,Siofa Banua Lorang,,,
1214302002,121430,Silima Banua Marit,,,
1214302003,121430,Zia Biang,,,
1214302004,121430,Limo Biang,,,
1214302005,121430,Memong,,,
1214302006,121430,Bale-bale,,,
1214302007,121430,Teluk Limo,,,
1214302008,121430,Wawa,,,
1214302009,121430,Marit Baru,,,
1214302010,121430,Majino Lorang,,,
1214302011,121430,Afore Gobo,,,
1214302012,121430,Bale-bale Sibohou,,,
1214312001,121431,Baluta,,,
1214312002,121431,Eho Baluta,,,
1214312003,121431,Bawo Ofuloa,,,
1214312004,121431,Hale Baluta,,,
1214312005,121431,Bawo Orudua,,,
1214312006,121431,Jeke,,,
1214312007,121431,Makole,,,
1214312008,121431,Sifauruasi,,,
1214312009,121431,Bawo Analita Saeru,,,
1214312010,121431,Saeru Melayu,,,
1214312011,121431,Hiligeho Sogawu,,,
1214312012,121431,Hiliomasio,,,
1214322001,121432,Botohilitano,,,
1214322002,121432,Botohilisalo'o,,,
1214322003,121432,Lagundri,,,
1214322004,121432,Orahili Faomasi,,,
1214322005,121432,Hiliamaetaniha,,,
1214322006,121432,Sondregeasi,,,
1214322007,121432,Botohili Silambo,,,
1214322008,121432,Botohili Sorake,,,
1214322009,121432,Hilimaenamolo,,,
1214322010,121432,Bawomaenamolo,,,
1214332001,121433,Hilifalago,,,
1214332002,121433,Hilimondregeraya,,,
1214332003,121433,Hilinamozaua,,,
1214332004,121433,Hilifarono,,,
1214332005,121433,Hilionaha,,,
1214332006,121433,Hilikara,,,
1214332007,121433,Hilialito Saua,,,
1214332008,121433,Hilinamozaua Raya,,,
1214332009,121433,Hilifalago Raya,,,
1214332010,121433,Hilisanekhehosi,,,
1214342001,121434,Fanedanu,,,
1214342002,121434,Fanedanu Sibohou,,,
1214342003,121434,Lawa-lawa Luo Idanotae,,,
1214342004,121434,Dao-dao Zanuwo Idano Tae,,,
1214342005,121434,Sisiwa Ewali,,,
1214342006,121434,Sisarahili Ewo,,,
1214342007,121434,Hilialo'oa,,,
1214342008,121434,Damai,,,
1214342009,121434,Lolozukhu,,,
1214342010,121434,Silima Banua Umbunasi,,,
1214342011,121434,Sindrolo,,,
1214352001,121435,Lahusa Idanotae,,,
1214352002,121435,Hiliserangkai,,,
1214352003,121435,Orahua,,,
1214352004,121435,Hilimbowo Idanotae,,,
1214352005,121435,Sirahia,,,
1214352006,121435,Umbu Idanotae,,,
1214352007,121435,Awoni,,,
1214352008,121435,Hilisalo'o,,,
1214352009,121435,Balombaruzo Orahua,,,
1214352010,121435,Harefa Orahua,,,
1214352011,121435,Hiligabungan,,,
1214352012,121435,Buhawa,,,
1215012001,121501,Tanjung Meriah,,,
1215012002,121501,Tanjung Mulia,,,
1215012003,121501,Kaban Tengah,,,
1215012004,121501,Bandar Baru,,,
1215012005,121501,Simberruna,,,
1215012006,121501,Perolihen,,,
1215012007,121501,Maholida,,,
1215012008,121501,Perjaga,,,
1215012009,121501,Malum,,,
1215012010,121501,Mbinalun,,,
1215022001,121502,Sukaramai,,,
1215022002,121502,Kuta Saga,,,
1215022003,121502,Kuta Meriah,,,
1215022004,121502,Kuta Dame,,,
1215022005,121502,Perpulungen,,,
1215022006,121502,Pardomuan,,,
1215022014,121502,Majanggut I,,,
1215022015,121502,Majanggut II,,,
1215022016,121502,Surung Mersada,,,
1215022021,121502,Perduhapen,,,
1215032001,121503,Salak I,,,
1215032002,121503,Salak II,,,
1215032003,121503,Boangmanalu,,,
1215032009,121503,Sibongkaras,,,
1215032013,121503,Kuta Tinggi,,,
1215032014,121503,Penanggalan Binanga Boang,,,
1215042001,121504,Ulumerah,,,
1215042002,121504,Pardomuan,,,
1215042003,121504,Silima Kuta,,,
1215042004,121504,Lae Langge Namuseng,,,
1215042005,121504,Cikaok,,,
1215052001,121505,Kecupak I,,,
1215052002,121505,Kecupak II,,,
1215052003,121505,Aornakan I,,,
1215052004,121505,Simerpara,,,
1215052005,121505,Aornakan II,,,
1215062001,121506,Sibagindar,,,
1215062002,121506,Napatalun Perlambuken,,,
1215062003,121506,Lae Mbentar,,,
1215062004,121506,Pagindar,,,
1215072001,121507,Kuta Babo,,,
1215072002,121507,Tinada,,,
1215072003,121507,Silima Kuta,,,
1215072004,121507,Mahala,,,
1215072005,121507,Prongil,,,
1215072006,121507,Buluh Tellang,,,
1215082001,121508,Siempat Rube II,,,
1215082002,121508,Siempat Rube I,,,
1215082003,121508,Mungkur,,,
1215082004,121508,Siempat Rube IV,,,
1215082005,121508,Kuta Jungak,,,
1215082006,121508,Traju,,,
1216012002,121601,Pusuk II Simaninggir,,,
1216012003,121601,Sionom Hudon VII,,,
1216012004,121601,Baringin,,,
1216012005,121601,Sionom Hudon Julu,,,
1216012006,121601,Sionom Hudon Tonga,,,
1216012007,121601,Sionom Hudon Utara,,,
1216012008,121601,Sionom Hudon Selatan,,,
1216012009,121601,Sionom Hudon Timur,,,
1216012010,121601,Sihotang Hasugian Tonga,,,
1216012011,121601,Pusuk I,,,
1216012012,121601,Sionom Hudon Toruan,,,
1216012013,121601,Simataniari,,,
1216012014,121601,Sionom Hudon Timur II,,,
1216012015,121601,Sihotang Hasugian Dolok II,,,
1216012016,121601,Sihotang Hasugian Habinsaran,,,
1216012017,121601,Sionom Hudon Sibulbulon,,,
1216012018,121601,Sionom Hudon Runggu,,,
1216012019,121601,Janji Hutanapa,,,
1216012020,121601,Baringin Natam,,,
1216012021,121601,Sihotang Hasugian Dolok I,,,
1216022001,121602,Parsingguran I,,,
1216022002,121602,Hutapaung,,,
1216022003,121602,Pollung,,,
1216022004,121602,Hutajulu,,,
1216022005,121602,Ria Ria,,,
1216022006,121602,Parsingguran II,,,
1216022007,121602,Pansurbatu,,,
1216022008,121602,Aek Nauli I,,,
1216022009,121602,Aek Nauli II,,,
1216022010,121602,Pandumaan,,,
1216022011,121602,Sipituhuta,,,
1216022012,121602,Pardomuan,,,
1216022013,121602,Hutapaung Utara,,,
1216032001,121603,Marbun Toruan,,,
1216032002,121603,Simamora,,,
1216032003,121603,Tipang,,,
1216032004,121603,Sinambela,,,
1216032005,121603,Simangulampe,,,
1216032006,121603,Siunong Unong Julu,,,
1216032007,121603,Marbun Tonga Marbun Dolok,,,
1216042001,121604,Sihonongan,,,
1216042002,121604,Paranginan Selatan,,,
1216042003,121604,Paranginan Utara,,,
1216042004,121604,Lumban Sialaman,,,
1216042005,121604,Pearung,,,
1216042006,121604,Lobutolong,,,
1216042007,121604,Lumban Barat,,,
1216042008,121604,Siboru Torop,,,
1216042009,121604,Pearung Silali,,,
1216042010,121604,Lumban Sianturi,,,
1216042011,121604,Lobutolong Habinsaran,,,
1216052001,121605,Sibuntuon Partur,,,
1216052002,121605,Siharjulu,,,
1216052003,121605,Sitolu Bahal,,,
1216052004,121605,Tapian Nauli,,,
1216052005,121605,Pargaulan,,,
1216052006,121605,Lobutua,,,
1216052007,121605,Dolok Margu,,,
1216052008,121605,Hutasoit I,,,
1216052009,121605,Nagasaribu I,,,
1216052010,121605,Nagasaribu II,,,
1216052011,121605,Sibuntoan Parpea,,,
1216052012,121605,Siponjot,,,
1216052013,121605,Habeahan,,,
1216052014,121605,Sigompul,,,
1216052015,121605,Bonan Dolok,,,
1216052016,121605,Sigumpar,,,
1216052017,121605,Parulohan,,,
1216052018,121605,Sitio II,,,
1216052019,121605,Hutasoit II,,,
1216052020,121605,Nagasaribu III,,,
1216052021,121605,Nagasaribu IV,,,
1216052022,121605,Nagasaribu V,,,
1216061001,121606,Pasar Dolok Sanggul,,,
1216062002,121606,Sileang,,,
1216062003,121606,Purba Manalu,,,
1216062004,121606,Pasaribu,,,
1216062005,121606,Simarigung,,,
1216062006,121606,Sampean,,,
1216062007,121606,Silaga Laga,,,
1216062008,121606,Sosor Gonting,,,
1216062009,121606,Sosor Tambok,,,
1216062010,121606,Purba Dolok,,,
1216062011,121606,Sihite I,,,
1216062012,121606,Lumban Tobing,,,
1216062013,121606,Hutabagasan,,,
1216062014,121606,Matiti II,,,
1216062015,121606,Saitnihuta,,,
1216062016,121606,Hutaraja,,,
1216062017,121606,Lumban Purba,,,
1216062018,121606,Bonanionan,,,
1216062019,121606,Parik Sinomba,,,
1216062020,121606,Sihite II,,,
1216062021,121606,Janji,,,
1216062022,121606,Pakkat,,,
1216062023,121606,Sirisirisi,,,
1216062024,121606,Hutagurgur,,,
1216062025,121606,Matiti,,,
1216062026,121606,Aek Lung,,,
1216062027,121606,Simangaronsang,,,
1216062028,121606,Sosortolong Sihite III,,,
1216072001,121607,Batunajagar,,,
1216072002,121607,Sanggaran I,,,
1216072003,121607,Sitapongan,,,
1216072004,121607,Sigulok,,,
1216072005,121607,Hutaginjang,,,
1216072006,121607,Siborboron,,,
1216072007,121607,Bonan Dolok I,,,
1216072008,121607,Bonan Dolok II,,,
1216072009,121607,Sibuntuon,,,
1216072010,121607,Nagurguran,,,
1216082001,121608,Batu Nagodang Siatas,,,
1216082002,121608,Onan Ganjang,,,
1216082003,121608,Parbotihan,,,
1216082004,121608,Sihikit,,,
1216082005,121608,Parnapa,,,
1216082006,121608,Janji Nagodang,,,
1216082007,121608,Sampe Tua,,,
1216082008,121608,Hutajulu,,,
1216082009,121608,Sibuluan,,,
1216082010,121608,Sigalogo,,,
1216082011,121608,Aek Godang Arbaan,,,
1216082012,121608,Sanggaran II,,,
1216092001,121609,Purba Bersatu,,,
1216092002,121609,Purba Baringin,,,
1216092003,121609,Karya,,,
1216092004,121609,Manalu,,,
1216092005,121609,Sijarango,,,
1216092006,121609,Tukka Dolok,,,
1216092007,121609,Siambaton,,,
1216092008,121609,Parmonangan,,,
1216092009,121609,Sipagabu,,,
1216092010,121609,Banuarea,,,
1216092011,121609,Rura Tanjung,,,
1216092012,121609,Rura Aek Sopang,,,
1216092013,121609,Lumban Tonga-Tonga,,,
1216092014,121609,Pulo Godang,,,
1216092015,121609,Pakkat Hauagong,,,
1216092016,121609,Peadungdung,,,
1216092017,121609,Sijarango I,,,
1216092018,121609,Ambobi Paranginan,,,
1216092019,121609,Purba Sianjur,,,
1216092020,121609,Siambaton Pahae,,,
1216092021,121609,Panggugunan,,,
1216092022,121609,Hauagong,,,
1216102001,121610,Tarabintang,,,
1216102002,121610,Sihotang Hasugian Toruan,,,
1216102003,121610,Sibongkare,,,
1216102004,121610,Sitanduk,,,
1216102005,121610,Sihombu,,,
1216102006,121610,Simbara,,,
1216102007,121610,Marpadan,,,
1216102008,121610,Mungkur,,,
1216102009,121610,Sibongkare Sianju,,,
1217011016,121701,Tuktuk Siadong,,,
1217012001,121701,Tomok,,,
1217012002,121701,Sihusapi,,,
1217012003,121701,Maduma,,,
1217012004,121701,Dosroha,,,
1217012005,121701,Ambarita,,,
1217012006,121701,Martoba,,,
1217012007,121701,Garoga,,,
1217012008,121701,Simanindo Sangkal,,,
1217012009,121701,Cinta Dame,,,
1217012010,121701,Huta Ginjang,,,
1217012011,121701,Pardomuan,,,
1217012012,121701,Parmonangan,,,
1217012013,121701,Parbalohan,,,
1217012014,121701,Tanjungan,,,
1217012015,121701,Simarmata,,,
1217012017,121701,Tomok Parsaoran,,,
1217012018,121701,Marlumba,,,
1217012019,121701,Simanindo,,,
1217012020,121701,Unjur,,,
1217012021,121701,Siallagan Pindaraya,,,
1217022001,121702,Pakpahan,,,
1217022002,121702,Huta Hotang,,,
1217022003,121702,Sitinjak,,,
1217022004,121702,Pardomuan,,,
1217022005,121702,Tambun Sungkean,,,
1217022006,121702,Rina Bolak,,,
1217022007,121702,Onan Runggu,,,
1217022008,121702,Sitamiang,,,
1217022009,121702,Janji Matogu,,,
1217022010,121702,Silima Lombu,,,
1217022011,121702,Sipira,,,
1217022012,121702,Harian,,,
1217031011,121703,Parhusip III,,,
1217031012,121703,Sirumahombar,,,
1217032001,121703,Pangaloan,,,
1217032002,121703,Hutarihit,,,
1217032003,121703,Sinaga Uruk Pandiangan,,,
1217032004,121703,Toguan Galung,,,
1217032005,121703,Pananggangan,,,
1217032006,121703,Pasaran Parsaoran,,,
1217032007,121703,Sipinggan Lumban Siantar,,,
1217032008,121703,Sibonor Ompu Ratus,,,
1217032009,121703,Nainggolan,,,
1217032010,121703,Pasaran I,,,
1217032013,121703,Pananggangan II,,,
1217032014,121703,Sipinggan,,,
1217032015,121703,Janji Marapot,,,
1217042001,121704,Suhutnihuta Pardomuan,,,
1217042002,121704,Gorat Pallombuan,,,
1217042003,121704,Urat II,,,
1217042004,121704,Palipi,,,
1217042005,121704,Pardomuan Nauli,,,
1217042006,121704,Hatoguan,,,
1217042007,121704,Simbolon Purba,,,
1217042008,121704,Sigaol Simbolon,,,
1217042009,121704,Urat Timur,,,
1217042010,121704,Saor Nauli Hatoguan,,,
1217042011,121704,Parsaoran Urat,,,
1217042012,121704,Hutaginjang,,,
1217042014,121704,Sigaol Marbun,,,
1217042018,121704,Hutadame,,,
1217042019,121704,Pallombuan,,,
1217042020,121704,Pamutaran,,,
1217042021,121704,Sideak,,,
1217052001,121705,Sosor Dolok,,,
1217052002,121705,Partungkonaginjang,,,
1217052003,121705,Hariara Pohan,,,
1217052004,121705,Dolok Raja,,,
1217052006,121705,Sampur Toba,,,
1217052007,121705,Siparmahan,,,
1217052008,121705,Turpuk Limbong,,,
1217052009,121705,Turpuk Sagala,,,
1217052010,121705,Turpuk Malau,,,
1217052011,121705,Turpuk Sihotang,,,
1217052012,121705,Janji Martahan,,,
1217052014,121705,Hutagalung,,,
1217052015,121705,Hariara Pintu,,,
1217062001,121706,Huta Ginjang,,,
1217062002,121706,Singkam,,,
1217062003,121706,Hasinggaan,,,
1217062004,121706,Aek Sipitudai,,,
1217062005,121706,Huta Gurgur,,,
1217062006,121706,Sianjur Mula Mula,,,
1217062007,121706,Boho,,,
1217062008,121706,Siboro,,,
1217062009,121706,Simarihit,,,
1217062010,121706,Ginolat,,,
1217062011,121706,Bonan Dolok,,,
1217062012,121706,Habeahan Naburahan,,,
1217072001,121707,Salaon Toba,,,
1217072002,121707,Lintong Nihuta,,,
1217072003,121707,Salaon Tonga Tonga,,,
1217072004,121707,Salaon Dolok,,,
1217072005,121707,Ronggur Nihuta,,,
1217072006,121707,Sabungan Nihuta,,,
1217072007,121707,Paraduan,,,
1217072008,121707,Sijambur,,,
1217081026,121708,Pasar Pangururan,,,
1217081027,121708,Pintu Sona,,,
1217081028,121708,Siogung-Ogung,,,
1217082001,121708,Lumban SS Dolok,,,
1217082002,121708,Lumban SS Torua,,,
1217082003,121708,Parbaba Dolok,,,
1217082004,121708,Huta Tinggi,,,
1217082005,121708,Parhorasan,,,
1217082006,121708,Pardomuan Nauli,,,
1217082007,121708,Parsaoran I,,,
1217082008,121708,Rianiate,,,
1217082009,121708,Huta Bolon,,,
1217082010,121708,Panampangan,,,
1217082011,121708,Pardugul,,,
1217082012,121708,Huta Namora,,,
1217082013,121708,Parlondut,,,
1217082014,121708,Tanjung Bunga,,,
1217082015,121708,Parmonangan,,,
1217082016,121708,Sait Nihuta,,,
1217082017,121708,Situngkir,,,
1217082018,121708,Sianting-Anting,,,
1217082019,121708,Sialanguan,,,
1217082020,121708,Lumban Pinggol,,,
1217082021,121708,Pardomuan I,,,
1217082022,121708,Sitolu Huta,,,
1217082023,121708,Sinabulan,,,
1217082024,121708,Aek Nauli,,,
1217082025,121708,Siopat Sosor,,,
1217092001,121709,Holbung,,,
1217092002,121709,Janji Raja,,,
1217092003,121709,Sabulan,,,
1217092004,121709,Buntu Mauli,,,
1217092005,121709,Tamba Dolok,,,
1217092006,121709,Cinta Maju,,,
1217092007,121709,Parsaoran,,,
1217092008,121709,Janji Maria,,,
1218012001,121801,Pantai Cermin Kanan,,,
1218012002,121801,Pantai Cermin Kiri,,,
1218012003,121801,Kota Pari,,,
1218012004,121801,Celawan,,,
1218012005,121801,Ujung Rambung,,,
1218012006,121801,Kuala Lama,,,
1218012007,121801,Besar II Terjun,,,
1218012008,121801,Sementara,,,
1218012009,121801,Ara Payung,,,
1218012010,121801,Pematang Kasih,,,
1218012011,121801,Lubuk Saban,,,
1218012012,121801,Naga Kisar,,,
1218021038,121802,Melati I,,,
1218021039,121802,Simpang Tiga Pekan,,,
1218021040,121802,Batang Terap,,,
1218021041,121802,Tualang,,,
1218022001,121802,Adolina,,,
1218022003,121802,Bengkel,,,
1218022005,121802,Cinta Air,,,
1218022006,121802,Citaman Jernih,,,
1218022007,121802,Deli Muda Hulu,,,
1218022008,121802,Deli Muda Hilir,,,
1218022009,121802,Jambur Pulau,,,
1218022012,121802,Kesatuan,,,
1218022013,121802,Kota Galuh,,,
1218022015,121802,Lidah Tanah,,,
1218022016,121802,Lubuk Bayas,,,
1218022017,121802,Lubuk Cemara,,,
1218022018,121802,Lubuk Dendang,,,
1218022019,121802,Lubuk Rotan,,,
1218022020,121802,Melati II,,,
1218022024,121802,Pematang Sijonam,,,
1218022025,121802,Pematang Tatal,,,
1218022028,121802,Suka Beras,,,
1218022029,121802,Sukajadi,,,
1218022031,121802,Sei Buluh,,,
1218022032,121802,Sei Nagalawan,,,
1218022033,121802,Sei Sijenggi,,,
1218022034,121802,Tanah Merah,,,
1218022035,121802,Tanjung Buluh,,,
1218032001,121803,Sei Buluh,,,
1218032002,121803,Liberia,,,
1218032003,121803,Mata Pao,,,
1218032004,121803,Pematang Setrak,,,
1218032005,121803,Makmur,,,
1218032006,121803,Pasar Baru,,,
1218032007,121803,Pekan Sialang Buah,,,
1218032008,121803,Pematang Guntung,,,
1218032009,121803,Sialang Buah,,,
1218032010,121803,Sentang,,,
1218032011,121803,Bogak Besar,,,
1218032012,121803,Pematang Kuala,,,
1218042001,121804,Cempedak Lobang,,,
1218042002,121804,Firdaus,,,
1218042004,121804,Pergulaan,,,
1218042006,121804,Sei Rampah,,,
1218042008,121804,Sei Rejo,,,
1218042009,121804,Sei Parit,,,
1218042010,121804,Silau Rakyat,,,
1218042012,121804,Firdaus Estate,,,
1218042014,121804,Pematang Ganjang,,,
1218042015,121804,Pematang Pelintahan,,,
1218042016,121804,Rambung Estate,,,
1218042017,121804,Rambung Sialang Hulu,,,
1218042018,121804,Rambung Sialang Tengah,,,
1218042019,121804,Rambung Sialang Hilir,,,
1218042024,121804,Simpang Empat,,,
1218042026,121804,Sinah Kasih,,,
1218042027,121804,Tanah Raja,,,
1218052001,121805,Pekan Tanjung Beringin,,,
1218052002,121805,Nagur,,,
1218052003,121805,Mangga Dua,,,
1218052004,121805,Sukajadi,,,
1218052005,121805,Tebing Tinggi,,,
1218052006,121805,Pematang Cermai,,,
1218052007,121805,Pematang Terang,,,
1218052008,121805,Bagan Kuala,,,
1218062001,121806,Bandar Tengah,,,
1218062002,121806,Juhar,,,
1218062003,121806,Gelam Sei Serimah,,,
1218062004,121806,Pekan Bandar Khalipah,,,
1218062005,121806,Kayu Besar,,,
1218072001,121807,Nagaraja I,,,
1218072002,121807,Panglong,,,
1218072003,121807,Bandarawan,,,
1218072004,121807,Gunung Para II,,,
1218072005,121807,Limbong,,,
1218072006,121807,Dolok Merawan,,,
1218072007,121807,Paritokan,,,
1218072008,121807,Kalembak,,,
1218072009,121807,Afd. VI Dolok Ilir,,,
1218072010,121807,Pabatu I,,,
1218072011,121807,Afd. VII Dolok Ilir,,,
1218072012,121807,Pabatu II,,,
1218072013,121807,Mainu Tengah,,,
1218072014,121807,Bahdamar,,,
1218072015,121807,Pabatu III,,,
1218072016,121807,Pabatu VI,,,
1218072017,121807,Korajim,,,
1218082001,121808,Sipispis,,,
1218082002,121808,Serbananti,,,
1218082003,121808,Bartong,,,
1218082004,121808,Marubun,,,
1218082005,121808,Pispis,,,
1218082006,121808,Baja Dolok,,,
1218082007,121808,Tinokkah,,,
1218082008,121808,Nagur Pane,,,
1218082009,121808,Parlambean,,,
1218082010,121808,Naga Raja,,,
1218082011,121808,Mariah Nagur,,,
1218082012,121808,Rimbun,,,
1218082013,121808,Marjanji,,,
1218082014,121808,Silau Padang,,,
1218082015,121808,Buluh Duri,,,
1218082016,121808,Gunung Monako,,,
1218082017,121808,Damak Urat,,,
1218082018,121808,Simalas,,,
1218082019,121808,Gunung Pane,,,
1218082020,121808,Sibarau,,,
1218091029,121809,Pekan Dolok Masihul,,,
1218092001,121809,Dame,,,
1218092002,121809,Blok 10,,,
1218092003,121809,Kota Tengah,,,
1218092004,121809,Silau Merawan,,,
1218092005,121809,Pekan Kamis,,,
1218092006,121809,Batu 12,,,
1218092007,121809,Batu 13,,,
1218092008,121809,Baja Ronggi,,,
1218092009,121809,Dolok Sagala,,,
1218092010,121809,Dolok Manampang,,,
1218092011,121809,Pardomuan,,,
1218092012,121809,Tegal Sari,,,
1218092013,121809,Pertambatan,,,
1218092015,121809,Huta Nauli,,,
1218092016,121809,Bantan,,,
1218092017,121809,Bukit Cermin Hilir,,,
1218092018,121809,Malasori,,,
1218092019,121809,Sarang Giting,,,
1218092020,121809,Durian Puloan,,,
1218092021,121809,Sarang Torop,,,
1218092022,121809,Havea,,,
1218092023,121809,Aras Panjang,,,
1218092024,121809,Martebing,,,
1218092025,121809,Kerapuh,,,
1218092026,121809,Tanjung Maria,,,
1218092027,121809,Bah Kerapuh,,,
1218092028,121809,Ujung Silau,,,
1218102001,121810,Kotarih Pekan,,,
1218102002,121810,Kotarih Baru,,,
1218102003,121810,Banjaran Godang,,,
1218102004,121810,Si Ujan Ujan,,,
1218102010,121810,Sei Kari,,,
1218102013,121810,Bandar Bayu,,,
1218102014,121810,Durian Kondot,,,
1218102015,121810,Perbahingan,,,
1218102022,121810,Sialtong,,,
1218102023,121810,Huta Galuh,,,
1218102024,121810,Rubun Dunia,,,
1218112004,121811,Batu Masagi,,,
1218112013,121811,Damak Gelugur,,,
1218112016,121811,Kulasar,,,
1218112021,121811,Pagar Manik,,,
1218112022,121811,Pamah,,,
1218112026,121811,Silinda,,,
1218112028,121811,Sungai Buaya,,,
1218112029,121811,Tarean,,,
1218112031,121811,Tapak Meriah,,,
1218122010,121812,Tanjung Harap,,,
1218122011,121812,Kuala Bali,,,
1218122014,121812,Karang Tengah,,,
1218122015,121812,Kelapa Bajohom,,,
1218122018,121812,Manggis,,,
1218122020,121812,Pulau Gambar,,,
1218122021,121812,Pulau Tagor,,,
1218122032,121812,Serba Jadi,,,
1218122033,121812,Tambak Cekur,,,
1218122038,121812,Bah Sidua-dua,,,
1218132001,121813,Bah Sumbu,,,
1218132002,121813,Naga Kesiangan,,,
1218132003,121813,Jambu,,,
1218132004,121813,Mariah Padang,,,
1218132005,121813,Pertapaan,,,
1218132006,121813,Paya Lombang,,,
1218132007,121813,Sei Serimah,,,
1218132008,121813,Paya Bagas,,,
1218132009,121813,Paya Mabar,,,
1218132010,121813,Sei. Priok,,,
1218132011,121813,Kuta Baru,,,
1218132018,121813,Kedai Damar,,,
1218132019,121813,Penonggol,,,
1218132020,121813,Gunung Kataran,,,
1218141012,121814,Melati Kebun,,,
1218142001,121814,Bengabing,,,
1218142002,121814,Bingkat,,,
1218142003,121814,Jati Mulyo,,,
1218142004,121814,Karang Anyar,,,
1218142005,121814,Lestari Dadi,,,
1218142006,121814,Pegajahan,,,
1218142007,121814,Petuaran Hulu,,,
1218142008,121814,Petuaran Hilir,,,
1218142009,121814,Pondok Tengah,,,
1218142010,121814,Sukasari,,,
1218142011,121814,Tanjung Putus,,,
1218142013,121814,Sennah,,,
1218152001,121815,Pon,,,
1218152002,121815,Sei Bamban,,,
1218152003,121815,Bakaran Batu,,,
1218152004,121815,Gempolan,,,
1218152005,121815,Rampah Estate,,,
1218152006,121815,Suka Damai,,,
1218152007,121815,Sei Bamban Estate,,,
1218152008,121815,Sei Belutu,,,
1218152009,121815,Sei Buluh,,,
1218152010,121815,Penggalangan,,,
1218162001,121816,Penggalian,,,
1218162002,121816,Laut Tador,,,
1218162003,121816,Tanah Besih,,,
1218162004,121816,Binjai,,,
1218162005,121816,Paya Pasir,,,
1218162006,121816,Bahilang,,,
1218162007,121816,Penggalangan,,,
1218162008,121816,Paya Pinang,,,
1218162009,121816,Kuta Pinang,,,
1218162010,121816,Sibulan,,,
1218172001,121817,Gudang Garam,,,
1218172002,121817,Dolok Masango,,,
1218172003,121817,Panombean,,,
1218172004,121817,Bandar Negeri,,,
1218172005,121817,Ujung Negeri Kahan,,,
1218172006,121817,Bandar Magodang,,,
1218172007,121817,Ujung Negeri Hulu,,,
1218172008,121817,Pegajahan Hulu,,,
1218172009,121817,Marihat Dolok,,,
1218172010,121817,Bintang Bayu,,,
1218172011,121817,Bandar Pinang Kebun,,,
1218172012,121817,Damak Tolong Buho,,,
1218172013,121817,Bandar Pinang Rambe,,,
1218172014,121817,Pegajahan Kahan,,,
1218172015,121817,Huta Durian,,,
1218172016,121817,Kampung Kristen,,,
1218172017,121817,Sarang Ginting Kahan,,,
1218172018,121817,Sarang Ginting Hulu,,,
1218172019,121817,Siahap,,,
1219011001,121901,Pangkalan Dodek,,,
1219011002,121901,Pangkalan Dodek Baru,,,
1219011021,121901,Pagurawan,,,
1219012003,121901,Aek Nauli,,,
1219012004,121901,Durian,,,
1219012005,121901,Lalang,,,
1219012006,121901,Medang,,,
1219012007,121901,Pakam,,,
1219012008,121901,Pakam Raya,,,
1219012009,121901,Pematang Cengkering,,,
1219012010,121901,Sei Buah Keras,,,
1219012011,121901,Sei Rakyat,,,
1219012012,121901,Sidomulyo,,,
1219012013,121901,Tanjung Sigoni,,,
1219012014,121901,Nenas Siam,,,
1219012015,121901,Pakam Raya Selatan,,,
1219012016,121901,Mandarsah,,,
1219012017,121901,Medang Baru,,,
1219012018,121901,Pematang Nibung,,,
1219012019,121901,Cengkering Pekan,,,
1219012020,121901,Sei Raja,,,
1219021001,121902,Perkebunan Sipare pare,,,
1219022007,121902,Sei Suka Deras,,,
1219022008,121902,Simodong,,,
1219022009,121902,Pematang Jering,,,
1219022010,121902,Pematang Kuing,,,
1219022011,121902,Kuala Indah,,,
1219022012,121902,Kuala Tanjung,,,
1219022018,121902,Tanjung Gading,,,
1219022019,121902,Simpang Kopi,,,
1219022020,121902,Brohol,,,
1219031001,121903,Indrapura,,,
1219031019,121903,Indrasakti,,,
1219032002,121903,Limau Sundai,,,
1219032003,121903,Pematang Panjang,,,
1219032004,121903,Sukaraja,,,
1219032005,121903,Tanah Tinggi,,,
1219032006,121903,Tanjungmuda,,,
1219032007,121903,Tanah Merah,,,
1219032008,121903,Aras,,,
1219032009,121903,Pasar Lapan,,,
1219032010,121903,Sipare-pare,,,
1219032011,121903,Tanjungkubah,,,
1219032012,121903,Tanjungharapan,,,
1219032013,121903,Suka Ramai,,,
1219032014,121903,Tanah Rendah,,,
1219032015,121903,Tanjungmulya,,,
1219032016,121903,Titi Payung,,,
1219032017,121903,Perkotaan,,,
1219032018,121903,Kampung Kelapa,,,
1219041001,121904,Lima Puluh Kota,,,
1219042011,121904,Mangkai Baru,,,
1219042012,121904,Mangkai Lama,,,
1219042014,121904,Perkebunan Dolok,,,
1219042015,121904,Perkebunan Kwala Gunung,,,
1219042016,121904,Antara,,,
1219042017,121904,Perkebunan Lima Puluh,,,
1219042018,121904,Perkebunan Limau Manis,,,
1219042019,121904,Perkebunan Tanah Gambus,,,
1219042025,121904,Simpang Gambus,,,
1219042026,121904,Sumber Makmur,,,
1219042027,121904,Sumber Padi,,,
1219051001,121905,Labuhan Ruku,,,
1219052004,121905,Dahari Selebar,,,
1219052006,121905,Mesjid Lama,,,
1219052007,121905,Padang Genting,,,
1219052008,121905,Pahang,,,
1219052009,121905,Panjang,,,
1219052014,121905,Gunung Rante,,,
1219052015,121905,Dahari Indah,,,
1219052016,121905,Indra Yaman,,,
1219052017,121905,Benteng,,,
1219061001,121906,Tanjung Tiram,,,
1219061022,121906,Bagan Arya,,,
1219062002,121906,Guntung,,,
1219062004,121906,Bagan Dalam,,,
1219062005,121906,Bogak,,,
1219062006,121906,Suka Maju,,,
1219062016,121906,Suka Jaya,,,
1219062017,121906,Pahlawan,,,
1219062018,121906,Bandar Rahmat,,,
1219062019,121906,Kampung Lalang,,,
1219072001,121907,Kwala Sikasim,,,
1219072002,121907,Sei Balai,,,
1219072004,121907,Durian,,,
1219072005,121907,Perkebunan Sei Balai,,,
1219072007,121907,Suka Ramai,,,
1219072008,121907,Sei Bejangkar,,,
1219072009,121907,Mekar Mulio,,,
1219072010,121907,Perkebunan Sei Bejangkar,,,
1219072012,121907,Benteng Jaya,,,
1219072013,121907,Tanah Timbul,,,
1219072014,121907,Perjuangan,,,
1219072015,121907,Sidomulio,,,
1219072016,121907,Mekar Baru,,,
1219072017,121907,Suko Rejo,,,
1219082001,121908,Tanjung Prapat,,,
1219082002,121908,Laut Tador,,,
1219082003,121908,Pelanggiran Laut Tador,,,
1219082004,121908,Perkebunan Tanjung Kasau,,,
1219082005,121908,Dewi Sri,,,
1219082006,121908,Tanjung Kasau,,,
1219082007,121908,Tanjung Seri,,,
1219082008,121908,Mekar Sari,,,
1219082009,121908,Sei Simujur,,,
1219082010,121908,Kandangan,,,
1219092001,121909,Gambus Laut,,,
1219092002,121909,Perupuk,,,
1219092003,121909,Guntung,,,
1219092004,121909,Barung-Barung,,,
1219092005,121909,Titi Putih,,,
1219092006,121909,Pasir Permit,,,
1219092007,121909,Titi Merah,,,
1219092008,121909,Pematang Panjang,,,
1219092009,121909,Bulan-Bulan,,,
1219092010,121909,Gunung Bandung,,,
1219092011,121909,Lubuk Cuik,,,
1219092012,121909,Tanah Itam Ilir,,,
1219092013,121909,Pematang Tengah,,,
1219102001,121910,Perkebunan Tanah Itam Ulu,,,
1219102002,121910,Empat Negeri,,,
1219102003,121910,Sumber Rejo,,,
1219102004,121910,Lubuk Hulu,,,
1219102005,121910,Lubuk Besar,,,
1219102006,121910,Pulau Sejuk,,,
1219102007,121910,Simpang Dolok,,,
1219102008,121910,Air Hitam,,,
1219102009,121910,Kwala Gunung,,,
1219102010,121910,Cahaya Pardomuan,,,
1219112001,121911,Sumber Tani,,,
1219112002,121911,Sei Muka,,,
1219112003,121911,Perkebunan Tanah Datar,,,
1219112004,121911,Binjai Baru,,,
1219112005,121911,Bangun Sari,,,
1219112006,121911,Karang Baru,,,
1219112007,121911,Perkebunan Petatal,,,
1219112008,121911,Mekar Baru,,,
1219112009,121911,Petatal,,,
1219112010,121911,Glugur Makmur,,,
1219122001,121912,Sentang,,,
1219122002,121912,Tanjung Mulia,,,
1219122003,121912,Jati Mulia,,,
1219122004,121912,Lima Laras,,,
1219122005,121912,Mekar Laras,,,
1219122006,121912,Bandar Sono,,,
1219122007,121912,Ujung Kubu,,,
1219122008,121912,Sei Mentaram,,,
1219122009,121912,Pematang Rambai,,,
1219122010,121912,Tali Air Permai,,,
1219122011,121912,Bagan Baru,,,
1219122012,121912,Kapal Merah,,,
1220012001,122001,Janji Manahan GNT,,,
1220012002,122001,Pasang Lela,,,
1220012003,122001,Aek Jabut,,,
1220012004,122001,Nabundong,,,
1220012005,122001,Gunung Sormin,,,
1220012006,122001,Sihalo Halo,,,
1220012007,122001,Kuala Simpang,,,
1220012008,122001,Simundol,,,
1220012009,122001,Nahula Julu,,,
1220012010,122001,Simaninggir Simundol,,,
1220012011,122001,Simangambat,,,
1220012012,122001,Saba Bangun,,,
1220012013,122001,Malino,,,
1220012014,122001,Gonting Bange,,,
1220012015,122001,Hutaimbaru Simundol,,,
1220012016,122001,Padang Matinggi Simundol,,,
1220012017,122001,Sunut,,,
1220012018,122001,Batu Hibul,,,
1220012019,122001,Sigordang,,,
1220012020,122001,Pamarai,,,
1220012021,122001,Padang Matinggi GNT,,,
1220012022,122001,Gadung Holbung,,,
1220012023,122001,Salusuhan,,,
1220012024,122001,Panyabungan,,,
1220012025,122001,Sayur Matinggi,,,
1220012026,122001,Hasahatan,,,
1220012027,122001,Pinarik,,,
1220012028,122001,Unte Manis,,,
1220012029,122001,Sipogas,,,
1220012030,122001,Sipogas A,,,
1220012031,122001,Padang Malakka,,,
1220012032,122001,Aek Simanap,,,
1220012033,122001,Pulo Liman,,,
1220012034,122001,Aek Kundur,,,
1220012035,122001,Hatiran,,,
1220012036,122001,Karang Anyar,,,
1220012037,122001,Aek Kanan,,,
1220012038,122001,Nahula Jae,,,
1220012039,122001,Simadihon,,,
1220012040,122001,Pasar Sayur Matinggi,,,
1220012041,122001,Tj. Baru Silaiya,,,
1220012042,122001,Sitonun,,,
1220012043,122001,Pasar Simundol,,,
1220012044,122001,Pamonoran,,,
1220022001,122002,Siguga,,,
1220022002,122002,Singanyal,,,
1220022003,122002,Binanga Panasahan,,,
1220022004,122002,Aek Haruaya,,,
1220022005,122002,Tanjung Baru B,,,
1220022006,122002,Pasar Sipiongot,,,
1220022007,122002,Bintais Julu,,,
1220022008,122002,Bunut,,,
1220022009,122002,Paya Ombik,,,
1220022010,122002,Aek Suhat Jae,,,
1220022011,122002,Huta Baru Sil,,,
1220022012,122002,Sijorang,,,
1220022013,122002,Simaninggir Sip,,,
1220022014,122002,Pangaran Julu I,,,
1220022015,122002,Mompang Lombang,,,
1220022016,122002,Janji Manahan Sil,,,
1220022017,122002,Baringin Sip,,,
1220022018,122002,Gunung Maria,,,
1220022019,122002,Mompang Dolok,,,
1220022020,122002,Aek Rao TN,,,
1220022021,122002,Sijantung Julu,,,
1220022022,122002,Batu Runding,,,
1220022023,122002,Lubuk Godang,,,
1220022024,122002,Bahap,,,
1220022025,122002,Aek Ilung,,,
1220022026,122002,Tarutung Bolak,,,
1220022027,122002,Sungai Pining,,,
1220022028,122002,Siloung,,,
1220022029,122002,Hutaimbaru Gul,,,
1220022030,122002,Sipiongot,,,
1220022031,122002,Gumbot,,,
1220022032,122002,Gunung Selamat,,,
1220022033,122002,Silogo Logo,,,
1220022034,122002,Lubuk Kundur,,,
1220022035,122002,Jambur Batu,,,
1220022036,122002,Simatorkis,,,
1220022037,122002,Rancaran,,,
1220022038,122002,Naga Saribu,,,
1220022039,122002,Simataniari Jae,,,
1220022040,122002,Janji Manahan Gul,,,
1220022041,122002,Simataniari,,,
1220022042,122002,Parmeraan,,,
1220022043,122002,Panca,,,
1220022044,122002,Dalihan Natolu,,,
1220022045,122002,Sungai Datar,,,
1220022046,122002,Lubuk Lanjang,,,
1220022047,122002,Arse,,,
1220022048,122002,Simangambat Tua,,,
1220022049,122002,Sigala Gala,,,
1220022050,122002,Sibayo Jae,,,
1220022051,122002,Dolok Sanggul,,,
1220022052,122002,Silangge,,,
1220022053,122002,Pijor Koling,,,
1220022054,122002,Pagaran Julu II,,,
1220022055,122002,Siala Gundi,,,
1220022056,122002,Siraga HP,,,
1220022057,122002,Aek Sundur,,,
1220022058,122002,Baringin Sil,,,
1220022059,122002,Hula Baringin,,,
1220022060,122002,Nabonggal,,,
1220022061,122002,Purba Tua,,,
1220022062,122002,Tanjung Longat,,,
1220022063,122002,Sibio Bio,,,
1220022064,122002,Situmbaga,,,
1220022065,122002,Sijara Jara,,,
1220022066,122002,Huta Baru Sip,,,
1220022067,122002,Pagaran Siregar,,,
1220022068,122002,Parigi,,,
1220022069,122002,Napasundali,,,
1220022070,122002,Aek Suhat TR,,,
1220022071,122002,Gumaruntar,,,
1220022072,122002,Sijantung Jae,,,
1220022073,122002,Janji Matogu,,,
1220022074,122002,Sialang Dolok,,,
1220022075,122002,Binanga Gumbot,,,
1220022076,122002,Simanosor,,,
1220022077,122002,Bukit Tinggi,,,
1220022078,122002,Simambal,,,
1220022079,122002,Bandar Nauli,,,
1220022080,122002,Sibayo,,,
1220022081,122002,Sinabongan,,,
1220022082,122002,Siranap,,,
1220022083,122002,Aek Tangga,,,
1220022084,122002,Rongkare,,,
1220022085,122002,Siburbur,,,
1220022086,122002,Pintu Padang Merdeka,,,
1220032001,122003,Hutaimbaru,,,
1220032002,122003,Hambulo,,,
1220032003,122003,Paolan,,,
1220032004,122003,Pangirkiran,,,
1220032005,122003,Balimbing,,,
1220032006,122003,Rondaman Siburegar,,,
1220032007,122003,Sipaho,,,
1220032008,122003,Silantoyung,,,
1220032009,122003,Hiteurat,,,
1220032010,122003,Siboru Angin,,,
1220032011,122003,Sandean Jae,,,
1220032012,122003,Sandean Tonga,,,
1220032013,122003,Sandean Julu,,,
1220032014,122003,Hasahatan,,,
1220032015,122003,Pagar Gunung,,,
1220032016,122003,Pangarambangan,,,
1220032017,122003,Napa Lancat,,,
1220032018,122003,Halongonan,,,
1220032019,122003,Bargot Topong Julu,,,
1220032020,122003,Bargot Topong Jae,,,
1220032021,122003,Siringki Jae,,,
1220032022,122003,Ujung Padang,,,
1220032023,122003,Sigala Gala,,,
1220032032,122003,Hutanopan,,,
1220032036,122003,Sipenggeng,,,
1220032037,122003,Saba,,,
1220032038,122003,Sitabola,,,
1220032039,122003,Sitonun,,,
1220032040,122003,Tapus Jae,,,
1220032041,122003,Japinulik,,,
1220032042,122003,Paran Honas,,,
1220032043,122003,Siringki Julu,,,
1220032044,122003,Batu Tunggal,,,
1220041001,122004,Pasar Gunung Tua,,,
1220042008,122004,Lubuk Torop,,,
1220042012,122004,Tanjung Marulak,,,
1220042013,122004,Ambasang Natigor,,,
1220042014,122004,Napagadung Laut,,,
1220042015,122004,Rampa Jae,,,
1220042016,122004,Rampa Julu,,,
1220042017,122004,Mananti,,,
1220042018,122004,Paran Padang,,,
1220042019,122004,Rahuning Jae,,,
1220042020,122004,Botung,,,
1220042021,122004,Sigimbal,,,
1220042022,122004,Dolok Sae,,,
1220042023,122004,Simasi,,,
1220042024,122004,Sihapas Hapas,,,
1220042025,122004,Sungai Tolang,,,
1220042026,122004,Losung Batu,,,
1220042027,122004,Batu Mamak,,,
1220042028,122004,Sampuran,,,
1220042029,122004,Gunung Tua Baru,,,
1220042030,122004,Sibatang Kayu,,,
1220042031,122004,Aek Suhat,,,
1220042038,122004,Gunung Tua Tonga,,,
1220042039,122004,Gunung Tua Jae,,,
1220042040,122004,Gunung Tua Julu,,,
1220042041,122004,Hutalombang,,,
1220042042,122004,Batang Baruhar Julu,,,
1220042043,122004,Batang Baruhar Jae,,,
1220042044,122004,Purba Sinomba,,,
1220042045,122004,Hambiri,,,
1220042046,122004,Sosopan,,,
1220042047,122004,Pagaran Singkam,,,
1220042048,122004,Pagaran Tonga,,,
1220042049,122004,Sibagasi,,,
1220042050,122004,Batu Tambun,,,
1220042051,122004,Tanjung Tiram,,,
1220042052,122004,Garoga,,,
1220042053,122004,Hajoran,,,
1220042054,122004,Batu Sundung,,,
1220042055,122004,Garonggang,,,
1220042056,122004,Nabonggal,,,
1220042057,122004,Liang Hasona,,,
1220042058,122004,Simandiangin Dolok,,,
1220042059,122004,Simandiangin Lombang,,,
1220042060,122004,Padang Garugur,,,
1220042061,122004,Simanosor,,,
1220042062,122004,Sigama,,,
1220042063,122004,Sigama Ujung Gading,,,
1220042064,122004,Parlimbatan,,,
1220042065,122004,Saba Sitahul tahul,,,
1220042066,122004,Saba Bangunan,,,
1220042067,122004,Sidingkat,,,
1220042069,122004,Gunung Manaon II,,,
1220042070,122004,Purba Tua,,,
1220042071,122004,Sungai Durian,,,
1220042072,122004,Sungai Orosan,,,
1220042073,122004,Hutaimbaru II,,,
1220042074,122004,Siombob,,,
1220042075,122004,Aek Gambir,,,
1220042076,122004,Bukit Raya Sordang,,,
1220042077,122004,Aek Jangkang,,,
1220042078,122004,Simbolon,,,
1220052001,122005,Pancur Pangko,,,
1220052002,122005,Hasambi,,,
1220052003,122005,Paran Nangka,,,
1220052004,122005,Batu Rancang,,,
1220052005,122005,Sitanggoru,,,
1220052006,122005,Siunggam Dolok,,,
1220052007,122005,Balimbing Jae,,,
1220052008,122005,Sipupus Lombang,,,
1220052009,122005,Balimbing Julu,,,
1220052010,122005,Sobar,,,
1220052011,122005,Pamuntaran,,,
1220052012,122005,Paran Gadung,,,
1220052013,122005,Padang Bujur,,,
1220052014,122005,Ubar,,,
1220052015,122005,Lantosan II,,,
1220052016,122005,Batu Gana,,,
1220052017,122005,Padang Baruas,,,
1220052018,122005,Aek Bargot,,,
1220052019,122005,Gariang,,,
1220052020,122005,Balakka,,,
1220052021,122005,Parupuk Jae,,,
1220052022,122005,Parupuk Julu,,,
1220052023,122005,Sialang,,,
1220062002,122006,Sitopayan,,,
1220062003,122006,Lantosan I,,,
1220062004,122006,Aek Haruaya,,,
1220062005,122006,Gunung Baringin,,,
1220062006,122006,Hadungdung,,,
1220062007,122006,Rondaman Dolok,,,
1220062008,122006,Sipirok,,,
1220062009,122006,Tanjung Salamat,,,
1220062010,122006,Rondaman Lombang,,,
1220062011,122006,Parsarmaan,,,
1220062012,122006,Aloban,,,
1220062013,122006,Portibi Julu,,,
1220062014,122006,Portibi Jae,,,
1220062015,122006,Gunung Manaon I,,,
1220062016,122006,Pasir Pinang,,,
1220062017,122006,Bahal,,,
1220062018,122006,Bara,,,
1220062019,122006,Simandiangin,,,
1220062020,122006,Hotang Sasa,,,
1220062021,122006,Aek Siala,,,
1220062022,122006,Gumarupu Baru,,,
1220062023,122006,Padang Manjoir,,,
1220062024,122006,Gumarupu Lama,,,
1220062025,122006,Gunung Martua,,,
1220062026,122006,Sihambeng,,,
1220062027,122006,Aek Torop,,,
1220062028,122006,Napa Lombang,,,
1220062029,122006,Mangaledang Lama,,,
1220062030,122006,Mangaledang,,,
1220062031,122006,Bangkudu,,,
1220062032,122006,Balakka Torop,,,
1220062033,122006,Janji Matogu,,,
1220062034,122006,Muara Sigama,,,
1220062035,122006,Napahalas,,,
1220062036,122006,Sigama Napahalas,,,
1220062039,122006,Torluk Muara Dolok,,,
1220071001,122007,Sayur Matinggi,,,
1220072002,122007,Pangkal Dolok Lama,,,
1220072003,122007,Pangkal Dolok Julu,,,
1220072004,122007,Pintu Padang,,,
1220072005,122007,Batang Onang Lama,,,
1220072006,122007,Bonan Dolok,,,
1220072007,122007,Simardona,,,
1220072008,122007,Batang Onang Baru,,,
1220072009,122007,Parau Sorat,,,
1220072010,122007,Pasar Matanggor,,,
1220072011,122007,Batu Pulut,,,
1220072012,122007,Huta Lambung,,,
1220072013,122007,Galanggang,,,
1220072014,122007,Gunungtua Tumbu Jati,,,
1220072015,122007,Gunungtua Batang Onang,,,
1220072016,122007,Simanapang,,,
1220072017,122007,Simaninggir,,,
1220072018,122007,Batu Mamak,,,
1220072019,122007,Padang Garugur,,,
1220072020,122007,Padang Matinggi,,,
1220072021,122007,Purba Tua,,,
1220072022,122007,Janji Mauli,,,
1220072023,122007,Sayur Matinggi Julu,,,
1220072024,122007,Gunung Tua Julu,,,
1220072025,122007,Pasir Ampolu Hopong,,,
1220072026,122007,Pagaran Batu,,,
1220072027,122007,Tamosu,,,
1220072028,122007,Simangambat Dolok,,,
1220072029,122007,Janji Manahan,,,
1220072030,122007,Padang Bujur Baru,,,
1220072031,122007,Batu Nanggar,,,
1220072032,122007,Morang,,,
1220082014,122008,Ulak Tano,,,
1220082015,122008,Aekraru,,,
1220082016,122008,Tanjung Maria,,,
1220082017,122008,Mandasip,,,
1220082018,122008,Huta Baru,,,
1220082019,122008,Janji Matogu,,,
1220082020,122008,Paran Padang,,,
1220082021,122008,Tanjung Botung,,,
1220082022,122008,Huta Pasir,,,
1220082023,122008,Langkimat,,,
1220082024,122008,Jabi Jabi,,,
1220082025,122008,Simangambat Jae,,,
1220082026,122008,Ujung Gading Jae,,,
1220082027,122008,Huta Baringin,,,
1220082028,122008,Gunung Manaon Sim,,,
1220082029,122008,Sionggoton,,,
1220082030,122008,Paran Tonga Sim,,,
1220082031,122008,Ujung Gading Julu,,,
1220082032,122008,Simangambat Julu,,,
1220082033,122008,Sigagan,,,
1220082034,122008,Kosik Putih,,,
1220092001,122009,Aek Godang,,,
1220092002,122009,Aek Nauli,,,
1220092003,122009,Sampuran Simarloting,,,
1220092004,122009,Pangirkiran,,,
1220092005,122009,Simaninggir,,,
1220092006,122009,Suka Dame,,,
1220092007,122009,Pintu Bosi,,,
1220092008,122009,Sidong-dong,,,
1220092009,122009,Sitabar,,,
1220092010,122009,Parmeraan,,,
1220102001,122010,Siunggam Julu,,,
1220102002,122010,Siunggam Tonga,,,
1220102003,122010,Siunggam Jae,,,
1220102004,122010,Aek Bayur,,,
1220102005,122010,Aek Tolong,,,
1220102006,122010,Tangga-Tangga Hambeng,,,
1220102007,122010,Simaninggir,,,
1220102008,122010,Bangun Purba,,,
1220102009,122010,Naga Saribu,,,
1220102010,122010,Sihoda-Hoda,,,
1220102011,122010,Mompang II,,,
1220102012,122010,Gulangan,,,
1220102013,122010,Pijor Koling,,,
1220102014,122010,Purba Tua Dolok,,,
1220112001,122011,Siancimun,,,
1220112002,122011,Bolatan,,,
1220112003,122011,Pasir Bara,,,
1220112004,122011,Gunung Intan,,,
1220112005,122011,Mompang I,,,
1220112006,122011,Gunung Manaon III,,,
1220112007,122011,Sihopuk Baru,,,
1220112008,122011,Sihopuk Lama,,,
1220112009,122011,Rondaman,,,
1220112010,122011,Hutabaru Nangka,,,
1220112011,122011,Situmbaga,,,
1220112012,122011,Batang Pane I,,,
1220112013,122011,Batang Pane II,,,
1220112014,122011,Batang Pane III,,,
1220122001,122012,Huta Raja,,,
1220122002,122012,Ujung Batu Julu,,,
1220122003,122012,Gunung Manaon UB,,,
1220122004,122012,Labuhan Jurung,,,
1220122005,122012,Martujuan,,,
1220122006,122012,Paya Bahung UB,,,
1220122007,122012,Tobing Tinggi UB,,,
1220122008,122012,Ujung Batu Jae,,,
1220122009,122012,Marlaung,,,
1220122010,122012,Mananti,,,
1220122011,122012,Jambu Tonang,,,
1220122012,122012,Manare Tua,,,
1220122013,122012,Pasir Lancat UB,,,
1221012001,122101,Pagaranbira Jae,,,
1221012002,122101,Pagaran Bira Julu,,,
1221012003,122101,Huta Bargot,,,
1221012004,122101,Siundol Jae,,,
1221012005,122101,Siundol Julu,,,
1221012006,122101,Siundol Dolok,,,
1221012007,122101,Hutabaru Siundol,,,
1221012008,122101,Binanga Tolu,,,
1221012009,122101,Aek Bargot,,,
1221012010,122101,Ulu Aer,,,
1221012011,122101,Hulim,,,
1221012012,122101,Sianggunan,,,
1221012013,122101,Simaninggir Sosopan,,,
1221012014,122101,Sibualbuali,,,
1221012015,122101,Sosopan,,,
1221012016,122101,Sigala-Gala,,,
1221012017,122101,Sihaporas,,,
1221012018,122101,Banua Tonga,,,
1221012019,122101,Sosopan Julu,,,
1221012020,122101,Huta Bara,,,
1221012021,122101,Hutabaru Sosopan,,,
1221012022,122101,Simartolu,,,
1221022001,122102,Gunung Baringin,,,
1221022002,122102,Pasar Binanga,,,
1221022003,122102,Sihaborgoan Dalan,,,
1221022004,122102,Aek Tanduk,,,
1221022005,122102,PP. Makmur,,,
1221022006,122102,Siboris Bahal,,,
1221022007,122102,Bangkudu,,,
1221022008,122102,Siolip,,,
1221022009,122102,Aek Tunjang,,,
1221022010,122102,Binanga,,,
1221022011,122102,Manombo,,,
1221022012,122102,Janji Raja,,,
1221022013,122102,Pangirkiran Dolok,,,
1221022014,122102,Sihaborgoan Barumun,,,
1221022015,122102,Siboris Dolok,,,
1221022016,122102,Padang Matinggi,,,
1221022017,122102,Tandihat,,,
1221022018,122102,Bara Batu,,,
1221022019,122102,Bahal Batu,,,
1221022020,122102,Ginduang Batu,,,
1221022021,122102,Padang Garugur,,,
1221022022,122102,Gunung Manaon,,,
1221022023,122102,Siboris Lombang,,,
1221022024,122102,Janji Matogu,,,
1221022025,122102,Gunung Malintang,,,
1221022026,122102,Sibatu Loting,,,
1221022027,122102,Sisalean,,,
1221022028,122102,Janji Manahan,,,
1221022029,122102,Siparau,,,
1221022030,122102,Unterudang,,,
1221022053,122102,Huta Ruhom,,,
1221022056,122102,Paran Napa Dolok,,,
1221022061,122102,Bire,,,
1221022065,122102,Gading,,,
1221022067,122102,Paran Napa Jae,,,
1221022068,122102,Sibontar,,,
1221022070,122102,Aek Siala,,,
1221022071,122102,Batusundung,,,
1221022072,122102,Sidongdong,,,
1221032001,122103,Binanga Tolu,,,
1221032002,122103,Tanjung Baringin,,,
1221032003,122103,Huristak,,,
1221032004,122103,Paran Tonga,,,
1221032005,122103,Gonting Julu,,,
1221032006,122103,Bulu Cina,,,
1221032007,122103,Sigading,,,
1221032008,122103,Pasir Lancat Lama,,,
1221032009,122103,Siala Gundi,,,
1221032010,122103,Tobing Julu,,,
1221032011,122103,Tar Sihoda-Hoda,,,
1221032012,122103,Huta Pasir Ulak Tano,,,
1221032013,122103,Tobing Jae,,,
1221032014,122103,Pasar Huristak,,,
1221032015,122103,Sipirok Baru,,,
1221032016,122103,Pasir Lancat Baru,,,
1221032017,122103,Tobing Tinggi,,,
1221032018,122103,Ganal,,,
1221032019,122103,Paya Bujing,,,
1221032020,122103,Pulo Bariang,,,
1221032021,122103,Ramba,,,
1221032022,122103,Gonting Jae,,,
1221032023,122103,Gala Bonang,,,
1221032024,122103,Tanjung Morang,,,
1221032025,122103,Gunung Manaon,,,
1221032026,122103,Gunung Matinggi,,,
1221032027,122103,Pasir Pinang,,,
1221042001,122104,Janji Matogu,,,
1221042002,122104,Pagaran Silindung,,,
1221042003,122104,Tangga Bosi,,,
1221042004,122104,Hutaibus,,,
1221042005,122104,Pagaran Jalu-Jalu,,,
1221042006,122104,Hutanopan,,,
1221042007,122104,Pasar Latong,,,
1221042008,122104,Pagaran Jae Batu,,,
1221042009,122104,Aek Lancat,,,
1221042010,122104,Batang Tanggal Baru,,,
1221042011,122104,Bonal,,,
1221042012,122104,Pagaran Malaka,,,
1221042013,122104,Huta Dolok,,,
1221042014,122104,Gunung Manobot,,,
1221042015,122104,Batang Bulu Jae,,,
1221042016,122104,Suro Dingin,,,
1221042017,122104,Janji Lobi Lima,,,
1221042018,122104,Sangkilon,,,
1221042019,122104,Siali-Ali,,,
1221042020,122104,Huta Lombang,,,
1221042021,122104,Pagaran Mompang,,,
1221042022,122104,Parsombaan,,,
1221042023,122104,Sihiuk,,,
1221042024,122104,Batang Bulu Tanggal,,,
1221052001,122105,Simangambat,,,
1221052002,122105,Sigala-Gala,,,
1221052003,122105,Tanjung Ale,,,
1221052004,122105,Lubuk Bunut,,,
1221052005,122105,Ujung Padang,,,
1221052006,122105,Tanjung Baringin,,,
1221052007,122105,Sibodak Sosa Jae,,,
1221052008,122105,Parmainan,,,
1221052009,122105,Pagaran Dolok Sosa Jae,,,
1221052010,122105,Aliaga,,,
1221052011,122105,Mananti Sosa Jae,,,
1221052012,122105,Panyabungan,,,
1221052013,122105,Pasar Panyabungan,,,
1221052014,122105,Sigalapung,,,
1221052015,122105,Siabu,,,
1221052016,122105,Paya Ombur,,,
1221052017,122105,Hutaraja Tinggi,,,
1221052018,122105,Sungai Korang,,,
1221052019,122105,Ujung Batu I,,,
1221052020,122105,Ujung Batu II,,,
1221052021,122105,Ujung Batu III,,,
1221052022,122105,Ujung Batu IV,,,
1221052023,122105,Ujung Batu V,,,
1221052024,122105,Pir Trans Sosa I A,,,
1221052025,122105,Pir Trans Sosa I B,,,
1221052026,122105,Pir Trans Sosa III A,,,
1221052027,122105,Pir Trans Sosa III B,,,
1221052028,122105,Pir Trans Sosa II,,,
1221052029,122105,Pir Trans Sosa IV,,,
1221052030,122105,Pir Trans Sosa V,,,
1221052031,122105,Pir Trans Sosa VI,,,
1221062001,122106,Simanuldang Jae,,,
1221062002,122106,Simanuldang Julu,,,
1221062003,122106,Tapian Nauli,,,
1221062004,122106,Handang Kopo,,,
1221062005,122106,Subulussalam,,,
1221062006,122106,Pintu Padang,,,
1221062007,122106,Matondang,,,
1221062008,122106,Pasar Ipuh,,,
1221062009,122106,Paringgonan,,,
1221062010,122106,Paringgonan Julu,,,
1221062011,122106,Paran Batu,,,
1221062012,122106,Sibual Buali,,,
1221062013,122106,Tanjung,,,
1221062014,122106,Siraisan,,,
1221062015,122106,Aek Haruaya,,,
1221071001,122107,Pasar Sibuhuan,,,
1221072002,122107,Sibuhuan Julu,,,
1221072003,122107,Bangun Raya,,,
1221072004,122107,Purba Tua,,,
1221072005,122107,Handis Julu,,,
1221072006,122107,Sialambue,,,
1221072007,122107,Sibuhuan Jae,,,
1221072008,122107,Janjilobi,,,
1221072009,122107,Hasahatan Jae,,,
1221072010,122107,Siolip,,,
1221072011,122107,Saba Rimba,,,
1221072012,122107,Binabo Julu,,,
1221072013,122107,Binabo Jae,,,
1221072014,122107,Limbong,,,
1221072015,122107,Simaninggir,,,
1221072016,122107,Hasahatan Julu,,,
1221072017,122107,Sitarolo Julu,,,
1221072018,122107,Mompang,,,
1221072019,122107,Sigorbus Jae,,,
1221072020,122107,Sabahotang,,,
1221072021,122107,Tanjung Durian,,,
1221072022,122107,Tanjung Botung,,,
1221072023,122107,Tanobato,,,
1221072024,122107,Hutarimbaru,,,
1221072025,122107,Sayur Matua,,,
1221072037,122107,Bulusonik,,,
1221072038,122107,Arsesimatorkis,,,
1221072039,122107,Pancaukan,,,
1221072040,122107,Pagaran Baringin,,,
1221072041,122107,Sigorbus Julu,,,
1221082001,122108,Siborna Bunut,,,
1221082002,122108,Hurung Jilok,,,
1221082003,122108,Pasir Jae,,,
1221082004,122108,Harang Julu,,,
1221082005,122108,Parapat,,,
1221082006,122108,Pasar Ujung Batu,,,
1221082007,122108,Hapung,,,
1221082008,122108,Plasma Mondang,,,
1221082009,122108,Mandian,,,
1221082010,122108,Bonan Dolok,,,
1221082011,122108,Hutaimbaru,,,
1221082012,122108,Mondang,,,
1221082013,122108,Sisoma,,,
1221082014,122108,Aek Tinga,,,
1221082015,122108,Gunung Baringin,,,
1221082016,122108,Simarancar,,,
1221082017,122108,Huta Raja Lamo,,,
1221082018,122108,Tanjung Botung Sosa Jae,,,
1221082019,122108,Ujung Batu,,,
1221082020,122108,Janjiraja,,,
1221082021,122108,Rao-Rao Dolok,,,
1221082022,122108,Parau Sorat,,,
1221082023,122108,Aer Bale,,,
1221082024,122108,Tanjung Bale,,,
1221082025,122108,Ampolu,,,
1221082026,122108,Mananti Sosa Julu,,,
1221082027,122108,Siginduang,,,
1221082028,122108,Ramba,,,
1221082029,122108,Roburan,,,
1221082030,122108,Tanjung,,,
1221082031,122108,Sungai Jior,,,
1221082032,122108,Lumban Huayan,,,
1221082033,122108,Pasir Julu,,,
1221082034,122108,Hapung Torop,,,
1221082035,122108,Batu Gajah,,,
1221082036,122108,Harang Jae,,,
1221082037,122108,Horuon,,,
1221082038,122108,Gunung Tua,,,
1221082039,122108,Handio,,,
1221092001,122109,Tanjung Baru,,,
1221092002,122109,Tamiang,,,
1221092003,122109,Tanjung Barani,,,
1221092004,122109,Manggis,,,
1221092005,122109,Pagaran Tayas,,,
1221092006,122109,Hatongga,,,
1221092007,122109,Botung,,,
1221092008,122109,Siadam,,,
1221092009,122109,Siojo,,,
1221092010,122109,Pagaran Manggis,,,
1221092011,122109,Muara Malinto Lama,,,
1221092012,122109,Hutabaru,,,
1221092013,122109,Huta Nopan,,,
1221092014,122109,Tandolan,,,
1221092015,122109,Tangga Batu,,,
1221092016,122109,Pagaran Dolok Pinarik,,,
1221092017,122109,Muara Malinto Baru,,,
1221092018,122109,Aek Sorik,,,
1221092019,122109,Tanjung Botung Pinarik,,,
1221092020,122109,Pinarik,,,
1221092021,122109,Rombayan,,,
1221092022,122109,Salambue,,,
1221092023,122109,Papaso,,,
1221092024,122109,Muara Tige,,,
1221092025,122109,Sibodak Papaso,,,
1221092026,122109,Pagaran Baringin,,,
1221092027,122109,Gunung Inten,,,
1221092028,122109,Gunung Manaon,,,
1221102001,122110,Batang Bulu Lama,,,
1221102002,122110,Pagur Satio,,,
1221102003,122110,Batang Bulu Baru,,,
1221102004,122110,Gunung Intan,,,
1221102005,122110,Tanjung Purba Tua,,,
1221102006,122110,Banua Tonga,,,
1221102007,122110,Gunung Barani,,,
1221102008,122110,Tanjung Baringin Simarulak,,,
1221102009,122110,Sayur Mahincat,,,
1221102010,122110,Sidomulio,,,
1221102011,122110,Panarian,,,
1221112001,122111,Aek Nabara Tonga,,,
1221112002,122111,Aek Nabara Jae,,,
1221112003,122111,Padang Garugur Jae,,,
1221112004,122111,Huta Bargot,,,
1221112005,122111,Janji Maria,,,
1221112006,122111,Padang Garugur Julu,,,
1221112007,122111,Sidokan,,,
1221112008,122111,Tobing,,,
1221112009,122111,Hadungdung Aek Rampah,,,
1221112010,122111,Tobing Tinggi,,,
1221112011,122111,Sipagabu,,,
1221112012,122111,Tanjung,,,
1221112013,122111,Paran Tonga,,,
1221112014,122111,Paran Julu,,,
1221112015,122111,Hadungdung Pintu Padang,,,
1221112016,122111,Tanjung Rokan,,,
1221112017,122111,Aek Bonban,,,
1221112018,122111,Marenu,,,
1221112019,122111,Aek Nabara Julu,,,
1221112020,122111,Padang Garugur Tonga,,,
1221112021,122111,Bangkuang,,,
1221112022,122111,Paya bahung,,,
1221112023,122111,Aek Buaton,,,
1221112024,122111,Sayur Matua,,,
1221112025,122111,Sayur Mahincat,,,
1221122001,122112,Lubuk Gonting,,,
1221122002,122112,Padang Hasior Dolok,,,
1221122003,122112,Padang Hasior Lombang,,,
1221122004,122112,Sitada-Tada,,,
1221122005,122112,Paran Dolok,,,
1221122006,122112,Ujung Gading,,,
1221122007,122112,Simaninggir,,,
1221122008,122112,Tanjung Morang,,,
1221122009,122112,Silenjeng,,,
1221122010,122112,Aek Goti,,,
1221122011,122112,Gulangan,,,
1221122012,122112,Ujung Padang,,,
1221122013,122112,Balangka,,,
1222011001,122201,Kotapinang,,,
1222012002,122201,Simatahari,,,
1222012003,122201,Mampang,,,
1222012004,122201,Pasir Tuntung,,,
1222012005,122201,Sisumut,,,
1222012006,122201,Hadundung,,,
1222012007,122201,Sosopan,,,
1222012008,122201,Perkebunan Nomark,,,
1222012009,122201,Perkebunan Nagodang,,,
1222012010,122201,Perk. Sei Rumbia,,,
1222022001,122202,Perk. Perlabian,,,
1222022002,122202,Perk. Teluk Panji,,,
1222022003,122202,Perk. Tolan I/II,,,
1222022004,122202,Perk. Batang Saponggol,,,
1222022005,122202,Perk. Tolan,,,
1222022006,122202,Air Merah,,,
1222022007,122202,Teluk Panji,,,
1222022008,122202,Tanjung Medan,,,
1222022009,122202,Kampung Perlabian,,,
1222022010,122202,Tanjung Selamat,,,
1222022011,122202,Tanjung Mulia,,,
1222022012,122202,Teluk Panji I,,,
1222022013,122202,Teluk Panji II,,,
1222022014,122202,Teluk Panji III,,,
1222022015,122202,Teluk Panji IV,,,
1222032001,122203,Bangai,,,
1222032002,122203,Rasau,,,
1222032003,122203,Teluk Rampah,,,
1222032004,122203,Pangarungan,,,
1222032005,122203,Bunut,,,
1222032006,122203,Aek Batu,,,
1222032007,122203,Pinang Damai,,,
1222032008,122203,Aek Raso,,,
1222032009,122203,Torgamba,,,
1222032010,122203,Asam Jawa,,,
1222032011,122203,Torganda,,,
1222032012,122203,Beringin Jaya,,,
1222032013,122203,Bukit Tujuh,,,
1222032014,122203,Sei Meranti,,,
1222041001,122204,Langga Payung,,,
1222042002,122204,Batang Nadenggan,,,
1222042003,122204,Sabungan,,,
1222042004,122204,Hajoran,,,
1222042005,122204,Ujung Gading,,,
1222042006,122204,Huta Godang,,,
1222042007,122204,Parimburan,,,
1222042008,122204,Sampean,,,
1222042009,122204,Marsonja,,,
1222052001,122205,Mandalasena,,,
1222052002,122205,Binangadua,,,
1222052003,122205,Aek Goti,,,
1222052004,122205,Ulu Mahuam,,,
1222052005,122205,Rintis,,,
1222052006,122205,Sukadame,,,
1223011001,122301,Aek Kanopan,,,
1223011002,122301,Aek Kanopan Timur,,,
1223012003,122301,Kuala Beringin,,,
1223012004,122301,Parpaudangan,,,
1223012005,122301,Pulo Dogom,,,
1223012006,122301,Londut,,,
1223012007,122301,Perkebunan Kanopan Ulu,,,
1223012008,122301,Perkebunan Membang Muda,,,
1223012009,122301,Perkebunan Labuhan Haji,,,
1223012010,122301,Perkebunan Hanna,,,
1223012011,122301,Sonomartani,,,
1223012012,122301,Sukarame,,,
1223012013,122301,Sukarame Baru,,,
1223021001,122302,Tanjung Leidong,,,
1223022002,122302,Teluk Pulai Dalam,,,
1223022003,122302,Teluk Pulai Luar,,,
1223022004,122302,Kelapa Sebatang,,,
1223022005,122302,Simandulang,,,
1223022006,122302,Air Hitam,,,
1223022007,122302,Pangkalan Lunang,,,
1223031001,122303,Kampung Mesjid,,,
1223032002,122303,Kuala Bangka,,,
1223032003,122303,Sei Sentang,,,
1223032004,122303,Teluk Piai,,,
1223032005,122303,Tanjung Mangedar,,,
1223032006,122303,Teluk Binjai,,,
1223032007,122303,Sei Apung,,,
1223042001,122304,Aek Korsik,,,
1223042002,122304,Bandar Selamat,,,
1223042003,122304,Perk. Padang Halaban,,,
1223042004,122304,Perkebunan Panigoran,,,
1223042005,122304,Sidomulyo,,,
1223042006,122304,Karang Anyar,,,
1223042007,122304,Padang Maninjau,,,
1223042008,122304,Purworejo,,,
1223051001,122305,Marbau,,,
1223052002,122305,Perkebunan Pernantian,,,
1223052003,122305,Perk. Marbau Selatan,,,
1223052004,122305,Perkebunan Milano,,,
1223052005,122305,Perkebunan Brussel,,,
1223052006,122305,Pulo Bargot,,,
1223052007,122305,Sipare Pare Tengah,,,
1223052008,122305,Sipare Pare Hilir,,,
1223052009,122305,Tubiran,,,
1223052010,122305,Belongkut,,,
1223052011,122305,Simpang Empat,,,
1223052012,122305,Babussalam,,,
1223052013,122305,Marbau Selatan,,,
1223052014,122305,Aek Tapa,,,
1223052015,122305,Lobu Rampah,,,
1223052016,122305,Bulungihit,,,
1223052017,122305,Aek Hitetoras,,,
1223052018,122305,Sumber Mulyo,,,
1223061001,122306,Aek Kota Batu,,,
1223062002,122306,Pematang,,,
1223062003,122306,Batu Tunggal,,,
1223062004,122306,Sungai Raja,,,
1223062005,122306,Perkebunan Berangir,,,
1223062006,122306,Silumajang,,,
1223062007,122306,Pulo Jantan,,,
1223062008,122306,Kampung Pajak,,,
1223062009,122306,Meranti Omas,,,
1223062010,122306,Hatapang,,,
1223062011,122306,Pasang Lela,,,
1223062012,122306,Simpang Marbau,,,
1223062013,122306,Bangun Rejo,,,
1223071001,122307,Bandar Durian,,,
1223072002,122307,Poldung,,,
1223072003,122307,Rombisan,,,
1223072004,122307,Sibito,,,
1223072005,122307,Simonis,,,
1223072006,122307,Perk. Aek Pamienke,,,
1223072007,122307,Pangkalan,,,
1223072008,122307,Adian Torop,,,
1223072009,122307,Ujung Padang,,,
1223072010,122307,Kampung Yaman,,,
1223072011,122307,Terang Bulan,,,
1223072012,122307,Perkebunan Halimbe,,,
1223081001,122308,Gunting Saga,,,
1223082002,122308,Damuli Pekan,,,
1223082003,122308,Siamporik,,,
1223082004,122308,Lobu Huala,,,
1223082005,122308,Gunung Melayu,,,
1223082006,122308,Damuli Kebun,,,
1223082007,122308,Hasang,,,
1223082008,122308,Bandar Lama,,,
1223082009,122308,Sidua Dua,,,
1223082010,122308,Simangalam,,,
1223082011,122308,Tanjung Pasir,,,
1223082012,122308,Sialang Taji,,,
1224012001,122401,Hilidundra,,,
1224012002,122401,Lawira Satua,,,
1224012003,122401,Fadoro Fulolo,,,
1224012004,122401,Lawira I,,,
1224012005,122401,Hiligodu,,,
1224012006,122401,Lombuza'ua,,,
1224012007,122401,Maziaya,,,
1224012008,122401,Baho,,,
1224012009,122401,Lolofaoso,,,
1224012010,122401,Lawira II,,,
1224012011,122401,Dahadano,,,
1224012012,122401,Lolomboli,,,
1224012013,122401,Hiligeo Afia,,,
1224022001,122402,Seriwa'u,,,
1224022002,122402,Ombolata Sawo,,,
1224022003,122402,Sanawuyu,,,
1224022004,122402,Onozitoli Sawo,,,
1224022005,122402,Sifahandro,,,
1224022006,122402,Sisarahili Teluk Siabang,,,
1224022007,122402,Lasara Sawo,,,
1224022008,122402,Sawo,,,
1224022009,122402,Hiliduruwa,,,
1224022010,122402,Teluk Bengkuang,,,
1224032001,122403,Botolakha,,,
1224032002,122403,Siofa Banua,,,
1224032003,122403,La'aya,,,
1224032004,122403,Alo'oa,,,
1224032005,122403,Ladara,,,
1224032006,122403,Banua Gea,,,
1224032007,122403,Silima Banua,,,
1224032008,122403,Fino,,,
1224042001,122404,Tetehosi Maziaya,,,
1224042002,122404,Umbubalodano,,,
1224042003,122404,Hilimbosi,,,
1224042004,122404,Hilisalo'o,,,
1224042005,122404,Fulolo Salo'o,,,
1224042006,122404,Botombawo,,,
1224052001,122405,Berua,,,
1224052002,122405,Esiwa,,,
1224052003,122405,Dahana Hiligodu,,,
1224052004,122405,Hilibanua,,,
1224052005,122405,Sisarahili,,,
1224052006,122405,Sisobahili,,,
1224052007,122405,Lasara,,,
1224052008,122405,Namohalu,,,
1224052009,122405,Tuhenakhe I,,,
1224052010,122405,Orahili,,,
1224052011,122405,Banua Sibohou,,,
1224062001,122406,Banua Sibohou III,,,
1224062002,122406,Harefanaese,,,
1224062003,122406,Hilimbowo Kare,,,
1224062004,122406,Laehuwa,,,
1224062005,122406,Mazingo,,,
1224062006,122406,Hilina'a,,,
1224072001,122407,Bitaya,,,
1224072002,122407,Lahemboho,,,
1224072003,122407,Anaoma,,,
1224072004,122407,Dahana Tugala Oyo,,,
1224072005,122407,Fulolo,,,
1224072006,122407,Hiligawoni,,,
1224072007,122407,Ononamolo Tumula,,,
1224072008,122407,Banua Sibohou I,,,
1224072009,122407,Ombolata,,,
1224072010,122407,Banua Sibohou II,,,
1224072011,122407,Dahana Alasa,,,
1224072012,122407,Ononamolo Alasa,,,
1224072013,122407,Loloana'a,,,
1224072014,122407,Hilisebua Siwalubanua,,,
1224082001,122408,Te'olo,,,
1224082002,122408,Siwawo,,,
1224082003,122408,Fabaliwa Oyo,,,
1224082004,122408,Ononazara,,,
1224082005,122408,Humene Siheneasi,,,
1224082006,122408,Gunung Tua,,,
1224082007,122408,Botona'ai,,,
1224082008,122408,Harefa,,,
1224092001,122409,Afulu,,,
1224092002,122409,Lauru Fadoro,,,
1224092003,122409,Lauru I,,,
1224092004,122409,Ombolata Afulu,,,
1224092005,122409,Harewakhe,,,
1224092006,122409,Sisobahili,,,
1224092007,122409,Lauru Lahewa,,,
1224092008,122409,Sifaoro'asi,,,
1224092009,122409,Faekhuna'a,,,
1224101001,122410,Pasar Lahewa,,,
1224102002,122410,Iraono Lase,,,
1224102003,122410,Holi,,,
1224102004,122410,Sifaoro'asi,,,
1224102005,122410,Hilizukhu,,,
1224102006,122410,Onozalukhu,,,
1224102007,122410,Hilina'a,,,
1224102008,122410,Hiligodu Hoya,,,
1224102009,122410,Sitolubanua,,,
1224102010,122410,Hilihati,,,
1224102011,122410,Fadoro Sitolu Hili,,,
1224102012,122410,Marafala,,,
1224102013,122410,Hiligawolo,,,
1224102014,122410,Balefadoro Tuho,,,
1224102015,122410,Ombolata,,,
1224102016,122410,Afia,,,
1224102017,122410,Moawo,,,
1224102018,122410,Lasara,,,
1224102019,122410,Sihene'asi,,,
1224102020,122410,Fadoro Hilimbowo,,,
1224102021,122410,Fadoro Hilihambawa,,,
1224112001,122411,Laowowaga,,,
1224112002,122411,Lukhu Lase,,,
1224112003,122411,Tetehosi Sorowi,,,
1224112004,122411,Tefa'o,,,
1224112005,122411,Tugala Lauru,,,
1224112006,122411,Muzoi,,,
1224112007,122411,Meafu,,,
1225012001,122501,Sisobaoho,,,
1225012002,122501,Bawozamaiwo,,,
1225012003,122501,Sitolubanua,,,
1225012004,122501,Lologundre,,,
1225012005,122501,Iraonogaila,,,
1225012006,122501,Tigaserangkai,,,
1225012007,122501,Onowaembo,,,
1225012008,122501,Onolimbu,,,
1225012009,122501,Haliadulo,,,
1225012010,122501,Sisobambowo,,,
1225012011,122501,Lolowau,,,
1225022001,122502,Bawosaloo,,,
1225022002,122502,Imana,,,
1225022003,122502,Tuwa Tuwa,,,
1225022004,122502,Kafo Kafo,,,
1225022005,122502,Bawasawa,,,
1225022006,122502,Pulau Bogi,,,
1225022007,122502,Halamona,,,
1225022008,122502,Hanofa,,,
1225022009,122502,Lahawa,,,
1225022010,122502,Hinako,,,
1225022011,122502,Sineneeto,,,
1225022012,122502,Balowondrate,,,
1225022013,122502,Hilimberuanaa,,,
1225022014,122502,Lahusa,,,
1225022015,122502,Ombolata,,,
1225022016,122502,Tetehosi,,,
1225022017,122502,Togimbogi,,,
1225022018,122502,Sisobandrao,,,
1225022019,122502,Fadoro,,,
1225022020,122502,Tugala Gawu,,,
1225022021,122502,Sirombu,,,
1225022022,122502,Togideu,,,
1225022023,122502,Tugala,,,
1225022024,122502,Orahili,,,
1225022025,122502,Gunungcahaya,,,
1225032001,122503,Onolimbu Raya,,,
1225032002,122503,Ononamolo III,,,
1225032003,122503,Sisobaoho,,,
1225032004,122503,Iraonogeba,,,
1225032005,122503,Lolohia,,,
1225032006,122503,Fadorosifulubanua,,,
1225032007,122503,Hillidaura,,,
1225032008,122503,Sisarahili II,,,
1225032009,122503,Lasara Bagawu,,,
1225032010,122503,Sisobandrao,,,
1225032011,122503,Mazingo,,,
1225032012,122503,Onolimbu You,,,
1225032013,122503,Lasarafaga,,,
1225032014,122503,Orahili Badalu,,,
1225042001,122504,Hiliwaloo II,,,
1225042002,122504,Gunungbaru,,,
1225042003,122504,Hilisoromi,,,
1225042004,122504,Siduahili,,,
1225042005,122504,Sitolubanua Fadoro,,,
1225042006,122504,Halifadolo,,,
1225042007,122504,Lasara Bahili,,,
1225042008,122504,Hiliwaele,,,
1225042009,122504,Sitoluewali,,,
1225042010,122504,Onozalukhu You,,,
1225052001,122505,Simaeasi,,,
1225052002,122505,Lologolu,,,
1225052003,122505,Tuwuna,,,
1225052004,122505,Tuhemberua,,,
1225052005,122505,Lolozirugi,,,
1225052006,122505,Lakhene,,,
1225052007,122505,Hiliwaloo I,,,
1225052008,122505,Sianaa,,,
1225052009,122505,Fadoro,,,
1225052010,122505,Iraonogambo,,,
1225052011,122505,Tuhoowo,,,
1225052012,122505,Fadoro Bahili,,,
1225052013,122505,Tumori,,,
1225052014,122505,Lasara Baene,,,
1225052015,122505,Tetehosi,,,
1225052016,122505,Sisarahili I,,,
1225052017,122505,Doli-Doli,,,
1225052018,122505,Hayo,,,
1225052019,122505,Zuzundrao,,,
1225052020,122505,Sisobambowo,,,
1225062001,122506,Balodano,,,
1225062002,122506,Hiambanua,,,
1225062003,122506,Hilimayo,,,
1225062004,122506,Sihareo,,,
1225062005,122506,Lolomboli,,,
1225062006,122506,Ononamolo I,,,
1225062007,122506,Hilimbaruzo,,,
1225062008,122506,Tarahoso,,,
1225062009,122506,Ononamolo II,,,
1225062010,122506,Taraha,,,
1225062011,122506,Lahagu,,,
1225062012,122506,Hilimbowo,,,
1225072001,122507,Sisobawino II,,,
1225072002,122507,Duria,,,
1225072003,122507,Ambukha,,,
1225072004,122507,Hilimbowo Mau,,,
1225072005,122507,Hilimbuasi,,,
1225072006,122507,Lolofitu,,,
1225072007,122507,Hiliuso,,,
1225072008,122507,Wango,,,
1225082001,122508,Bukit Tinggi,,,
1225082002,122508,Lawelu,,,
1225082003,122508,Saloo,,,
1225082004,122508,Hilisangawola,,,
1225082005,122508,Hilibadalu,,,
1271011001,127101,Pasar Baru,,,
1271011002,127101,Pusat Pasar,,,
1271011003,127101,Sei Rengas I,,,
1271011004,127101,Mesjid,,,
1271011005,127101,Pandau Hulu I,,,
1271011006,127101,Kotamatsum III,,,
1271011007,127101,Pasar Merah Barat,,,
1271011008,127101,Teladan Timur,,,
1271011009,127101,Teladan Barat,,,
1271011010,127101,Sudirejo 1,,,
1271011011,127101,Sudirejo II,,,
1271011012,127101,Sitirejo I,,,
1271021001,127102,Lalang,,,
1271021002,127102,Sei Sikambing B,,,
1271021003,127102,Sunggal,,,
1271021004,127102,Babura Sunggal,,,
1271021005,127102,Tanjung Rejo,,,
1271021006,127102,Simpang Tanjung,,,
1271031001,127103,Helvetia,,,
1271031002,127103,Helvetia Tengah,,,
1271031003,127103,Helvetia Timur,,,
1271031004,127103,Tanjung Gusta,,,
1271031005,127103,Cinta Damai,,,
1271031006,127103,Dwi Kora,,,
1271031007,127103,Sei Sikambing C II,,,
1271041001,127104,Tegal S Mandala I,,,
1271041002,127104,Tegal S Mandala II,,,
1271041003,127104,Tegal S Mandala III,,,
1271041004,127104,Denai,,,
1271041005,127104,Binjai,,,
1271041006,127104,Medan Tenggara,,,
1271051001,127105,Kesawan,,,
1271051002,127105,Silalas,,,
1271051003,127105,Glugur Kota,,,
1271051004,127105,Pulo Berayan Kota,,,
1271051005,127105,Sei Agul,,,
1271051006,127105,Karang Berombak,,,
1271061001,127106,Titipapan,,,
1271061002,127106,Tanjung Mulia Hilir,,,
1271061003,127106,Tanjung Mulya,,,
1271061004,127106,Kota Bangun,,,
1271061005,127106,Mabar,,,
1271061006,127106,Mabar Hilir,,,
1271071001,127107,Tanjung Selamat,,,
1271071002,127107,Simpang Selayang,,,
1271071003,127107,Namo Gajah,,,
1271071004,127107,Kemenangan Tani,,,
1271071005,127107,Laucih,,,
1271071006,127107,Sidomulyo,,,
1271071007,127107,Ladang Bambu,,,
1271071008,127107,Simalingkar B,,,
1271071009,127107,Mangga,,,
1271081001,127108,Belawan I,,,
1271081002,127108,Belawan II,,,
1271081003,127108,Belawan Bahagia,,,
1271081004,127108,Belawan Bahari,,,
1271081005,127108,Belawan Sicanang,,,
1271081006,127108,Bagan Deli,,,
1271091001,127109,Amplas,,,
1271091002,127109,Sitirejo II,,,
1271091003,127109,Sitirejo III,,,
1271091004,127109,Harjosari I,,,
1271091005,127109,Harjosari II,,,
1271091006,127109,Timbang Deli,,,
1271091007,127109,Bangun Mulia,,,
1271101001,127110,Sukaramai I,,,
1271101002,127110,Sukaramai II,,,
1271101003,127110,Sei Rengas II,,,
1271101004,127110,S. Rengas Permata,,,
1271101005,127110,Pandau Hulu II,,,
1271101006,127110,Kota Matsum I,,,
1271101007,127110,Kota Matsum II,,,
1271101008,127110,Kota Matsum IV,,,
1271101009,127110,Pasar Merah Timur,,,
1271101010,127110,Tegal Sari I,,,
1271101011,127110,Tegal Sari II,,,
1271101012,127110,Tegal Sari III,,,
1271111001,127111,Suka Maju,,,
1271111002,127111,Titi Kuning,,,
1271111003,127111,Kedai Durian,,,
1271111004,127111,Pangkalan Mansur,,,
1271111005,127111,Gedung Johor,,,
1271111006,127111,Kwala Bekala,,,
1271121001,127112,Labuhan Deli,,,
1271121002,127112,Rengas Pulau,,,
1271121003,127112,Terjun,,,
1271121004,127112,Tanah Enam Ratus,,,
1271121005,127112,Paya Pasir,,,
1271131001,127113,Pekan Labuhan,,,
1271131002,127113,Sei Mati,,,
1271131003,127113,Besar,,,
1271131004,127113,Martubung,,,
1271131005,127113,Nelayan Indah,,,
1271131006,127113,Tangkahan,,,
1271141001,127114,Indra Kasih,,,
1271141002,127114,Sidorejo Hilir,,,
1271141003,127114,Sidorejo,,,
1271141004,127114,Bantan,,,
1271141005,127114,Tembung,,,
1271141006,127114,Bandar Selamat,,,
1271141007,127114,Bantan Timur,,,
1271151001,127115,Aur,,,
1271151002,127115,Hamdan,,,
1271151003,127115,Jati,,,
1271151004,127115,Sukaraja,,,
1271151005,127115,Sei Mati,,,
1271151006,127115,Kampung Baru,,,
1271161001,127116,Madras Hulu,,,
1271161002,127116,Polonia,,,
1271161003,127116,Sari Rejo,,,
1271161004,127116,Suka Damai,,,
1271161005,127116,Anggrung,,,
1271171001,127117,Petisah Hulu,,,
1271171002,127117,Babura,,,
1271171003,127117,Merdeka,,,
1271171004,127117,Darat,,,
1271171005,127117,Padang Bulan,,,
1271171006,127117,Titi Rante,,,
1271181001,127118,Pandau Hilir,,,
1271181002,127118,Pahlawan,,,
1271181003,127118,Sei Kera Hilir I,,,
1271181004,127118,Sei Kera Hilir II,,,
1271181005,127118,Sei Kera Hulu,,,
1271181006,127118,Sidorame Timur,,,
1271181007,127118,Sidorame Barat I,,,
1271181008,127118,Sidorame Barat II,,,
1271181009,127118,Tegalrejo,,,
1271191001,127119,Petisah Tengah,,,
1271191002,127119,Sekip,,,
1271191003,127119,Sei Sikambing D,,,
1271191004,127119,Sei Putih Barat,,,
1271191005,127119,Sei Putih Tengah,,,
1271191006,127119,Sei Putih Timur I,,,
1271191007,127119,Sei Putih Timur II,,,
1271201001,127120,Gang Buntu,,,
1271201002,127120,Sidodadi,,,
1271201003,127120,Durian,,,
1271201004,127120,Glugur Darat I,,,
1271201005,127120,Glugur Darat II,,,
1271201006,127120,P Berayan Darat I,,,
1271201007,127120,P Berayan Darat II,,,
1271201008,127120,P Berayan Bengkel,,,
1271201009,127120,PB Bengkel Baru,,,
1271201010,127120,Perintis,,,
1271201011,127120,Gaharu,,,
1271211001,127121,Asam Kumbang,,,
1271211002,127121,Tanjungsari,,,
1271211003,127121,P Bulan Selayang II,,,
1271211004,127121,Beringin,,,
1271211005,127121,P Bulan Selayang I,,,
1271211006,127121,Sempakata,,,
1272011001,127201,Kebun Sayur,,,
1272011002,127201,Tomuan,,,
1272011003,127201,Pahlawan,,,
1272011004,127201,Asuhan,,,
1272011005,127201,Merdeka,,,
1272011006,127201,Pardomuan,,,
1272011007,127201,Siopat Suhu,,,
1272021001,127202,Dwikora,,,
1272021002,127202,Proklamasi,,,
1272021003,127202,Bantan,,,
1272021004,127202,Timbang Galung,,,
1272021005,127202,Simarito,,,
1272021006,127202,Sipinggolpinggol,,,
1272021007,127202,Banjar,,,
1272021008,127202,Teladan,,,
1272031001,127203,Melayu,,,
1272031002,127203,Martoba,,,
1272031003,127203,Baru,,,
1272031004,127203,Sukadame,,,
1272031005,127203,Kahean,,,
1272031006,127203,Sigulanggulang,,,
1272031007,127203,Bane,,,
1272041001,127204,Toba,,,
1272041002,127204,Karo,,,
1272041003,127204,Simalungun,,,
1272041004,127204,Martimbang,,,
1272041005,127204,Kristen,,,
1272041006,127204,Aek Nauli,,,
1272051002,127205,Sukaraja,,,
1272051005,127205,Baringin Pancur Nauli,,,
1272051006,127205,Pardamean,,,
1272051007,127205,Sukamaju,,,
1272051008,127205,Parhorasan Nauli,,,
1272051009,127205,Sukamakmur,,,
1272051010,127205,Mekar Nauli,,,
1272061001,127206,Sumber Jaya,,,
1272061003,127206,Tambun Nabolon,,,
1272061007,127206,Naga Pita,,,
1272061008,127206,Pondok Sayur,,,
1272061009,127206,Tanjung Tongah,,,
1272061010,127206,Naga Pitu,,,
1272061011,127206,Tanjung Pinggir,,,
1272071001,127207,Gurilla,,,
1272071002,127207,Bah Kapul,,,
1272071003,127207,Setia Negara,,,
1272071004,127207,Bukit Sofa,,,
1272071005,127207,Bah Sorma,,,
1272081001,127208,Simarimbun,,,
1272081002,127208,Tong Marimbun,,,
1272081003,127208,Naga Huta,,,
1272081004,127208,Naga Huta Timur,,,
1272081005,127208,Pematang Marihat,,,
1272081006,127208,Marihat Jaya,,,
1273011001,127301,Huta Barangan,,,
1273011002,127301,Angin Nauli,,,
1273011003,127301,Huta Tonga-tonga,,,
1273011004,127301,Sibolga Ilir,,,
1273011005,127301,Simare-Mare,,,
1273021001,127302,Kota Baringin,,,
1273021002,127302,Pasar Baru,,,
1273021003,127302,Pasar Belakang,,,
1273021004,127302,Pancuran Gerobak,,,
1273031001,127303,Aek Habil,,,
1273031002,127303,Aek Manis,,,
1273031003,127303,Aek Muara Pinang,,,
1273031004,127303,Aek Parombunan,,,
1273041001,127304,Pancuran Kerambil,,,
1273041002,127304,Pancuran Dewa,,,
1273041003,127304,Pancuran Pinang,,,
1273041004,127304,Pancuran Bambu,,,
1274011001,127401,Tanjung Balai Kota I,,,
1274011002,127401,Tanjung Balai Kota II,,,
1274011003,127401,Perwira,,,
1274011004,127401,Karya,,,
1274011005,127401,Pantai Burung,,,
1274011006,127401,Indra Sakti,,,
1274021001,127402,Tanjung Balai Kota III,,,
1274021002,127402,Tanjung Balai Kota IV,,,
1274021003,127402,Sejahtera,,,
1274021004,127402,Kuala Silo Bestari,,,
1274021005,127402,Matahalasan,,,
1274031001,127403,Keramat Kubah,,,
1274031002,127403,Sumber Sari,,,
1274031003,127403,Muara Sentosa,,,
1274031004,127403,Pasar Baru,,,
1274031005,127403,Sei Raja,,,
1274041001,127404,Sei Merbau,,,
1274041002,127404,Pematang Pasir,,,
1274041003,127404,Perjuangan,,,
1274041004,127404,Kapias Pulau Buaya,,,
1274041005,127404,Beting Kuala Kapias,,,
1274051003,127405,Gading,,,
1274051004,127405,Sirantau,,,
1274051005,127405,Sijambi,,,
1274051006,127405,Pahang,,,
1274051010,127405,Pantai Johor,,,
1274061001,127406,Pulau Simardan,,,
1274061002,127406,Semula Jadi,,,
1274061003,127406,Selat Lancang,,,
1274061004,127406,Bunga Tanjung,,,
1274061005,127406,Selat Tanjung Medan,,,
1275011001,127501,Pahlawan,,,
1275011002,127501,Jati Negara,,,
1275011003,127501,Nangka,,,
1275011004,127501,Damai,,,
1275011005,127501,Kebun Lada,,,
1275011006,127501,Cengkeh Turi,,,
1275011007,127501,Jati Utomo,,,
1275011008,127501,Jati Makmur,,,
1275011009,127501,Jati Karya,,,
1275021001,127502,Berngam,,,
1275021002,127502,Satria,,,
1275021003,127502,Setia,,,
1275021004,127502,Kartini,,,
1275021005,127502,Tangsi,,,
1275021006,127502,Binjai,,,
1275021007,127502,Pekan Binjai,,,
1275031001,127503,Bandar Senembah,,,
1275031002,127503,Limau Mungkur,,,
1275031003,127503,Limau Sundai,,,
1275031004,127503,Paya Roba,,,
1275031005,127503,Suka Maju,,,
1275031006,127503,Sukaramai,,,
1275041001,127504,Tanah Tinggi,,,
1275041002,127504,Dataran Tinggi,,,
1275041003,127504,Timbang Langkat,,,
1275041004,127504,Mencirim,,,
1275041005,127504,Tunggurono,,,
1275041006,127504,Sumber Mulyorejo,,,
1275041007,127504,Sumber Karya,,,
1275051001,127505,Tanah Merah,,,
1275051002,127505,Binjai Estate,,,
1275051003,127505,Bhakti Karya,,,
1275051004,127505,Rambung Dalam,,,
1275051005,127505,Pujidadi,,,
1275051006,127505,Tanah Seribu,,,
1275051007,127505,Rambung Barat,,,
1275051008,127505,Rambung Timur,,,
1276011001,127601,Pabatu,,,
1276011002,127601,Lubuk Baru,,,
1276011006,127601,Persiakan,,,
1276011007,127601,Bandar Sono,,,
1276011010,127601,Tualang,,,
1276011011,127601,Padang Merbau,,,
1276011012,127601,Lubuk Raya,,,
1276021004,127602,Rantau Laban,,,
1276021007,127602,Karya Jaya,,,
1276021009,127602,Lalang,,,
1276021010,127602,Tanjung Marulak,,,
1276021011,127602,Sri Padang,,,
1276021012,127602,Tanjung Marulak Hilir,,,
1276021013,127602,Mekar Sentosa,,,
1276031001,127603,Bagelen,,,
1276031002,127603,Tambangan,,,
1276031004,127603,Tebing Tinggi,,,
1276031006,127603,Satria,,,
1276031007,127603,Damar Sari,,,
1276031008,127603,Tambangan Hulu,,,
1276031009,127603,Deblod Sundoro,,,
1276041001,127604,Durian,,,
1276041002,127604,Pelita,,,
1276041003,127604,Bulian,,,
1276041004,127604,Berohol,,,
1276041005,127604,Bandar Sakti,,,
1276041006,127604,Pinang Mancung,,,
1276041007,127604,Teluk Karang,,,
1276051001,127605,Mandailing,,,
1276051002,127605,Pasar Baru,,,
1276051003,127605,Pasar Gambir,,,
1276051004,127605,Badak Bejuang,,,
1276051005,127605,Bandar Utama,,,
1276051006,127605,Rambung,,,
1276051007,127605,Tebing Tinggi Lama,,,
1277011001,127701,Wek I,,,
1277011002,127701,Wek II,,,
1277011003,127701,Wek III,,,
1277011004,127701,Wek IV,,,
1277011005,127701,Tanobato,,,
1277011006,127701,Tobat,,,
1277011007,127701,Batang Ayumi Jae,,,
1277011008,127701,Batang Ayumi Julu,,,
1277011009,127701,Sadabuan,,,
1277011010,127701,Panyanggar,,,
1277011011,127701,Bonan Dolok,,,
1277011012,127701,Losung Batu.,,,
1277011013,127701,Timbangan,,,
1277011014,127701,Bincar,,,
1277011015,127701,Kantin,,,
1277011016,127701,Kayu Ombun,,,
1277021001,127702,Wek V,,,
1277021002,127702,Wek VI,,,
1277021003,127702,Losung,,,
1277021004,127702,Sitamiang,,,
1277021005,127702,Ujung Padang,,,
1277021006,127702,Aek Tampang,,,
1277021007,127702,Padang Matinggi,,,
1277021008,127702,Silandit,,,
1277021009,127702,Sidangkal,,,
1277021010,127702,Hanopan,,,
1277021011,127702,Padang Matinggi Lestari,,,
1277021012,127702,Sitamiang Baru,,,
1277031001,127703,Batunadua Jae,,,
1277031002,127703,Batunadua Julu,,,
1277032003,127703,Purwodadi,,,
1277032004,127703,Gunung Hasahatan,,,
1277032005,127703,Ujunggurap,,,
1277032006,127703,Aek Tuhul,,,
1277032007,127703,Baruas,,,
1277032008,127703,Siloting,,,
1277032009,127703,Aek Bayur,,,
1277032010,127703,Pudun Jae,,,
1277032011,127703,Pudun Julu,,,
1277032012,127703,Batang Bahal,,,
1277032013,127703,Aek Najaji,,,
1277032014,127703,Simirik,,,
1277032015,127703,Bargottopong,,,
1277041001,127704,Hutaimbaru,,,
1277041002,127704,Lubuk Raya,,,
1277041003,127704,Sabungan Jae,,,
1277041004,127704,Lembah Lubuk Manik,,,
1277041005,127704,Palopat Maria,,,
1277042006,127704,Sabungan Sipabangun,,,
1277042007,127704,Singali,,,
1277042008,127704,Huta Padang,,,
1277042009,127704,Partihaman Saroha,,,
1277042010,127704,Tinjoman Lama,,,
1277051001,127705,Sihitang,,,
1277051002,127705,Pijor Koling,,,
1277052003,127705,Palopat Pijor Koling,,,
1277052004,127705,Salambue,,,
1277052005,127705,Purbatua Pijor Koling,,,
1277052006,127705,Sigulang,,,
1277052007,127705,Manunggang Julu,,,
1277052008,127705,Goti,,,
1277052009,127705,Manegen,,,
1277052010,127705,Huta Koje,,,
1277052011,127705,Hutalimbong,,,
1277052012,127705,Huta Padang,,,
1277052013,127705,Perkebunan Pijor Koling,,,
1277052014,127705,Labuhan Labo,,,
1277052015,127705,Huta Lombang,,,
1277052016,127705,Manunggang Jae,,,
1277052017,127705,Labuhan Rasoki,,,
1277052018,127705,Tarutung Baru,,,
1277062001,127706,Joring Lombang,,,
1277062002,127706,Batu Layan,,,
1277062003,127706,Simasom,,,
1277062004,127706,Pintu Langit Jae,,,
1277062005,127706,Mompang,,,
1277062006,127706,Rimba Soping,,,
1277062007,127706,Simatohir,,,
1277062008,127706,Joring Natobang,,,
1278011030,127801,Pasar Gunungsitoli,,,
1278011031,127801,Saombo,,,
1278011032,127801,Ilir,,,
1278012001,127801,Bawodesolo,,,
1278012002,127801,Boyo,,,
1278012003,127801,Dahadano Gawu-Gawu,,,
1278012004,127801,Dahana Tabaloho,,,
1278012005,127801,Fadoro Lasara,,,
1278012006,127801,Hilihao,,,
1278012007,127801,Hilimbaruzo,,,
1278012008,127801,Hilina'a,,,
1278012009,127801,Iraonogeba,,,
1278012010,127801,Lasara Bahili,,,
1278012011,127801,Lolowonu Niko'otano,,,
1278012012,127801,Madula,,,
1278012013,127801,Madolaoli,,,
1278012014,127801,Mudik,,,
1278012015,127801,Miga,,,
1278012016,127801,Mo'awo,,,
1278012017,127801,Ombolata Ulu,,,
1278012018,127801,Onowaembo,,,
1278012019,127801,Onozitoli Olora,,,
1278012020,127801,Onozitoli Sifaoroasi,,,
1278012021,127801,Saewe,,,
1278012022,127801,Sifalaete Tabaloho,,,
1278012023,127801,Sifalaete Ulu,,,
1278012024,127801,Sihare'o II Tabaloho,,,
1278012025,127801,Simandraolo,,,
1278012026,127801,Sisarahiligamo,,,
1278012027,127801,Sisarahili Sisambualahe,,,
1278012028,127801,Sisobahili Tabaloho,,,
1278012029,127801,Tuhemberua Ulu,,,
1278022001,127802,Ononamolo I Lot,,,
1278022002,127802,Fodo,,,
1278022003,127802,Faekhu,,,
1278022004,127802,Lolofaoso Tabaloho,,,
1278022005,127802,Lolomboli,,,
1278022006,127802,Mazingo Tabaloho,,,
1278022007,127802,Onozitoli Tabaloho,,,
1278022008,127802,Lololakha,,,
1278022009,127802,Sihare'o I Tabaloho,,,
1278022010,127802,Ombolata Simenari,,,
1278022011,127802,Hiligara,,,
1278022012,127802,Luahalaraga,,,
1278022013,127802,Sisobahili II Tanose'o,,,
1278022014,127802,Hiligodu Ombolata,,,
1278022015,127802,Tetehosi Ombolata,,,
1278032001,127803,Afia,,,
1278032002,127803,Lolo'ana'a Lolomoyo,,,
1278032003,127803,Lasara Sowu,,,
1278032004,127803,Telukbelukar,,,
1278032005,127803,Tetehosi Afia,,,
1278032006,127803,Hambawa,,,
1278032007,127803,Gawu-Gawu Bo'uso,,,
1278032008,127803,Olora,,,
1278032009,127803,Hilimbowo Olora,,,
1278032010,127803,Hiligodu Ulu,,,
1278042001,127804,Sifalaete,,,
1278042002,127804,Hilimbawodesolo,,,
1278042003,127804,Dahana,,,
1278042004,127804,Bawodesolo,,,
1278042005,127804,Tuhegeo I,,,
1278042006,127804,Simanaere,,,
1278042007,127804,Humene,,,
1278042008,127804,Siwalubanua II,,,
1278042009,127804,Helefanikha,,,
1278042010,127804,Tetehosi I,,,
1278042011,127804,Fowa,,,
1278042012,127804,Binaka,,,
1278042013,127804,Idanotae,,,
1278042014,127804,Tetehosi II,,,
1278042015,127804,Lolo'ana'a Idanoi,,,
1278042016,127804,Siwalubanua I,,,
1278042017,127804,Hilihambawa,,,
1278042018,127804,Awa'ai,,,
1278042019,127804,Lewuoguru Idanoi,,,
1278042020,127804,Fadoro,,,
1278042021,127804,Hiliweto Idanoi,,,
1278042022,127804,Hilimbowo Idanoi,,,
1278042023,127804,Onowaembo,,,
1278042024,127804,Ombolata,,,
1278042025,127804,Samasi,,,
1278042026,127804,Tuhegeo II,,,
1278052001,127805,Nazalou Alo'oa,,,
1278052002,127805,Niko'otano Dao,,,
1278052003,127805,Iraonolase,,,
1278052004,127805,Orahili Tanose'o,,,
1278052005,127805,Tarakhaini,,,
1278052006,127805,Fadoro Hilimbowo,,,
1278052007,127805,Fadoro You,,,
1278052008,127805,Lololawa,,,
1278052009,127805,Nazalou Lolowua,,,
1278062001,127806,Tumori,,,
1278062002,127806,Tumori Balohili,,,
1278062003,127806,Orahili Tumori,,,
1278062004,127806,Gada,,,
1278062005,127806,Lolomoyo Tuhemberua,,,
1278062006,127806,Sihare'o Siwahili,,,
1278062007,127806,Hilinakhe,,,
1278062008,127806,Onozikho,,,
1278062009,127806,Ononamolo II Lot,,,
